Player Display Name,Player First Name,Player Last Name,Player Primary Position,Session Title,Session Type,Session Day of Week,Session Week Number,Drill Title,Total Time,Total Distance,Distance Per Min,Distance Zone 4 (Absolute),Distance Zone 4 (Relative),Distance Zone 5 (Absolute),Distance Zone 5 (Relative),Distance Zone 6 (Absolute),Distance Zone 6 (Relative),High Speed Running (Absolute),High Speed Running (Relative),HSR Per Minute (Absolute),HSR Per Minute (Relative),Sprint Distance,Sprints,Entries Zone 4 (Absolute),Entries Zone 4 (Relative),Entries Zone 5 (Absolute),Entries Zone 5 (Relative),Entries Zone 6 (Absolute),Entries Zone 6 (Relative),Max Speed,Player Max Speed,Accelerations (Absolute),Accelerations (Relative),Acceleration Impulse,Accelerations Zone 4 (Absolute),Accelerations Zone 4 (Relative),Accelerations Zone 5 (Absolute),Accelerations Zone 5 (Relative),Accelerations Zone 6 (Absolute),Accelerations Zone 6 (Relative),Accelerations Total Distance Zone 4 (Absolute),Accelerations Total Distance Zone 4 (Relative),Accelerations Total Distance Zone 5 (Absolute),Accelerations Total Distance Zone 5 (Relative),Accelerations Total Distance Zone 6 (Absolute),Accelerations Total Distance Zone 6 (Relative),Accelerations Per Min (Absolute),Accelerations Per Min (Relative),Player Max Accel,Max Acceleration,Decelerations (Absolute),Decelerations (Relative),Decelerations Zone 4 (Absolute),Decelerations Zone 4 (Relative),Decelerations Zone 5 (Absolute),Decelerations Zone 5 (Relative),Decelerations Zone 6 (Absolute),Decelerations Zone 6 (Relative),Decelerations Total Distance Zone 4 (Absolute),Decelerations Total Distance Zone 4 (Relative),Decelerations Total Distance Zone 5 (Absolute),Decelerations Total Distance Zone 5 (Relative),Decelerations Total Distance Zone 6 (Absolute),Decelerations Total Distance Zone 6 (Relative),Decels Per Min (Absolute),Decelerations Per Min (Relative),Player Max Decel,Max Deceleration,Average Time Since Last Accel,Average Time Since Last Decel,HML Efforts,Dynamic Load Anterior,Dynamic Load Lateral,Dynamic Load Vertical,Mechanical Load,Total Loading,Time In Heart Rate Zone 5 (Absolute),Time In Heart Rate Zone 5 (Relative),Time In Heart Rate Zone 6 (Absolute),Time In Heart Rate Zone 6 (Relative),Average Heart Rate,Heart Rate Load,Max Heart Rate,Player Max Heart Rate,Step Balance,Fatigue Index,Drill Date,Session Date,Unnamed: 89
Konstantinos Tzolakis,Konstantinos,Tzolakis,Goalkeeper,Team Training,MD-3,Tuesday,36,Team Training,65,3177,48.9,32,32,17,17,7,7,58,60,0.89,0.89,10,0,0,0,0,0,0,0,24.7,27.3,10,10,,5,5,3,3,2,2,,,,,,,0.17,0.17,5.93,4.99,10,10,5,5,3,3,2,2,,,,,,,0.17,0.17,-5.48,-5.16,11.8,12.8,14,88,77,55,220,234,6.5,6.5,1.9,1.9,140,79,186,192,51.6,5.4,9/2/2025,9/2/2025,
Odysseas Vlachodimos,Odysseas,Vlachodimos,Goalkeeper,Team Training,MD-3,Tuesday,36,Team Training,80,4476,55.9,44,44,24,24,11,11,81,85,1.01,1.01,15,1,1,1,0,0,0,0,23.5,27.0,16,16,,8,8,4,4,3,3,,,,,,,0.2,0.2,5.28,5.22,15,15,7,7,4,4,3,3,,,,,,,0.19,0.19,-5.91,-4.62,14.1,17.0,17,144,126,90,359,396,8.0,8.0,2.4,2.4,143,112,190,197,50.0,2.8,9/2/2025,9/2/2025,
Christos Mandas,Christos,Mandas,Goalkeeper,Team Training,MD-3,Tuesday,36,Team Training,88,4376,49.7,39,39,21,21,10,10,71,69,0.8,0.8,15,1,0,0,0,0,0,0,24.2,27.5,15,15,,7,7,4,4,3,3,,,,,,,0.18,0.18,5.89,5.41,16,16,8,8,4,4,3,3,,,,,,,0.18,0.18,-5.55,-4.88,16.6,19.5,21,133,116,83,332,356,8.8,8.8,2.6,2.6,152,109,196,193,50.8,6.7,9/2/2025,9/2/2025,
Giorgos Vagiannidis,Giorgos,Vagiannidis,Full Back,Team Training,MD-3,Tuesday,36,Team Training,80,8865,110.8,369,369,201,201,120,120,671,684,8.39,8.39,172,6,9,9,4,4,2,2,30.5,34.6,30,30,,15,15,9,9,6,6,,,,,,,0.38,0.38,4.96,3.28,29,29,14,14,8,8,5,5,,,,,,,0.36,0.36,-5.81,-4.67,17.7,14.7,39,274,240,171,685,770,8.0,8.0,2.4,2.4,153,222,188,196,50.0,7.8,9/2/2025,9/2/2025,
Kostas Tsimikas,Kostas,Tsimikas,Full Back,Team Training,MD-3,Tuesday,36,Team Training,65,7610,117.1,285,285,155,155,131,131,518,474,7.97,7.97,186,7,7,7,3,3,2,2,31.0,34.2,26,26,,13,13,7,7,5,5,,,,,,,0.41,0.41,6.14,5.14,27,27,13,13,8,8,5,5,,,,,,,0.43,0.43,-5.46,-3.18,15.0,19.2,32,234,205,146,585,623,6.5,6.5,1.9,1.9,149,190,190,196,48.1,2.0,9/2/2025,9/2/2025,
Lazaros Rota,Lazaros,Rota,Full Back,Team Training,MD-3,Tuesday,36,Team Training,65,7279,112.0,262,262,143,143,91,91,477,432,7.33,7.33,130,5,6,6,3,3,1,1,30.1,34.5,24,24,,12,12,7,7,4,4,,,,,,,0.38,0.38,5.63,4.52,22,22,11,11,6,6,4,4,,,,,,,0.34,0.34,-6.35,-5.41,13.0,9.9,34,244,213,152,609,689,6.5,6.5,1.9,1.9,144,182,186,197,50.8,4.0,9/2/2025,9/2/2025,
Ntinos Mavropanos,Ntinos,Mavropanos,Central Defender,Team Training,MD-3,Tuesday,36,Team Training,72,7306,101.5,217,217,118,118,57,57,394,379,5.48,5.48,81,3,5,5,2,2,1,1,28.7,31.9,22,22,,11,11,6,6,4,4,,,,,,,0.31,0.31,6.01,3.32,20,20,10,10,6,6,4,4,,,,,,,0.28,0.28,-5.19,-3.99,14.9,17.7,35,203,178,127,509,573,7.2,7.2,2.2,2.2,141,183,188,194,48.5,8.6,9/2/2025,9/2/2025,
Konstantinos Koulierakis,Konstantinos,Koulierakis,Central Defender,Team Training,MD-3,Tuesday,36,Team Training,72,7027,97.6,169,169,92,92,62,62,308,298,4.27,4.27,88,3,4,4,2,2,1,1,29.1,32.2,21,21,,10,10,6,6,4,4,,,,,,,0.3,0.3,4.79,4.69,21,21,10,10,6,6,4,4,,,,,,,0.3,0.3,-6.36,-3.13,18.7,9.7,35,222,195,139,556,624,7.2,7.2,2.2,2.2,148,176,185,197,48.9,8.2,9/2/2025,9/2/2025,
Pantelis Hatzidiakos,Pantelis,Hatzidiakos,Central Defender,Team Training,MD-3,Tuesday,36,Team Training,72,6735,93.5,174,174,95,95,55,55,316,288,4.39,4.39,78,3,4,4,2,2,1,1,28.4,32.0,23,23,,11,11,7,7,4,4,,,,,,,0.33,0.33,5.21,4.28,24,24,12,12,7,7,4,4,,,,,,,0.34,0.34,-5.15,-4.35,15.7,12.9,27,220,192,137,549,642,7.2,7.2,2.2,2.2,151,168,196,194,51.8,8.2,9/2/2025,9/2/2025,
Panagiotis Retsos,Panagiotis,Retsos,Central Defender,Team Training,MD-3,Tuesday,36,Team Training,72,7564,105.1,191,191,104,104,55,55,347,342,4.82,4.82,78,3,4,4,2,2,1,1,28.8,31.8,28,28,,14,14,8,8,5,5,,,,,,,0.4,0.4,5.47,3.69,28,28,14,14,8,8,5,5,,,,,,,0.39,0.39,-5.09,-3.75,10.2,15.6,34,214,187,134,535,583,7.2,7.2,2.2,2.2,154,189,187,198,51.0,7.1,9/2/2025,9/2/2025,
Giorgos Kiriakopoulos,Giorgos,Kiriakopoulos,Full Back,Team Training,MD-3,Tuesday,36,Team Training,80,8344,104.3,364,364,198,198,112,112,662,627,8.27,8.27,161,5,9,9,4,4,2,2,29.7,34.1,33,33,,16,16,9,9,6,6,,,,,,,0.41,0.41,5.2,3.24,33,33,16,16,10,10,6,6,,,,,,,0.42,0.42,-4.69,-3.06,15.4,19.1,33,266,233,166,666,757,8.0,8.0,2.4,2.4,153,209,189,199,50.4,6.6,9/2/2025,9/2/2025,
Dimitris Kourbelis,Dimitris,Kourbelis,Defensive Midfielder,Team Training,MD-3,Tuesday,36,Team Training,80,9274,115.9,252,252,137,137,76,76,458,458,5.72,5.72,108,3,6,6,3,3,1,1,28.5,32.2,37,37,,18,18,11,11,7,7,,,,,,,0.47,0.47,5.0,5.08,35,35,17,17,10,10,7,7,,,,,,,0.44,0.44,-4.62,-5.0,15.0,8.2,46,273,239,171,682,750,8.0,8.0,2.4,2.4,149,232,194,200,49.2,4.9,9/2/2025,9/2/2025,
Christos Zafeiris,Christos,Zafeiris,Defensive Midfielder,Team Training,MD-3,Tuesday,36,Team Training,80,8490,106.1,194,194,106,106,86,86,353,327,4.42,4.42,122,4,4,4,2,2,1,1,27.9,32.2,30,30,,15,15,9,9,6,6,,,,,,,0.39,0.39,5.01,4.18,32,32,16,16,9,9,6,6,,,,,,,0.4,0.4,-4.75,-4.16,14.7,18.7,37,276,241,172,689,792,8.0,8.0,2.4,2.4,150,212,187,192,50.9,5.8,9/2/2025,9/2/2025,
Manolis Siopis,Manolis,Siopis,Defensive Midfielder,Team Training,MD-3,Tuesday,36,Team Training,72,7694,106.9,174,174,95,95,66,66,316,304,4.39,4.39,94,4,4,4,2,2,1,1,28.1,32.3,23,23,,11,11,7,7,4,4,,,,,,,0.33,0.33,4.56,5.19,22,22,11,11,6,6,4,4,,,,,,,0.31,0.31,-6.15,-5.3,10.7,14.1,33,238,208,149,594,690,7.2,7.2,2.2,2.2,136,192,195,197,49.0,2.4,9/2/2025,9/2/2025,
Christos Mouzakitis,Christos,Mouzakitis,Defensive Midfielder,Team Training,MD-3,Tuesday,36,Team Training,72,8895,123.5,263,263,144,144,72,72,479,501,6.65,6.65,102,4,6,6,3,3,1,1,28.2,32.5,30,30,,15,15,9,9,6,6,,,,,,,0.42,0.42,5.11,4.67,27,27,13,13,8,8,5,5,,,,,,,0.39,0.39,-5.6,-4.33,18.0,16.4,43,278,243,174,695,750,7.2,7.2,2.2,2.2,147,222,186,200,51.8,7.7,9/2/2025,9/2/2025,
Tasos Bakasetas,Tasos,Bakasetas,Offensive Midfielder,Team Training,MD-3,Tuesday,36,Team Training,65,7191,110.6,208,208,113,113,86,86,378,381,5.81,5.81,123,4,5,5,2,2,1,1,30.0,33.7,21,21,,10,10,6,6,4,4,,,,,,,0.34,0.34,5.94,4.54,20,20,10,10,6,6,4,4,,,,,,,0.31,0.31,-5.65,-5.68,12.0,11.1,31,242,212,151,604,681,6.5,6.5,1.9,1.9,147,180,187,196,48.3,7.1,9/2/2025,9/2/2025,
Petros Mantalos,Petros,Mantalos,Offensive Midfielder,Team Training,MD-3,Tuesday,36,Team Training,65,7336,112.9,254,254,138,138,81,81,462,478,7.1,7.1,116,4,6,6,3,3,1,1,29.2,32.8,25,25,,12,12,7,7,5,5,,,,,,,0.39,0.39,5.57,5.15,26,26,13,13,7,7,5,5,,,,,,,0.4,0.4,-5.8,-5.63,9.7,8.3,31,238,208,149,595,694,6.5,6.5,1.9,1.9,152,183,191,198,48.1,4.2,9/2/2025,9/2/2025,
Giannis Konstantelias,Giannis,Konstantelias,Offensive Midfielder,Team Training,MD-3,Tuesday,36,Team Training,65,7009,107.8,258,258,141,141,93,93,469,422,7.21,7.21,133,5,6,6,3,3,1,1,29.4,32.9,22,22,,11,11,6,6,4,4,,,,,,,0.34,0.34,4.72,5.47,22,22,11,11,6,6,4,4,,,,,,,0.34,0.34,-5.47,-5.45,17.9,16.2,34,211,184,132,526,601,6.5,6.5,1.9,1.9,147,175,189,200,48.5,5.6,9/2/2025,9/2/2025,
Dimitris Pelkas,Dimitris,Pelkas,Offensive Midfielder,Team Training,MD-3,Tuesday,36,Team Training,88,10290,116.9,324,324,177,177,107,107,589,616,6.69,6.69,153,6,8,8,3,3,2,2,30.1,33.0,38,38,,19,19,11,11,7,7,,,,,,,0.43,0.43,5.24,4.49,35,35,17,17,10,10,7,7,,,,,,,0.4,0.4,-5.15,-5.51,12.2,18.0,48,316,277,198,790,867,8.8,8.8,2.6,2.6,138,257,191,199,51.7,7.3,9/2/2025,9/2/2025,
Konstantinos Karetsas,Konstantinos,Karetsas,Winger,Team Training,MD-3,Tuesday,36,Team Training,88,8725,99.2,377,377,206,206,169,169,686,693,7.79,7.79,242,8,9,9,4,4,3,3,31.1,34.8,28,28,,14,14,8,8,5,5,,,,,,,0.33,0.33,4.95,4.45,29,29,14,14,8,8,5,5,,,,,,,0.34,0.34,-5.04,-3.93,12.9,9.1,35,283,248,177,708,772,8.8,8.8,2.6,2.6,146,218,193,195,50.2,4.3,9/2/2025,9/2/2025,
Christos Tzolis,Christos,Tzolis,Winger,Team Training,MD-3,Tuesday,36,Team Training,88,10086,114.6,490,490,267,267,225,225,891,891,10.12,10.12,322,12,12,12,5,5,4,4,30.9,35.1,33,33,,16,16,10,10,6,6,,,,,,,0.39,0.39,5.73,3.22,35,35,17,17,10,10,7,7,,,,,,,0.4,0.4,-5.62,-3.71,10.6,9.5,43,319,279,200,798,888,8.8,8.8,2.6,2.6,150,252,191,200,49.4,2.3,9/2/2025,9/2/2025,
Giorgos Masouras,Giorgos,Masouras,Winger,Team Training,MD-3,Tuesday,36,Team Training,80,8134,101.7,388,388,212,212,172,172,705,689,8.82,8.82,245,9,9,9,4,4,3,3,31.2,35.3,26,26,,13,13,7,7,5,5,,,,,,,0.33,0.33,6.17,3.56,26,26,13,13,7,7,5,5,,,,,,,0.33,0.33,-6.44,-5.64,8.3,19.3,33,259,227,162,647,748,8.0,8.0,2.4,2.4,136,203,190,196,50.4,2.9,9/2/2025,9/2/2025,
Vangelis Pavlidis,Vangelis,Pavlidis,Striker,Team Training,MD-3,Tuesday,36,Team Training,65,6049,93.1,256,256,140,140,121,121,466,489,7.17,7.17,174,7,6,6,3,3,2,2,30.8,34.0,20,20,,10,10,6,6,4,4,,,,,,,0.31,0.31,4.93,5.23,20,20,10,10,6,6,4,4,,,,,,,0.31,0.31,-6.18,-3.1,12.8,10.6,27,168,147,105,421,493,6.5,6.5,1.9,1.9,140,151,194,193,49.1,7.9,9/2/2025,9/2/2025,
Fotis Ioannidis,Fotis,Ioannidis,Striker,Team Training,MD-3,Tuesday,36,Team Training,65,6908,106.3,303,303,165,165,127,127,552,550,8.49,8.49,181,6,7,7,3,3,2,2,30.6,34.6,27,27,,13,13,8,8,5,5,,,,,,,0.43,0.43,5.95,5.44,27,27,13,13,8,8,5,5,,,,,,,0.43,0.43,-5.69,-4.37,14.3,18.4,32,207,181,129,517,548,6.5,6.5,1.9,1.9,146,173,195,198,51.9,8.7,9/2/2025,9/2/2025,
Konstantinos Tzolakis,Konstantinos,Tzolakis,Goalkeeper,Team Training,MD-2,Wednesday,36,Team Training,65,2999,46.1,30,30,16,16,5,5,55,51,0.84,0.84,7,0,0,0,0,0,0,0,24.7,26.8,9,9,,4,4,2,2,1,1,,,,,,,0.15,0.15,5.82,4.85,9,9,4,4,2,2,1,1,,,,,,,0.15,0.15,-4.77,-4.9,9.8,9.7,15,90,79,56,224,258,6.5,6.5,1.9,1.9,145,75,194,193,50.4,6.9,9/3/2025,9/3/2025,
Odysseas Vlachodimos,Odysseas,Vlachodimos,Goalkeeper,Team Training,MD-2,Wednesday,36,Team Training,65,2927,45.0,29,29,16,16,6,6,52,49,0.8,0.8,8,0,0,0,0,0,0,0,23.6,27.7,10,10,,5,5,3,3,2,2,,,,,,,0.17,0.17,4.79,4.79,10,10,5,5,3,3,2,2,,,,,,,0.16,0.16,-6.0,-4.9,16.2,12.9,12,92,81,58,231,274,6.5,6.5,1.9,1.9,154,73,188,196,51.6,2.6,9/3/2025,9/3/2025,
Christos Mandas,Christos,Mandas,Goalkeeper,Team Training,MD-2,Wednesday,36,Team Training,80,3135,39.2,28,28,15,15,7,7,50,46,0.63,0.63,9,0,0,0,0,0,0,0,24.6,27.4,12,12,,6,6,3,3,2,2,,,,,,,0.15,0.15,4.55,4.36,11,11,5,5,3,3,2,2,,,,,,,0.14,0.14,-6.24,-3.25,18.4,16.7,14,91,79,57,227,267,8.0,8.0,2.4,2.4,139,78,193,196,49.5,5.8,9/3/2025,9/3/2025,
Giorgos Vagiannidis,Giorgos,Vagiannidis,Full Back,Team Training,MD-2,Wednesday,36,Team Training,88,8627,98.0,363,363,198,198,151,151,659,656,7.49,7.49,215,8,9,9,4,4,3,3,31.3,34.3,26,26,,13,13,8,8,5,5,,,,,,,0.3,0.3,5.76,3.47,27,27,13,13,8,8,5,5,,,,,,,0.32,0.32,-4.66,-5.0,19.7,15.8,40,247,216,155,618,665,8.8,8.8,2.6,2.6,147,216,187,200,51.9,2.2,9/3/2025,9/3/2025,
Kostas Tsimikas,Kostas,Tsimikas,Full Back,Team Training,MD-2,Wednesday,36,Team Training,80,6969,87.1,265,265,144,144,82,82,481,471,6.02,6.02,118,5,6,6,3,3,1,1,31.1,34.2,22,22,,11,11,6,6,4,4,,,,,,,0.28,0.28,5.45,5.43,22,22,11,11,6,6,4,4,,,,,,,0.28,0.28,-5.41,-4.7,17.9,14.3,32,233,204,146,582,670,8.0,8.0,2.4,2.4,141,174,188,198,49.8,4.4,9/3/2025,9/3/2025,
Lazaros Rota,Lazaros,Rota,Full Back,Team Training,MD-2,Wednesday,36,Team Training,65,6319,97.2,235,235,128,128,77,77,427,387,6.57,6.57,110,4,5,5,2,2,1,1,30.4,33.8,24,24,,12,12,7,7,4,4,,,,,,,0.38,0.38,6.13,4.61,24,24,12,12,7,7,4,4,,,,,,,0.38,0.38,-5.58,-3.43,17.0,14.2,27,176,154,110,440,488,6.5,6.5,1.9,1.9,138,158,196,192,48.2,8.8,9/3/2025,9/3/2025,
Ntinos Mavropanos,Ntinos,Mavropanos,Central Defender,Team Training,MD-2,Wednesday,36,Team Training,80,6676,83.4,166,166,91,91,55,55,302,286,3.77,3.77,79,3,4,4,2,2,1,1,29.0,32.1,23,23,,11,11,7,7,4,4,,,,,,,0.3,0.3,5.21,4.32,24,24,12,12,7,7,4,4,,,,,,,0.3,0.3,-5.69,-4.23,13.6,9.7,32,209,183,131,523,595,8.0,8.0,2.4,2.4,144,167,185,200,49.5,2.2,9/3/2025,9/3/2025,
Konstantinos Koulierakis,Konstantinos,Koulierakis,Central Defender,Team Training,MD-2,Wednesday,36,Team Training,72,6182,85.9,154,154,84,84,57,57,280,288,3.89,3.89,82,3,3,3,1,1,1,1,28.4,32.6,19,19,,9,9,5,5,3,3,,,,,,,0.27,0.27,5.46,5.05,19,19,9,9,5,5,3,3,,,,,,,0.27,0.27,-5.67,-4.55,17.0,10.0,27,202,177,126,505,591,7.2,7.2,2.2,2.2,151,155,190,200,49.0,2.4,9/3/2025,9/3/2025,
Pantelis Hatzidiakos,Pantelis,Hatzidiakos,Central Defender,Team Training,MD-2,Wednesday,36,Team Training,80,6938,86.7,160,160,87,87,51,51,292,302,3.64,3.64,72,2,4,4,1,1,1,1,29.3,32.5,25,25,,12,12,7,7,5,5,,,,,,,0.31,0.31,5.43,3.28,25,25,12,12,7,7,5,5,,,,,,,0.32,0.32,-6.42,-5.74,19.7,8.6,33,228,200,143,570,643,8.0,8.0,2.4,2.4,153,173,197,200,51.9,6.6,9/3/2025,9/3/2025,
Panagiotis Retsos,Panagiotis,Retsos,Central Defender,Team Training,MD-2,Wednesday,36,Team Training,65,4825,74.2,111,111,60,60,36,36,201,190,3.1,3.1,51,2,2,2,1,1,0,0,28.6,32.0,19,19,,9,9,5,5,3,3,,,,,,,0.29,0.29,4.78,4.66,19,19,9,9,5,5,3,3,,,,,,,0.3,0.3,-5.67,-3.67,13.3,15.5,24,150,131,94,374,406,6.5,6.5,1.9,1.9,142,121,186,192,49.7,5.9,9/3/2025,9/3/2025,
Giorgos Kiriakopoulos,Giorgos,Kiriakopoulos,Full Back,Team Training,MD-2,Wednesday,36,Team Training,72,6203,86.1,250,250,136,136,91,91,455,432,6.31,6.31,131,4,6,6,3,3,1,1,30.8,33.9,19,19,,9,9,5,5,3,3,,,,,,,0.27,0.27,5.77,3.5,18,18,9,9,5,5,3,3,,,,,,,0.25,0.25,-6.38,-5.42,8.0,12.6,30,203,178,127,508,569,7.2,7.2,2.2,2.2,148,155,193,194,50.0,2.8,9/3/2025,9/3/2025,
Dimitris Kourbelis,Dimitris,Kourbelis,Defensive Midfielder,Team Training,MD-2,Wednesday,36,Team Training,88,8538,97.0,237,237,129,129,67,67,431,449,4.9,4.9,96,3,5,5,2,2,1,1,29.0,31.7,27,27,,13,13,8,8,5,5,,,,,,,0.32,0.32,5.99,5.37,25,25,12,12,7,7,5,5,,,,,,,0.29,0.29,-5.69,-4.61,9.2,16.0,44,246,215,154,615,714,8.8,8.8,2.6,2.6,135,213,185,200,48.7,5.2,9/3/2025,9/3/2025,
Christos Zafeiris,Christos,Zafeiris,Defensive Midfielder,Team Training,MD-2,Wednesday,36,Team Training,72,6955,96.6,184,184,100,100,62,62,334,306,4.64,4.64,89,3,4,4,2,2,1,1,28.9,32.0,23,23,,11,11,7,7,4,4,,,,,,,0.33,0.33,5.26,3.88,22,22,11,11,6,6,4,4,,,,,,,0.31,0.31,-4.8,-4.77,17.2,16.7,26,218,191,136,544,579,7.2,7.2,2.2,2.2,151,174,190,192,49.5,3.9,9/3/2025,9/3/2025,
Manolis Siopis,Manolis,Siopis,Defensive Midfielder,Team Training,MD-2,Wednesday,36,Team Training,80,7160,89.5,203,203,111,111,58,58,368,348,4.61,4.61,83,3,5,5,2,2,1,1,28.1,32.3,21,21,,10,10,6,6,4,4,,,,,,,0.27,0.27,5.69,4.84,20,20,10,10,6,6,4,4,,,,,,,0.25,0.25,-6.02,-4.13,15.4,11.6,36,228,199,142,569,612,8.0,8.0,2.4,2.4,137,179,190,197,50.6,4.8,9/3/2025,9/3/2025,
Christos Mouzakitis,Christos,Mouzakitis,Defensive Midfielder,Team Training,MD-2,Wednesday,36,Team Training,88,8651,98.3,218,218,119,119,85,85,396,371,4.5,4.5,121,4,5,5,2,2,1,1,27.9,32.3,27,27,,13,13,8,8,5,5,,,,,,,0.32,0.32,5.23,4.54,25,25,12,12,7,7,5,5,,,,,,,0.29,0.29,-5.39,-4.05,19.8,15.6,39,243,212,152,607,665,8.8,8.8,2.6,2.6,135,216,192,195,49.2,4.9,9/3/2025,9/3/2025,
Tasos Bakasetas,Tasos,Bakasetas,Offensive Midfielder,Team Training,MD-2,Wednesday,36,Team Training,80,7620,95.2,276,276,151,151,100,100,503,479,6.28,6.28,143,6,6,6,3,3,2,2,30.1,33.2,23,23,,11,11,6,6,4,4,,,,,,,0.29,0.29,5.16,5.25,22,22,11,11,6,6,4,4,,,,,,,0.28,0.28,-5.23,-5.65,12.7,20.0,31,238,209,149,596,658,8.0,8.0,2.4,2.4,149,190,196,192,48.9,5.4,9/3/2025,9/3/2025,
Petros Mantalos,Petros,Mantalos,Offensive Midfielder,Team Training,MD-2,Wednesday,36,Team Training,72,6361,88.4,190,190,104,104,65,65,346,316,4.81,4.81,93,3,4,4,2,2,1,1,29.1,32.8,23,23,,11,11,6,6,4,4,,,,,,,0.32,0.32,6.19,4.64,23,23,11,11,6,6,4,4,,,,,,,0.32,0.32,-5.33,-3.9,17.8,18.5,32,180,157,112,450,477,7.2,7.2,2.2,2.2,141,159,186,197,48.4,2.7,9/3/2025,9/3/2025,
Giannis Konstantelias,Giannis,Konstantelias,Offensive Midfielder,Team Training,MD-2,Wednesday,36,Team Training,88,7618,86.6,227,227,124,124,80,80,413,387,4.7,4.7,114,4,5,5,2,2,1,1,30.4,33.6,30,30,,15,15,9,9,6,6,,,,,,,0.35,0.35,6.17,4.93,29,29,14,14,8,8,5,5,,,,,,,0.34,0.34,-4.76,-3.06,10.2,15.7,34,252,221,158,630,668,8.8,8.8,2.6,2.6,144,190,190,195,48.4,2.3,9/3/2025,9/3/2025,
Dimitris Pelkas,Dimitris,Pelkas,Offensive Midfielder,Team Training,MD-2,Wednesday,36,Team Training,80,7487,93.6,249,249,136,136,91,91,452,431,5.66,5.66,131,4,6,6,3,3,1,1,30.2,33.3,28,28,,14,14,8,8,5,5,,,,,,,0.36,0.36,5.86,5.01,27,27,13,13,8,8,5,5,,,,,,,0.34,0.34,-5.89,-4.02,11.7,16.9,36,226,198,141,566,648,8.0,8.0,2.4,2.4,146,187,193,194,51.4,8.1,9/3/2025,9/3/2025,
Konstantinos Karetsas,Konstantinos,Karetsas,Winger,Team Training,MD-2,Wednesday,36,Team Training,72,6369,88.5,259,259,142,142,123,123,472,442,6.55,6.55,176,6,6,6,3,3,2,2,31.3,35.6,20,20,,10,10,6,6,4,4,,,,,,,0.29,0.29,5.81,4.56,21,21,10,10,6,6,4,4,,,,,,,0.29,0.29,-4.83,-5.28,16.7,19.5,27,187,163,117,467,498,7.2,7.2,2.2,2.2,147,159,185,193,50.4,6.9,9/3/2025,9/3/2025,
Christos Tzolis,Christos,Tzolis,Winger,Team Training,MD-2,Wednesday,36,Team Training,65,5910,90.9,253,253,138,138,108,108,459,445,7.07,7.07,155,5,6,6,3,3,2,2,30.7,35.1,22,22,,11,11,6,6,4,4,,,,,,,0.35,0.35,5.66,4.54,22,22,11,11,6,6,4,4,,,,,,,0.34,0.34,-5.64,-4.0,18.4,11.5,28,178,155,111,444,490,6.5,6.5,1.9,1.9,140,148,191,195,49.9,6.2,9/3/2025,9/3/2025,
Giorgos Masouras,Giorgos,Masouras,Winger,Team Training,MD-2,Wednesday,36,Team Training,65,5254,80.8,219,219,120,120,90,90,399,377,6.14,6.14,128,5,5,5,2,2,1,1,31.8,34.7,17,17,,8,8,5,5,3,3,,,,,,,0.26,0.26,4.8,4.83,15,15,7,7,4,4,3,3,,,,,,,0.24,0.24,-6.37,-5.69,9.4,20.0,24,149,130,93,372,425,6.5,6.5,1.9,1.9,145,131,193,194,48.4,4.9,9/3/2025,9/3/2025,
Vangelis Pavlidis,Vangelis,Pavlidis,Striker,Team Training,MD-2,Wednesday,36,Team Training,65,5733,88.2,198,198,108,108,100,100,360,363,5.53,5.53,143,5,4,4,2,2,1,1,29.8,34.7,20,20,,10,10,6,6,4,4,,,,,,,0.32,0.32,5.81,3.86,18,18,9,9,5,5,3,3,,,,,,,0.29,0.29,-6.34,-4.56,12.8,8.6,28,174,153,109,436,518,6.5,6.5,1.9,1.9,143,143,186,197,51.9,3.2,9/3/2025,9/3/2025,
Fotis Ioannidis,Fotis,Ioannidis,Striker,Team Training,MD-2,Wednesday,36,Team Training,88,8026,91.2,309,309,169,169,134,134,563,560,6.39,6.39,191,6,7,7,3,3,2,2,29.6,34.5,24,24,,12,12,7,7,4,4,,,,,,,0.28,0.28,4.83,5.42,22,22,11,11,6,6,4,4,,,,,,,0.26,0.26,-5.42,-4.74,19.6,18.3,33,230,201,144,575,673,8.8,8.8,2.6,2.6,140,201,196,193,49.5,4.5,9/3/2025,9/3/2025,
Konstantinos Tzolakis,Konstantinos,Tzolakis,Goalkeeper,Team Training,MD-1,Thursday,36,Team Training,65,1873,28.8,17,17,9,9,4,4,31,29,0.48,0.48,5,0,0,0,0,0,0,0,23.5,27.2,5,5,,2,2,1,1,1,1,,,,,,,0.09,0.09,5.67,4.27,5,5,2,2,1,1,1,1,,,,,,,0.09,0.09,-5.2,-5.2,17.1,19.3,7,54,47,33,134,152,6.5,6.5,1.9,1.9,148,47,190,197,49.9,3.3,9/4/2025,9/4/2025,
Odysseas Vlachodimos,Odysseas,Vlachodimos,Goalkeeper,Team Training,MD-1,Thursday,36,Team Training,88,2369,26.9,22,22,12,12,4,4,39,41,0.45,0.45,6,0,0,0,0,0,0,0,24.6,26.7,8,8,,4,4,2,2,1,1,,,,,,,0.1,0.1,4.88,3.83,8,8,4,4,2,2,1,1,,,,,,,0.1,0.1,-5.77,-3.1,16.1,13.0,10,70,61,43,174,193,8.8,8.8,2.6,2.6,150,59,197,192,49.2,3.8,9/4/2025,9/4/2025,
Christos Mandas,Christos,Mandas,Goalkeeper,Team Training,MD-1,Thursday,36,Team Training,88,2507,28.5,21,21,11,11,6,6,38,38,0.43,0.43,9,0,0,0,0,0,0,0,24.8,27.0,8,8,,4,4,2,2,1,1,,,,,,,0.1,0.1,5.61,5.36,8,8,4,4,2,2,1,1,,,,,,,0.1,0.1,-4.52,-5.76,15.4,8.5,10,79,69,49,198,217,8.8,8.8,2.6,2.6,140,63,197,199,50.7,5.8,9/4/2025,9/4/2025,
Giorgos Vagiannidis,Giorgos,Vagiannidis,Full Back,Team Training,MD-1,Thursday,36,Team Training,88,6134,69.7,242,242,132,132,88,88,440,437,5.0,5.0,125,4,6,6,2,2,1,1,30.3,34.2,20,20,,10,10,6,6,4,4,,,,,,,0.23,0.23,5.09,4.13,20,20,10,10,6,6,4,4,,,,,,,0.23,0.23,-6.22,-3.23,15.9,12.8,29,198,174,124,496,523,8.8,8.8,2.6,2.6,144,153,193,197,48.2,3.0,9/4/2025,9/4/2025,
Kostas Tsimikas,Kostas,Tsimikas,Full Back,Team Training,MD-1,Thursday,36,Team Training,80,5599,70.0,206,206,112,112,74,74,375,350,4.68,4.68,105,3,5,5,2,2,1,1,31.4,34.2,20,20,,10,10,6,6,4,4,,,,,,,0.26,0.26,5.76,4.41,19,19,9,9,5,5,3,3,,,,,,,0.24,0.24,-5.2,-4.1,13.2,13.2,27,177,155,111,443,519,8.0,8.0,2.4,2.4,149,140,188,194,49.7,5.0,9/4/2025,9/4/2025,
Lazaros Rota,Lazaros,Rota,Full Back,Team Training,MD-1,Thursday,36,Team Training,65,4059,62.4,178,178,97,97,69,69,323,320,4.97,4.97,98,4,4,4,2,2,1,1,30.6,34.4,14,14,,7,7,4,4,2,2,,,,,,,0.22,0.22,6.16,3.75,14,14,7,7,4,4,2,2,,,,,,,0.22,0.22,-6.27,-5.07,19.2,15.5,20,126,110,79,315,372,6.5,6.5,1.9,1.9,149,101,187,196,48.9,7.4,9/4/2025,9/4/2025,
Ntinos Mavropanos,Ntinos,Mavropanos,Central Defender,Team Training,MD-1,Thursday,36,Team Training,88,5269,59.9,120,120,65,65,40,40,218,228,2.48,2.48,58,2,3,3,1,1,0,0,28.3,31.8,16,16,,8,8,4,4,3,3,,,,,,,0.18,0.18,5.82,3.97,16,16,8,8,4,4,3,3,,,,,,,0.19,0.19,-6.12,-5.13,18.4,11.0,26,162,142,102,406,472,8.8,8.8,2.6,2.6,143,132,186,198,48.5,2.4,9/4/2025,9/4/2025,
Konstantinos Koulierakis,Konstantinos,Koulierakis,Central Defender,Team Training,MD-1,Thursday,36,Team Training,80,4760,59.5,141,141,77,77,47,47,257,241,3.21,3.21,67,3,3,3,1,1,0,0,27.8,32.0,15,15,,7,7,4,4,3,3,,,,,,,0.19,0.19,5.82,3.84,15,15,7,7,4,4,3,3,,,,,,,0.2,0.2,-6.47,-5.1,12.4,17.1,24,134,117,84,335,379,8.0,8.0,2.4,2.4,140,119,188,192,49.6,2.6,9/4/2025,9/4/2025,
Pantelis Hatzidiakos,Pantelis,Hatzidiakos,Central Defender,Team Training,MD-1,Thursday,36,Team Training,65,3813,58.7,86,86,47,47,26,26,156,140,2.39,2.39,38,1,2,2,1,1,0,0,28.9,32.3,11,11,,5,5,3,3,2,2,,,,,,,0.18,0.18,5.81,4.56,11,11,5,5,3,3,2,2,,,,,,,0.17,0.17,-4.72,-5.15,14.3,14.0,15,124,109,78,311,334,6.5,6.5,1.9,1.9,139,95,187,195,48.1,2.3,9/4/2025,9/4/2025,
Panagiotis Retsos,Panagiotis,Retsos,Central Defender,Team Training,MD-1,Thursday,36,Team Training,88,5116,58.1,143,143,78,78,36,36,260,250,2.95,2.95,51,2,3,3,1,1,0,0,29.3,32.6,17,17,,8,8,5,5,3,3,,,,,,,0.19,0.19,4.64,3.21,15,15,7,7,4,4,3,3,,,,,,,0.18,0.18,-4.56,-4.43,13.3,9.0,26,143,125,90,358,392,8.8,8.8,2.6,2.6,147,128,185,192,48.7,3.4,9/4/2025,9/4/2025,
Giorgos Kiriakopoulos,Giorgos,Kiriakopoulos,Full Back,Team Training,MD-1,Thursday,36,Team Training,88,5609,63.7,211,211,115,115,78,78,384,393,4.37,4.37,111,4,5,5,2,2,1,1,29.7,34.6,17,17,,8,8,5,5,3,3,,,,,,,0.2,0.2,5.37,3.42,17,17,8,8,5,5,3,3,,,,,,,0.19,0.19,-4.8,-4.69,15.1,14.1,27,172,150,107,429,506,8.8,8.8,2.6,2.6,150,140,192,193,50.8,3.2,9/4/2025,9/4/2025,
Dimitris Kourbelis,Dimitris,Kourbelis,Defensive Midfielder,Team Training,MD-1,Thursday,36,Team Training,72,4457,61.9,102,102,56,56,32,32,186,181,2.58,2.58,46,2,2,2,1,1,0,0,28.7,31.8,16,16,,8,8,4,4,3,3,,,,,,,0.22,0.22,5.88,5.18,14,14,7,7,4,4,2,2,,,,,,,0.2,0.2,-5.69,-3.3,13.1,19.6,18,137,120,86,342,360,7.2,7.2,2.2,2.2,143,111,195,194,50.2,4.2,9/4/2025,9/4/2025,
Christos Zafeiris,Christos,Zafeiris,Defensive Midfielder,Team Training,MD-1,Thursday,36,Team Training,72,5077,70.5,118,118,64,64,43,43,214,218,2.97,2.97,61,2,2,2,1,1,0,0,29.5,32.5,18,18,,9,9,5,5,3,3,,,,,,,0.26,0.26,5.43,3.41,17,17,8,8,5,5,3,3,,,,,,,0.24,0.24,-5.03,-4.27,17.7,14.2,26,162,142,101,405,467,7.2,7.2,2.2,2.2,138,127,188,199,51.0,4.8,9/4/2025,9/4/2025,
Manolis Siopis,Manolis,Siopis,Defensive Midfielder,Team Training,MD-1,Thursday,36,Team Training,72,4833,67.1,146,146,80,80,46,46,266,271,3.7,3.7,66,2,3,3,1,1,0,0,28.7,32.6,19,19,,9,9,5,5,3,3,,,,,,,0.27,0.27,5.03,4.65,19,19,9,9,5,5,3,3,,,,,,,0.27,0.27,-4.55,-3.82,12.4,12.6,21,149,131,93,373,445,7.2,7.2,2.2,2.2,148,121,185,199,51.2,6.4,9/4/2025,9/4/2025,
Christos Mouzakitis,Christos,Mouzakitis,Defensive Midfielder,Team Training,MD-1,Thursday,36,Team Training,65,4336,66.7,115,115,63,63,39,39,209,203,3.22,3.22,56,2,2,2,1,1,0,0,28.4,32.2,15,15,,7,7,4,4,3,3,,,,,,,0.24,0.24,4.9,4.92,15,15,7,7,4,4,3,3,,,,,,,0.24,0.24,-4.79,-5.42,9.7,13.6,19,130,114,81,325,377,6.5,6.5,1.9,1.9,149,108,187,197,50.1,7.8,9/4/2025,9/4/2025,
Tasos Bakasetas,Tasos,Bakasetas,Offensive Midfielder,Team Training,MD-1,Thursday,36,Team Training,65,4198,64.6,123,123,67,67,57,57,224,222,3.45,3.45,81,3,3,3,1,1,1,1,29.0,32.9,16,16,,8,8,5,5,3,3,,,,,,,0.26,0.26,5.28,3.25,16,16,8,8,4,4,3,3,,,,,,,0.25,0.25,-4.76,-4.52,18.5,18.3,21,134,117,84,335,372,6.5,6.5,1.9,1.9,153,105,187,193,50.0,7.4,9/4/2025,9/4/2025,
Petros Mantalos,Petros,Mantalos,Offensive Midfielder,Team Training,MD-1,Thursday,36,Team Training,65,3703,57.0,136,136,74,74,51,51,247,227,3.8,3.8,73,3,3,3,1,1,1,1,30.5,32.8,11,11,,5,5,3,3,2,2,,,,,,,0.18,0.18,5.32,3.36,12,12,6,6,3,3,2,2,,,,,,,0.19,0.19,-5.94,-5.45,12.1,12.4,16,124,109,78,311,332,6.5,6.5,1.9,1.9,150,93,196,194,50.5,2.5,9/4/2025,9/4/2025,
Giannis Konstantelias,Giannis,Konstantelias,Offensive Midfielder,Team Training,MD-1,Thursday,36,Team Training,88,6076,69.0,171,171,93,93,64,64,312,292,3.54,3.54,92,3,4,4,2,2,1,1,28.8,32.9,22,22,,11,11,6,6,4,4,,,,,,,0.25,0.25,4.8,3.2,20,20,10,10,6,6,4,4,,,,,,,0.23,0.23,-4.72,-5.36,14.1,10.5,23,205,179,128,512,547,8.8,8.8,2.6,2.6,140,152,196,197,49.0,2.8,9/4/2025,9/4/2025,
Dimitris Pelkas,Dimitris,Pelkas,Offensive Midfielder,Team Training,MD-1,Thursday,36,Team Training,65,4133,63.6,151,151,82,82,44,44,275,256,4.23,4.23,63,2,3,3,1,1,0,0,30.0,32.8,13,13,,6,6,4,4,2,2,,,,,,,0.21,0.21,5.74,5.28,13,13,6,6,4,4,2,2,,,,,,,0.21,0.21,-4.76,-3.49,13.6,12.7,17,135,118,84,338,381,6.5,6.5,1.9,1.9,148,103,189,196,51.6,7.5,9/4/2025,9/4/2025,
Konstantinos Karetsas,Konstantinos,Karetsas,Winger,Team Training,MD-1,Thursday,36,Team Training,80,5146,64.3,217,217,118,118,113,113,394,372,4.93,4.93,162,6,5,5,2,2,2,2,31.8,35.0,16,16,,8,8,4,4,3,3,,,,,,,0.2,0.2,5.26,3.82,15,15,7,7,4,4,3,3,,,,,,,0.19,0.19,-6.3,-4.78,11.3,19.9,20,168,147,105,420,495,8.0,8.0,2.4,2.4,152,129,189,198,49.8,4.8,9/4/2025,9/4/2025,
Christos Tzolis,Christos,Tzolis,Winger,Team Training,MD-1,Thursday,36,Team Training,88,4948,56.2,225,225,123,123,89,89,409,371,4.65,4.65,128,4,5,5,2,2,1,1,30.5,35.3,16,16,,8,8,5,5,3,3,,,,,,,0.19,0.19,5.47,3.31,16,16,8,8,4,4,3,3,,,,,,,0.18,0.18,-5.35,-4.95,8.1,17.1,20,153,133,95,381,453,8.8,8.8,2.6,2.6,151,124,192,195,51.4,5.3,9/4/2025,9/4/2025,
Giorgos Masouras,Giorgos,Masouras,Winger,Team Training,MD-1,Thursday,36,Team Training,88,5168,58.7,213,213,116,116,111,111,387,366,4.4,4.4,158,6,5,5,2,2,2,2,32.1,35.2,15,15,,7,7,4,4,3,3,,,,,,,0.18,0.18,4.92,5.17,15,15,7,7,4,4,3,3,,,,,,,0.17,0.17,-4.75,-4.18,14.6,14.0,26,172,151,108,431,483,8.8,8.8,2.6,2.6,142,129,192,195,48.3,7.1,9/4/2025,9/4/2025,
Vangelis Pavlidis,Vangelis,Pavlidis,Striker,Team Training,MD-1,Thursday,36,Team Training,72,3785,52.6,170,170,93,93,57,57,309,298,4.29,4.29,82,3,4,4,2,2,1,1,29.6,34.3,14,14,,7,7,4,4,2,2,,,,,,,0.21,0.21,5.06,4.87,14,14,7,7,4,4,2,2,,,,,,,0.2,0.2,-6.49,-4.73,14.1,9.5,15,105,92,66,262,306,7.2,7.2,2.2,2.2,145,95,195,195,48.1,3.2,9/4/2025,9/4/2025,
Fotis Ioannidis,Fotis,Ioannidis,Striker,Team Training,MD-1,Thursday,36,Team Training,65,4060,62.5,137,137,75,75,57,57,250,259,3.85,3.85,81,3,3,3,1,1,1,1,30.7,34.7,14,14,,7,7,4,4,2,2,,,,,,,0.22,0.22,6.18,4.39,13,13,6,6,4,4,2,2,,,,,,,0.21,0.21,-4.6,-4.06,12.6,10.5,21,116,102,73,291,342,6.5,6.5,1.9,1.9,139,101,196,198,49.1,8.5,9/4/2025,9/4/2025,
Konstantinos Tzolakis,Konstantinos,Tzolakis,Goalkeeper,GRE 5-1 BLR,Match Day,Friday,36,Entire Session,90,4766,53.0,58,58,32,32,24,24,105,108,1.17,1.17,34,1,1,1,0,0,0,0,25.9,27.1,23,23,,11,11,7,7,4,4,,,,,,,0.26,0.26,5.17,3.51,24,24,12,12,7,7,4,4,,,,,,,0.28,0.28,-5.2,-3.48,13.0,15.1,21,149,131,93,373,394,16.2,16.2,5.4,5.4,153,119,187,193,49.7,4.8,9/5/2025,9/5/2025,
Giorgos Vagiannidis,Giorgos,Vagiannidis,Full Back,GRE 5-1 BLR,Match Day,Friday,36,Entire Session,70,8570,122.4,428,428,233,233,255,255,778,812,11.11,11.11,364,11,10,10,5,5,5,5,33.9,34.0,44,44,,22,22,13,13,8,8,,,,,,,0.63,0.63,5.63,5.26,40,40,20,20,12,12,8,8,,,,,,,0.58,0.58,-5.84,-4.79,14.0,13.6,42,257,225,161,643,734,12.6,12.6,4.2,4.2,151,214,188,195,51.8,5.5,9/5/2025,9/5/2025,
Ntinos Mavropanos,Ntinos,Mavropanos,Central Defender,GRE 5-1 BLR,Match Day,Friday,36,Entire Session,90,9533,105.9,340,340,185,185,138,138,618,636,6.86,6.86,197,6,8,8,4,4,2,2,31.0,32.4,41,41,,20,20,12,12,8,8,,,,,,,0.46,0.46,4.62,3.87,43,43,21,21,12,12,8,8,,,,,,,0.48,0.48,-5.72,-5.12,8.6,13.5,42,313,274,195,781,888,16.2,16.2,5.4,5.4,167,238,195,196,49.3,7.3,9/5/2025,9/5/2025,
Konstantinos Koulierakis,Konstantinos,Koulierakis,Central Defender,GRE 5-1 BLR,Match Day,Friday,36,Entire Session,90,9740,108.2,327,327,178,178,150,150,594,545,6.61,6.61,214,6,8,8,3,3,2,2,30.6,31.9,48,48,,24,24,14,14,9,9,,,,,,,0.54,0.54,4.57,4.96,46,46,23,23,13,13,9,9,,,,,,,0.52,0.52,-4.56,-4.99,8.8,19.9,40,298,260,186,744,862,16.2,16.2,5.4,5.4,151,243,189,197,50.8,6.4,9/5/2025,9/5/2025,
Kostas Tsimikas,Kostas,Tsimikas,Full Back,GRE 5-1 BLR,Match Day,Friday,36,Entire Session,90,10311,114.6,624,624,340,340,353,353,1134,1078,12.6,12.6,504,21,15,15,7,7,7,7,32.7,34.0,45,45,,22,22,13,13,9,9,,,,,,,0.51,0.51,6.19,5.36,43,43,21,21,13,13,8,8,,,,,,,0.48,0.48,-5.2,-4.87,15.5,17.7,48,326,285,204,815,948,16.2,16.2,5.4,5.4,150,258,187,194,51.4,2.3,9/5/2025,9/5/2025,
Dimitris Kourbelis,Dimitris,Kourbelis,Defensive Midfielder,GRE 5-1 BLR,Match Day,Friday,36,Entire Session,90,11801,131.1,390,390,212,212,209,209,708,704,7.87,7.87,299,12,9,9,4,4,4,4,30.4,32.3,51,51,,25,25,15,15,10,10,,,,,,,0.57,0.57,5.84,3.61,52,52,26,26,15,15,10,10,,,,,,,0.59,0.59,-5.47,-3.64,11.5,11.2,55,374,327,234,934,1087,16.2,16.2,5.4,5.4,160,295,196,192,50.1,8.3,9/5/2025,9/5/2025,
Christos Zafeiris,Christos,Zafeiris,Defensive Midfielder,GRE 5-1 BLR,Match Day,Friday,36,Entire Session,90,12321,136.9,469,469,256,256,193,193,852,801,9.47,9.47,276,10,11,11,5,5,3,3,30.3,32.1,54,54,,27,27,16,16,10,10,,,,,,,0.6,0.6,6.05,4.92,55,55,27,27,16,16,11,11,,,,,,,0.62,0.62,-6.05,-5.11,8.3,12.1,50,362,317,226,905,1083,16.2,16.2,5.4,5.4,157,308,197,199,49.7,3.5,9/5/2025,9/5/2025,
Konstantinos Karetsas,Konstantinos,Karetsas,Winger,GRE 5-1 BLR,Match Day,Friday,36,Entire Session,90,10442,116.0,718,718,392,392,319,319,1306,1290,14.51,14.51,456,15,17,17,8,8,6,6,34.0,35.1,49,49,,24,24,14,14,9,9,,,,,,,0.55,0.55,5.6,4.71,49,49,24,24,14,14,9,9,,,,,,,0.55,0.55,-4.99,-4.31,18.7,14.7,53,294,258,184,736,803,16.2,16.2,5.4,5.4,162,261,191,196,49.8,3.4,9/5/2025,9/5/2025,
Tasos Bakasetas,Tasos,Bakasetas,Offensive Midfielder,GRE 5-1 BLR,Match Day,Friday,36,Entire Session,90,11193,124.4,463,463,252,252,227,227,842,851,9.35,9.35,324,13,11,11,5,5,4,4,31.7,33.2,56,56,,28,28,16,16,11,11,,,,,,,0.63,0.63,4.89,5.47,58,58,29,29,17,17,11,11,,,,,,,0.65,0.65,-5.01,-5.74,17.9,19.4,55,352,308,220,881,966,16.2,16.2,5.4,5.4,166,280,186,194,51.3,6.8,9/5/2025,9/5/2025,
Christos Tzolis,Christos,Tzolis,Winger,GRE 5-1 BLR,Match Day,Friday,36,Entire Session,62,7381,119.0,499,499,272,272,326,326,907,864,14.63,14.63,466,16,12,12,6,6,6,6,33.4,35.2,38,38,,19,19,11,11,7,7,,,,,,,0.62,0.62,5.16,3.88,36,36,18,18,10,10,7,7,,,,,,,0.59,0.59,-4.84,-3.41,8.3,9.9,38,247,216,154,617,665,11.2,11.2,3.7,3.7,165,185,192,193,51.9,7.8,9/5/2025,9/5/2025,
Vangelis Pavlidis,Vangelis,Pavlidis,Striker,GRE 5-1 BLR,Match Day,Friday,36,Entire Session,90,10328,114.8,634,634,346,346,389,389,1153,1115,12.82,12.82,556,16,15,15,7,7,7,7,33.1,34.2,47,47,,23,23,14,14,9,9,,,,,,,0.52,0.52,5.48,5.41,44,44,22,22,13,13,8,8,,,,,,,0.49,0.49,-6.05,-3.34,19.6,11.5,48,320,280,200,801,949,16.2,16.2,5.4,5.4,156,258,191,195,48.0,4.6,9/5/2025,9/5/2025,
Dimitris Pelkas,Dimitris,Pelkas,Offensive Midfielder,GRE 5-1 BLR,Match Day,Friday,36,Entire Session,45,5139,114.2,269,269,147,147,150,150,489,492,10.87,10.87,214,9,6,6,3,3,2,2,32.6,33.3,23,23,,11,11,7,7,4,4,,,,,,,0.52,0.52,5.73,4.36,23,23,11,11,6,6,4,4,,,,,,,0.51,0.51,-4.88,-4.1,15.6,8.5,21,167,146,104,417,493,8.1,8.1,2.7,2.7,158,128,191,194,51.6,3.4,9/5/2025,9/5/2025,
Lazaros Rota,Lazaros,Rota,Full Back,GRE 5-1 BLR,Match Day,Friday,36,Entire Session,20,2302,115.1,114,114,62,62,56,56,208,192,10.38,10.38,81,2,2,2,1,1,1,1,32.3,34.5,10,10,,5,5,3,3,2,2,,,,,,,0.52,0.52,5.4,4.29,9,9,4,4,2,2,1,1,,,,,,,0.47,0.47,-5.48,-4.42,18.7,10.1,12,69,60,43,171,188,3.6,3.6,1.2,1.2,158,58,186,193,51.8,4.7,9/5/2025,9/5/2025,
Panagiotis Retsos,Panagiotis,Retsos,Central Defender,GRE 5-1 BLR,Match Day,Friday,36,Entire Session,45,4599,102.2,187,187,102,102,78,78,340,313,7.55,7.55,112,3,4,4,2,2,1,1,31.2,32.6,19,19,,9,9,5,5,3,3,,,,,,,0.44,0.44,5.74,3.69,18,18,9,9,5,5,3,3,,,,,,,0.41,0.41,-6.22,-3.33,13.8,11.7,21,141,124,88,354,399,8.1,8.1,2.7,2.7,153,115,190,198,51.1,8.9,9/5/2025,9/5/2025,
Manolis Siopis,Manolis,Siopis,Defensive Midfielder,GRE 5-1 BLR,Match Day,Friday,36,Entire Session,35,4219,120.5,147,147,80,80,61,61,267,271,7.63,7.63,88,3,3,3,1,1,1,1,32.1,32.6,21,21,,10,10,6,6,4,4,,,,,,,0.62,0.62,5.33,3.46,22,22,11,11,6,6,4,4,,,,,,,0.64,0.64,-4.85,-4.25,11.7,19.2,17,139,122,87,348,366,6.3,6.3,2.1,2.1,154,105,185,199,49.1,5.6,9/5/2025,9/5/2025,
Giannis Konstantelias,Giannis,Konstantelias,Offensive Midfielder,GRE 5-1 BLR,Match Day,Friday,36,Entire Session,20,2565,128.3,138,138,75,75,73,73,252,234,12.58,12.58,105,4,3,3,1,1,1,1,32.9,33.2,12,12,,6,6,3,3,2,2,,,,,,,0.63,0.63,4.67,3.87,13,13,6,6,3,3,2,2,,,,,,,0.66,0.66,-5.73,-3.94,15.8,8.9,11,85,74,53,212,251,3.6,3.6,1.2,1.2,151,64,195,200,49.5,3.2,9/5/2025,9/5/2025,
Konstantinos Tzolakis,Konstantinos,Tzolakis,Goalkeeper,Team Training,MD+1 Recovery,Saturday,36,Recovery,25,600,24.0,6,6,3,3,1,1,11,11,0.44,0.44,1,0,0,0,0,0,0,0,23.6,27.1,1,1,,0,0,0,0,0,0,,,,,,,0.07,0.07,5.66,5.24,1,1,0,0,0,0,0,0,,,,,,,0.08,0.08,-5.28,-4.1,17.7,8.6,2,20,18,13,51,56,2.5,2.5,0.8,0.8,139,15,196,198,51.7,3.2,9/6/2025,9/6/2025,
Odysseas Vlachodimos,Odysseas,Vlachodimos,Goalkeeper,Team Training,MD+1 Recovery,Saturday,36,Recovery,45,1079,24.0,10,10,5,5,3,3,17,17,0.39,0.39,4,0,0,0,0,0,0,0,24.0,27.0,3,3,,1,1,1,1,0,0,,,,,,,0.07,0.07,5.37,3.32,3,3,1,1,1,1,0,0,,,,,,,0.08,0.08,-6.46,-4.76,18.2,14.3,4,32,28,20,80,88,4.5,4.5,1.3,1.3,152,27,197,196,48.7,3.2,9/6/2025,9/6/2025,
Christos Mandas,Christos,Mandas,Goalkeeper,Team Training,MD+1 Recovery,Saturday,36,Recovery,45,1214,27.0,9,9,5,5,3,3,17,15,0.37,0.37,4,0,0,0,0,0,0,0,23.8,27.5,4,4,,2,2,1,1,0,0,,,,,,,0.1,0.1,4.87,4.36,4,4,2,2,1,1,0,0,,,,,,,0.09,0.09,-5.04,-3.0,13.3,11.9,6,40,35,25,100,114,4.5,4.5,1.3,1.3,150,30,194,193,50.5,3.0,9/6/2025,9/6/2025,
Giorgos Vagiannidis,Giorgos,Vagiannidis,Full Back,Team Training,MD+1 Recovery,Saturday,36,Recovery,35,1788,51.1,78,78,43,43,29,29,142,134,4.05,4.05,42,1,1,1,0,0,0,0,30.8,33.8,7,7,,3,3,2,2,1,1,,,,,,,0.21,0.21,6.03,5.05,7,7,3,3,2,2,1,1,,,,,,,0.2,0.2,-6.25,-4.74,16.5,9.1,7,56,49,35,141,151,3.5,3.5,1.1,1.1,152,45,197,192,48.2,7.2,9/6/2025,9/6/2025,
Kostas Tsimikas,Kostas,Tsimikas,Full Back,Team Training,MD+1 Recovery,Saturday,36,Recovery,25,1383,55.3,54,54,29,29,16,16,98,92,3.92,3.92,23,1,1,1,0,0,0,0,31.2,34.1,4,4,,2,2,1,1,0,0,,,,,,,0.17,0.17,5.8,3.32,4,4,2,2,1,1,0,0,,,,,,,0.16,0.16,-5.97,-3.32,17.7,17.7,6,44,38,27,110,119,2.5,2.5,0.8,0.8,149,35,193,195,48.6,3.7,9/6/2025,9/6/2025,
Lazaros Rota,Lazaros,Rota,Full Back,Team Training,MD+1 Recovery,Saturday,36,Recovery,45,2235,49.7,84,84,46,46,31,31,153,143,3.41,3.41,44,1,2,2,1,1,0,0,31.0,33.9,7,7,,3,3,2,2,1,1,,,,,,,0.18,0.18,5.41,5.41,7,7,3,3,2,2,1,1,,,,,,,0.17,0.17,-5.39,-3.63,10.5,8.6,9,73,64,46,183,201,4.5,4.5,1.3,1.3,144,56,197,195,50.2,2.1,9/6/2025,9/6/2025,
Ntinos Mavropanos,Ntinos,Mavropanos,Central Defender,Team Training,MD+1 Recovery,Saturday,36,Recovery,45,2179,48.4,57,57,31,31,18,18,104,98,2.32,2.32,25,1,1,1,0,0,0,0,28.1,32.7,6,6,,3,3,2,2,1,1,,,,,,,0.15,0.15,6.02,4.11,6,6,3,3,1,1,1,1,,,,,,,0.14,0.14,-5.79,-4.36,9.1,19.2,9,71,62,44,177,204,4.5,4.5,1.3,1.3,151,54,197,192,50.2,8.4,9/6/2025,9/6/2025,
Konstantinos Koulierakis,Konstantinos,Koulierakis,Central Defender,Team Training,MD+1 Recovery,Saturday,36,Recovery,45,2027,45.1,58,58,32,32,19,19,105,103,2.34,2.34,27,1,1,1,0,0,0,0,28.8,32.4,8,8,,4,4,2,2,1,1,,,,,,,0.18,0.18,4.56,3.42,7,7,3,3,2,2,1,1,,,,,,,0.18,0.18,-6.4,-4.26,18.9,19.1,9,68,59,42,170,201,4.5,4.5,1.3,1.3,135,51,190,195,49.9,4.7,9/6/2025,9/6/2025,
Pantelis Hatzidiakos,Pantelis,Hatzidiakos,Central Defender,Team Training,MD+1 Recovery,Saturday,36,Recovery,45,2074,46.1,55,55,30,30,17,17,100,97,2.22,2.22,25,1,1,1,0,0,0,0,29.4,32.2,7,7,,3,3,2,2,1,1,,,,,,,0.16,0.16,4.61,5.29,6,6,3,3,2,2,1,1,,,,,,,0.16,0.16,-6.26,-3.54,12.0,16.9,8,66,58,42,166,185,4.5,4.5,1.3,1.3,149,52,185,195,50.2,8.6,9/6/2025,9/6/2025,
Panagiotis Retsos,Panagiotis,Retsos,Central Defender,Team Training,MD+1 Recovery,Saturday,36,Recovery,35,1492,42.6,45,45,25,25,12,12,82,82,2.35,2.35,18,1,1,1,0,0,0,0,28.1,32.0,5,5,,2,2,1,1,1,1,,,,,,,0.16,0.16,6.12,4.1,5,5,2,2,1,1,1,1,,,,,,,0.15,0.15,-6.16,-3.04,9.2,14.4,7,44,39,28,110,122,3.5,3.5,1.1,1.1,146,37,186,199,51.3,3.6,9/6/2025,9/6/2025,
Giorgos Kiriakopoulos,Giorgos,Kiriakopoulos,Full Back,Team Training,MD+1 Recovery,Saturday,36,Recovery,25,1279,51.2,43,43,24,24,21,21,79,78,3.14,3.14,29,1,1,1,0,0,0,0,30.3,33.9,4,4,,2,2,1,1,0,0,,,,,,,0.18,0.18,4.54,4.35,4,4,2,2,1,1,0,0,,,,,,,0.17,0.17,-6.01,-3.73,10.2,17.2,6,37,32,23,93,108,2.5,2.5,0.8,0.8,149,32,190,195,49.9,2.6,9/6/2025,9/6/2025,
Dimitris Kourbelis,Dimitris,Kourbelis,Defensive Midfielder,Team Training,MD+1 Recovery,Saturday,36,Recovery,35,2004,57.2,51,51,28,28,18,18,93,93,2.64,2.64,25,1,1,1,0,0,0,0,28.4,32.1,7,7,,3,3,2,2,1,1,,,,,,,0.22,0.22,5.21,3.29,7,7,3,3,2,2,1,1,,,,,,,0.2,0.2,-6.39,-3.39,18.8,15.3,9,58,50,36,144,160,3.5,3.5,1.1,1.1,138,50,192,193,49.8,5.0,9/6/2025,9/6/2025,
Christos Zafeiris,Christos,Zafeiris,Defensive Midfielder,Team Training,MD+1 Recovery,Saturday,36,Recovery,25,1507,60.3,41,41,22,22,13,13,74,69,2.98,2.98,18,1,1,1,0,0,0,0,28.8,32.5,5,5,,2,2,1,1,1,1,,,,,,,0.22,0.22,6.19,3.27,5,5,2,2,1,1,1,1,,,,,,,0.22,0.22,-6.18,-3.59,11.6,16.8,7,49,43,31,122,139,2.5,2.5,0.8,0.8,153,38,195,194,49.5,3.1,9/6/2025,9/6/2025,
Manolis Siopis,Manolis,Siopis,Defensive Midfielder,Team Training,MD+1 Recovery,Saturday,36,Recovery,45,2224,49.4,54,54,30,30,16,16,99,101,2.2,2.2,23,1,1,1,0,0,0,0,29.3,32.6,6,6,,3,3,2,2,1,1,,,,,,,0.15,0.15,4.77,5.02,6,6,3,3,2,2,1,1,,,,,,,0.15,0.15,-5.71,-5.64,12.2,9.2,11,66,58,41,164,187,4.5,4.5,1.3,1.3,152,56,197,199,49.2,8.7,9/6/2025,9/6/2025,
Christos Mouzakitis,Christos,Mouzakitis,Defensive Midfielder,Team Training,MD+1 Recovery,Saturday,36,Recovery,35,1744,49.8,45,45,25,25,13,13,82,85,2.35,2.35,19,1,1,1,0,0,0,0,28.4,32.4,6,6,,3,3,2,2,1,1,,,,,,,0.2,0.2,4.58,5.02,6,6,3,3,1,1,1,1,,,,,,,0.19,0.19,-5.4,-4.15,9.3,10.0,6,51,44,32,127,140,3.5,3.5,1.1,1.1,140,44,194,198,50.0,7.8,9/6/2025,9/6/2025,
Tasos Bakasetas,Tasos,Bakasetas,Offensive Midfielder,Team Training,MD+1 Recovery,Saturday,36,Recovery,45,2170,48.2,69,69,38,38,24,24,126,124,2.8,2.8,34,1,1,1,0,0,0,0,29.5,33.3,7,7,,3,3,2,2,1,1,,,,,,,0.17,0.17,5.74,3.88,7,7,3,3,2,2,1,1,,,,,,,0.17,0.17,-5.98,-4.6,19.8,12.1,10,67,59,42,169,196,4.5,4.5,1.3,1.3,151,54,196,194,49.3,2.9,9/6/2025,9/6/2025,
Petros Mantalos,Petros,Mantalos,Offensive Midfielder,Team Training,MD+1 Recovery,Saturday,36,Recovery,25,1342,53.7,51,51,28,28,19,19,92,84,3.68,3.68,27,1,1,1,0,0,0,0,29.5,33.5,4,4,,2,2,1,1,0,0,,,,,,,0.18,0.18,5.44,5.07,4,4,2,2,1,1,0,0,,,,,,,0.17,0.17,-4.81,-3.23,19.7,8.9,6,39,34,24,97,111,2.5,2.5,0.8,0.8,141,34,191,200,51.0,9.0,9/6/2025,9/6/2025,
Giannis Konstantelias,Giannis,Konstantelias,Offensive Midfielder,Team Training,MD+1 Recovery,Saturday,36,Recovery,25,1241,49.6,36,36,20,20,14,14,66,62,2.63,2.63,20,1,0,0,0,0,0,0,29.6,33.2,4,4,,2,2,1,1,0,0,,,,,,,0.16,0.16,4.57,5.2,3,3,1,1,1,1,0,0,,,,,,,0.14,0.14,-5.72,-5.31,8.9,14.1,6,40,35,25,100,119,2.5,2.5,0.8,0.8,142,31,188,196,50.2,2.3,9/6/2025,9/6/2025,
Dimitris Pelkas,Dimitris,Pelkas,Offensive Midfielder,Team Training,MD+1 Recovery,Saturday,36,Recovery,25,1206,48.2,36,36,20,20,12,12,66,69,2.63,2.63,18,1,0,0,0,0,0,0,29.5,33.5,4,4,,2,2,1,1,0,0,,,,,,,0.2,0.2,6.05,3.39,4,4,2,2,1,1,0,0,,,,,,,0.19,0.19,-6.28,-4.39,12.2,17.9,5,40,35,25,100,119,2.5,2.5,0.8,0.8,149,30,195,200,48.7,6.8,9/6/2025,9/6/2025,
Konstantinos Karetsas,Konstantinos,Karetsas,Winger,Team Training,MD+1 Recovery,Saturday,36,Recovery,25,1401,56.0,54,54,29,29,22,22,98,96,3.9,3.9,32,1,1,1,0,0,0,0,31.9,35.6,4,4,,2,2,1,1,0,0,,,,,,,0.18,0.18,5.95,3.27,4,4,2,2,1,1,0,0,,,,,,,0.17,0.17,-4.68,-3.45,12.0,14.8,5,44,39,28,110,128,2.5,2.5,0.8,0.8,142,35,190,193,48.0,4.3,9/6/2025,9/6/2025,
Christos Tzolis,Christos,Tzolis,Winger,Team Training,MD+1 Recovery,Saturday,36,Recovery,25,1338,53.5,60,60,33,33,24,24,109,111,4.34,4.34,34,1,1,1,0,0,0,0,31.9,34.7,4,4,,2,2,1,1,0,0,,,,,,,0.18,0.18,5.21,3.49,4,4,2,2,1,1,0,0,,,,,,,0.17,0.17,-6.28,-4.0,18.8,17.1,5,42,37,26,104,113,2.5,2.5,0.8,0.8,148,33,186,194,52.0,4.7,9/6/2025,9/6/2025,
Giorgos Masouras,Giorgos,Masouras,Winger,Team Training,MD+1 Recovery,Saturday,36,Recovery,25,1203,48.1,58,58,31,31,21,21,105,104,4.19,4.19,30,1,1,1,0,0,0,0,31.5,35.3,4,4,,2,2,1,1,0,0,,,,,,,0.17,0.17,5.84,5.1,4,4,2,2,1,1,0,0,,,,,,,0.16,0.16,-4.91,-4.62,19.9,18.5,5,34,30,21,85,102,2.5,2.5,0.8,0.8,138,30,188,197,52.0,4.1,9/6/2025,9/6/2025,
Vangelis Pavlidis,Vangelis,Pavlidis,Striker,Team Training,MD+1 Recovery,Saturday,36,Recovery,25,1115,44.6,41,41,22,22,22,22,74,74,2.95,2.95,31,1,1,1,0,0,0,0,29.6,34.5,4,4,,2,2,1,1,0,0,,,,,,,0.18,0.18,5.72,3.96,4,4,2,2,1,1,0,0,,,,,,,0.17,0.17,-5.98,-4.58,12.3,19.8,5,37,32,23,93,103,2.5,2.5,0.8,0.8,154,28,196,194,48.2,8.0,9/6/2025,9/6/2025,
Fotis Ioannidis,Fotis,Ioannidis,Striker,Team Training,MD+1 Recovery,Saturday,36,Recovery,45,1997,44.4,69,69,38,38,28,28,126,123,2.8,2.8,41,2,1,1,0,0,0,0,30.6,34.0,6,6,,3,3,1,1,1,1,,,,,,,0.14,0.14,6.02,4.26,6,6,3,3,1,1,1,1,,,,,,,0.14,0.14,-4.71,-4.19,11.2,12.2,10,56,49,35,141,151,4.5,4.5,1.3,1.3,137,50,195,193,51.7,4.8,9/6/2025,9/6/2025,
Konstantinos Tzolakis,Konstantinos,Tzolakis,Goalkeeper,Team Training,MD-1,Sunday,36,Team Training,78,2373,30.4,22,22,12,12,4,4,40,37,0.52,0.52,6,0,0,0,0,0,0,0,23.5,27.5,7,7,,3,3,2,2,1,1,,,,,,,0.1,0.1,5.41,4.92,7,7,3,3,2,2,1,1,,,,,,,0.09,0.09,-5.68,-5.7,8.3,17.8,10,75,66,47,188,214,7.8,7.8,2.3,2.3,153,59,185,197,48.4,2.0,9/7/2025,9/7/2025,
Odysseas Vlachodimos,Odysseas,Vlachodimos,Goalkeeper,Team Training,MD-1,Sunday,36,Team Training,70,2095,29.9,19,19,10,10,5,5,34,32,0.49,0.49,6,0,0,0,0,0,0,0,23.8,26.7,8,8,,4,4,2,2,1,1,,,,,,,0.12,0.12,5.5,5.45,8,8,4,4,2,2,1,1,,,,,,,0.12,0.12,-4.55,-4.89,11.0,11.5,8,69,61,43,174,183,7.0,7.0,2.1,2.1,146,52,195,199,49.3,2.4,9/7/2025,9/7/2025,
Christos Mandas,Christos,Mandas,Goalkeeper,Team Training,MD-1,Sunday,36,Team Training,78,2202,28.2,16,16,9,9,4,4,30,27,0.38,0.38,6,0,0,0,0,0,0,0,23.8,27.1,7,7,,3,3,2,2,1,1,,,,,,,0.09,0.09,5.27,3.97,7,7,3,3,2,2,1,1,,,,,,,0.09,0.09,-4.96,-3.92,10.7,14.0,8,70,61,44,175,203,7.8,7.8,2.3,2.3,136,55,197,192,51.4,4.3,9/7/2025,9/7/2025,
Giorgos Vagiannidis,Giorgos,Vagiannidis,Full Back,Team Training,MD-1,Sunday,36,Team Training,60,4037,67.3,174,174,95,95,65,65,316,315,5.26,5.26,92,3,4,4,2,2,1,1,30.0,34.3,16,16,,8,8,4,4,3,3,,,,,,,0.27,0.27,4.66,3.51,15,15,7,7,4,4,3,3,,,,,,,0.25,0.25,-5.46,-5.1,9.7,16.6,16,119,104,75,298,327,6.0,6.0,1.8,1.8,146,101,192,197,51.0,3.9,9/7/2025,9/7/2025,
Kostas Tsimikas,Kostas,Tsimikas,Full Back,Team Training,MD-1,Sunday,36,Team Training,78,4548,58.3,163,163,89,89,59,59,297,310,3.81,3.81,84,2,4,4,1,1,1,1,30.8,33.9,14,14,,7,7,4,4,2,2,,,,,,,0.19,0.19,5.57,3.47,14,14,7,7,4,4,2,2,,,,,,,0.18,0.18,-5.35,-3.92,19.3,12.6,18,127,111,79,317,351,7.8,7.8,2.3,2.3,142,114,197,193,51.3,6.2,9/7/2025,9/7/2025,
Lazaros Rota,Lazaros,Rota,Full Back,Team Training,MD-1,Sunday,36,Team Training,70,4838,69.1,210,210,114,114,76,76,381,383,5.45,5.45,108,4,5,5,2,2,1,1,30.3,33.8,17,17,,8,8,5,5,3,3,,,,,,,0.25,0.25,4.91,3.49,16,16,8,8,5,5,3,3,,,,,,,0.24,0.24,-5.95,-4.4,8.7,17.9,21,164,143,102,409,473,7.0,7.0,2.1,2.1,141,121,191,199,51.9,2.3,9/7/2025,9/7/2025,
Ntinos Mavropanos,Ntinos,Mavropanos,Central Defender,Team Training,MD-1,Sunday,36,Team Training,78,4126,52.9,123,123,67,67,32,32,224,211,2.87,2.87,45,1,3,3,1,1,0,0,28.1,32.6,14,14,,7,7,4,4,2,2,,,,,,,0.18,0.18,5.33,4.22,13,13,6,6,4,4,2,2,,,,,,,0.18,0.18,-6.4,-3.76,8.9,10.3,20,123,108,77,308,338,7.8,7.8,2.3,2.3,139,103,186,197,49.1,6.9,9/7/2025,9/7/2025,
Konstantinos Koulierakis,Konstantinos,Koulierakis,Central Defender,Team Training,MD-1,Sunday,36,Team Training,70,4303,61.5,98,98,53,53,34,34,178,164,2.54,2.54,48,2,2,2,1,1,0,0,28.8,31.7,16,16,,8,8,4,4,3,3,,,,,,,0.23,0.23,5.23,4.91,16,16,8,8,5,5,3,3,,,,,,,0.24,0.24,-6.2,-3.66,16.8,15.9,18,125,110,78,314,368,7.0,7.0,2.1,2.1,140,108,195,198,50.0,8.8,9/7/2025,9/7/2025,
Pantelis Hatzidiakos,Pantelis,Hatzidiakos,Central Defender,Team Training,MD-1,Sunday,36,Team Training,70,3604,51.5,87,87,47,47,29,29,158,152,2.26,2.26,41,2,2,2,1,1,0,0,29.1,32.1,12,12,,6,6,3,3,2,2,,,,,,,0.18,0.18,5.07,3.53,11,11,5,5,3,3,2,2,,,,,,,0.17,0.17,-5.16,-3.25,11.7,9.6,16,105,92,65,262,300,7.0,7.0,2.1,2.1,143,90,193,197,49.4,5.6,9/7/2025,9/7/2025,
Panagiotis Retsos,Panagiotis,Retsos,Central Defender,Team Training,MD-1,Sunday,36,Team Training,70,4279,61.1,114,114,62,62,41,41,207,209,2.95,2.95,58,2,2,2,1,1,0,0,29.3,32.5,14,14,,7,7,4,4,2,2,,,,,,,0.21,0.21,5.16,4.97,14,14,7,7,4,4,2,2,,,,,,,0.21,0.21,-4.92,-5.4,15.3,18.3,19,141,124,88,353,408,7.0,7.0,2.1,2.1,153,107,187,196,48.6,8.7,9/7/2025,9/7/2025,
Giorgos Kiriakopoulos,Giorgos,Kiriakopoulos,Full Back,Team Training,MD-1,Sunday,36,Team Training,60,3617,60.3,143,143,78,78,49,49,259,252,4.32,4.32,70,3,3,3,1,1,0,0,31.2,33.9,13,13,,6,6,3,3,2,2,,,,,,,0.22,0.22,4.96,4.42,13,13,6,6,3,3,2,2,,,,,,,0.22,0.22,-5.17,-3.48,14.2,15.4,17,118,103,74,295,339,6.0,6.0,1.8,1.8,137,90,191,200,50.4,6.1,9/7/2025,9/7/2025,
Dimitris Kourbelis,Dimitris,Kourbelis,Defensive Midfielder,Team Training,MD-1,Sunday,36,Team Training,78,4810,61.7,141,141,77,77,42,42,257,240,3.29,3.29,61,2,3,3,1,1,0,0,28.4,32.4,16,16,,8,8,5,5,3,3,,,,,,,0.21,0.21,4.52,3.52,17,17,8,8,5,5,3,3,,,,,,,0.22,0.22,-5.47,-3.98,18.0,10.6,24,136,119,85,339,377,7.8,7.8,2.3,2.3,138,120,188,194,49.7,3.6,9/7/2025,9/7/2025,
Christos Zafeiris,Christos,Zafeiris,Defensive Midfielder,Team Training,MD-1,Sunday,36,Team Training,78,5524,70.8,160,160,87,87,49,49,290,286,3.72,3.72,69,3,3,3,1,1,0,0,28.9,32.4,18,18,,9,9,5,5,3,3,,,,,,,0.24,0.24,5.81,4.16,19,19,9,9,5,5,3,3,,,,,,,0.25,0.25,-6.35,-3.09,16.8,12.7,23,163,142,102,406,463,7.8,7.8,2.3,2.3,152,138,191,194,48.6,3.5,9/7/2025,9/7/2025,
Manolis Siopis,Manolis,Siopis,Defensive Midfielder,Team Training,MD-1,Sunday,36,Team Training,70,4797,68.5,115,115,63,63,41,41,208,199,2.98,2.98,58,2,2,2,1,1,0,0,28.3,32.3,16,16,,8,8,4,4,3,3,,,,,,,0.23,0.23,5.28,5.42,14,14,7,7,4,4,2,2,,,,,,,0.21,0.21,-4.65,-4.01,18.8,18.3,23,142,124,89,355,414,7.0,7.0,2.1,2.1,142,120,192,194,51.0,5.2,9/7/2025,9/7/2025,
Christos Mouzakitis,Christos,Mouzakitis,Defensive Midfielder,Team Training,MD-1,Sunday,36,Team Training,60,3904,65.1,91,91,50,50,29,29,166,173,2.77,2.77,42,2,2,2,1,1,0,0,28.4,32.1,13,13,,6,6,4,4,2,2,,,,,,,0.22,0.22,4.71,4.37,13,13,6,6,4,4,2,2,,,,,,,0.22,0.22,-5.96,-3.38,18.8,11.3,20,124,109,78,310,329,6.0,6.0,1.8,1.8,144,98,195,192,48.1,6.8,9/7/2025,9/7/2025,
Tasos Bakasetas,Tasos,Bakasetas,Offensive Midfielder,Team Training,MD-1,Sunday,36,Team Training,60,3400,56.7,106,106,58,58,36,36,193,195,3.22,3.22,52,2,2,2,1,1,0,0,29.1,33.4,10,10,,5,5,3,3,2,2,,,,,,,0.18,0.18,4.52,3.23,10,10,5,5,3,3,2,2,,,,,,,0.17,0.17,-4.6,-4.37,11.2,13.4,14,100,88,63,250,288,6.0,6.0,1.8,1.8,145,85,185,200,48.3,6.1,9/7/2025,9/7/2025,
Petros Mantalos,Petros,Mantalos,Offensive Midfielder,Team Training,MD-1,Sunday,36,Team Training,78,5169,66.3,151,151,82,82,75,75,274,261,3.51,3.51,107,4,3,3,1,1,1,1,30.0,32.8,17,17,,8,8,5,5,3,3,,,,,,,0.22,0.22,4.76,3.9,18,18,9,9,5,5,3,3,,,,,,,0.23,0.23,-4.66,-3.52,11.4,16.2,25,158,138,99,395,460,7.8,7.8,2.3,2.3,135,129,189,195,50.3,7.6,9/7/2025,9/7/2025,
Giannis Konstantelias,Giannis,Konstantelias,Offensive Midfielder,Team Training,MD-1,Sunday,36,Team Training,70,4316,61.7,142,142,77,77,56,56,258,233,3.69,3.69,81,3,3,3,1,1,1,1,28.9,32.8,16,16,,8,8,5,5,3,3,,,,,,,0.24,0.24,5.96,4.63,16,16,8,8,4,4,3,3,,,,,,,0.23,0.23,-5.78,-5.41,13.0,14.7,20,133,116,83,332,386,7.0,7.0,2.1,2.1,136,108,195,196,50.2,7.0,9/7/2025,9/7/2025,
Dimitris Pelkas,Dimitris,Pelkas,Offensive Midfielder,Team Training,MD-1,Sunday,36,Team Training,60,3873,64.5,142,142,78,78,58,58,259,248,4.32,4.32,83,3,3,3,1,1,1,1,30.0,32.7,11,11,,5,5,3,3,2,2,,,,,,,0.2,0.2,5.37,4.62,11,11,5,5,3,3,2,2,,,,,,,0.19,0.19,-5.7,-4.64,14.6,19.1,15,108,94,67,269,297,6.0,6.0,1.8,1.8,143,97,192,196,49.6,4.3,9/7/2025,9/7/2025,
Konstantinos Karetsas,Konstantinos,Karetsas,Winger,Team Training,MD-1,Sunday,36,Team Training,78,4691,60.1,210,210,115,115,89,89,383,390,4.9,4.9,127,5,5,5,2,2,1,1,30.8,35.2,19,19,,9,9,5,5,3,3,,,,,,,0.24,0.24,4.69,3.58,17,17,8,8,5,5,3,3,,,,,,,0.23,0.23,-5.31,-3.67,17.7,18.8,21,149,130,93,372,420,7.8,7.8,2.3,2.3,135,117,185,197,51.3,7.7,9/7/2025,9/7/2025,
Christos Tzolis,Christos,Tzolis,Winger,Team Training,MD-1,Sunday,36,Team Training,78,4712,60.4,182,182,99,99,96,96,330,311,4.23,4.23,137,6,4,4,2,2,1,1,30.6,35.5,16,16,,8,8,4,4,3,3,,,,,,,0.21,0.21,5.39,5.39,15,15,7,7,4,4,3,3,,,,,,,0.2,0.2,-5.85,-3.09,18.6,10.1,19,156,136,97,390,412,7.8,7.8,2.3,2.3,147,118,187,199,50.5,3.7,9/7/2025,9/7/2025,
Giorgos Masouras,Giorgos,Masouras,Winger,Team Training,MD-1,Sunday,36,Team Training,60,3759,62.7,164,164,90,90,83,83,298,280,4.97,4.97,118,4,4,4,1,1,1,1,31.7,35.6,15,15,,7,7,4,4,3,3,,,,,,,0.25,0.25,5.67,4.1,15,15,7,7,4,4,3,3,,,,,,,0.26,0.26,-6.45,-4.76,11.9,8.2,16,105,92,66,262,301,6.0,6.0,1.8,1.8,142,94,186,196,49.5,8.0,9/7/2025,9/7/2025,
Vangelis Pavlidis,Vangelis,Pavlidis,Striker,Team Training,MD-1,Sunday,36,Team Training,60,3838,64.0,157,157,86,86,77,77,286,297,4.76,4.76,110,4,3,3,1,1,1,1,30.7,33.9,14,14,,7,7,4,4,2,2,,,,,,,0.25,0.25,5.48,3.47,13,13,6,6,4,4,2,2,,,,,,,0.23,0.23,-6.3,-4.4,9.2,13.1,15,128,112,80,320,338,6.0,6.0,1.8,1.8,149,96,191,200,51.4,5.4,9/7/2025,9/7/2025,
Fotis Ioannidis,Fotis,Ioannidis,Striker,Team Training,MD-1,Sunday,36,Team Training,70,4112,58.7,144,144,79,79,72,72,262,264,3.75,3.75,102,3,3,3,1,1,1,1,30.7,34.5,13,13,,6,6,4,4,2,2,,,,,,,0.19,0.19,4.87,3.86,12,12,6,6,3,3,2,2,,,,,,,0.18,0.18,-6.26,-3.85,8.9,9.8,18,131,115,82,327,355,7.0,7.0,2.1,2.1,147,103,192,198,49.7,2.6,9/7/2025,9/7/2025,
Konstantinos Tzolakis,Konstantinos,Tzolakis,Goalkeeper,GRE 0-3 DEN,Match Day,Monday,37,Entire Session,90,5307,59.0,77,77,42,42,20,20,139,134,1.55,1.55,29,1,1,1,0,0,0,0,25.7,26.9,21,21,,10,10,6,6,4,4,,,,,,,0.24,0.24,5.56,4.41,22,22,11,11,6,6,4,4,,,,,,,0.24,0.24,-5.42,-5.35,14.2,16.6,21,163,143,102,408,480,16.2,16.2,5.4,5.4,166,133,197,200,51.2,4.3,9/8/2025,9/8/2025,
Giorgos Vagiannidis,Giorgos,Vagiannidis,Full Back,GRE 0-3 DEN,Match Day,Monday,37,Entire Session,90,11160,124.0,664,664,362,362,385,385,1206,1207,13.41,13.41,550,17,16,16,8,8,7,7,32.5,34.7,58,58,,29,29,17,17,11,11,,,,,,,0.65,0.65,4.82,4.79,54,54,27,27,16,16,10,10,,,,,,,0.6,0.6,-5.13,-4.18,9.4,19.9,58,331,289,207,827,895,16.2,16.2,5.4,5.4,154,279,186,194,51.0,3.2,9/8/2025,9/8/2025,
Ntinos Mavropanos,Ntinos,Mavropanos,Central Defender,GRE 0-3 DEN,Match Day,Monday,37,Entire Session,90,10522,116.9,356,356,194,194,161,161,648,599,7.2,7.2,230,7,8,8,4,4,3,3,30.8,32.0,46,46,,23,23,14,14,9,9,,,,,,,0.52,0.52,5.61,5.41,43,43,21,21,13,13,8,8,,,,,,,0.48,0.48,-5.56,-3.4,8.6,9.0,49,339,297,212,848,956,16.2,16.2,5.4,5.4,166,263,187,196,51.2,5.5,9/8/2025,9/8/2025,
Konstantinos Koulierakis,Konstantinos,Koulierakis,Central Defender,GRE 0-3 DEN,Match Day,Monday,37,Entire Session,90,9078,100.9,310,310,169,169,153,153,564,557,6.27,6.27,218,6,7,7,3,3,3,3,31.7,31.9,38,38,,19,19,11,11,7,7,,,,,,,0.43,0.43,5.6,3.57,37,37,18,18,11,11,7,7,,,,,,,0.41,0.41,-5.66,-5.12,11.0,10.6,39,252,221,158,630,713,16.2,16.2,5.4,5.4,155,227,188,197,51.1,4.1,9/8/2025,9/8/2025,
Kostas Tsimikas,Kostas,Tsimikas,Full Back,GRE 0-3 DEN,Match Day,Monday,37,Entire Session,90,11292,125.5,697,697,380,380,333,333,1268,1200,14.09,14.09,476,20,17,17,8,8,6,6,32.8,34.5,57,57,,28,28,17,17,11,11,,,,,,,0.64,0.64,4.86,3.61,52,52,26,26,15,15,10,10,,,,,,,0.59,0.59,-5.39,-4.05,14.6,8.5,47,331,289,207,826,874,16.2,16.2,5.4,5.4,159,282,192,195,51.1,5.4,9/8/2025,9/8/2025,
Dimitris Kourbelis,Dimitris,Kourbelis,Defensive Midfielder,GRE 0-3 DEN,Match Day,Monday,37,Entire Session,62,8079,130.3,287,287,156,156,111,111,521,501,8.41,8.41,159,5,7,7,3,3,2,2,31.0,31.8,36,36,,18,18,11,11,7,7,,,,,,,0.6,0.6,4.68,4.08,35,35,17,17,10,10,7,7,,,,,,,0.57,0.57,-4.69,-4.23,10.6,9.2,34,230,201,144,574,683,11.2,11.2,3.7,3.7,164,202,185,198,48.1,2.6,9/8/2025,9/8/2025,
Christos Zafeiris,Christos,Zafeiris,Defensive Midfielder,GRE 0-3 DEN,Match Day,Monday,37,Entire Session,90,10986,122.1,387,387,211,211,209,209,703,712,7.81,7.81,299,12,9,9,4,4,4,4,31.7,32.4,44,44,,22,22,13,13,8,8,,,,,,,0.49,0.49,5.0,5.44,40,40,20,20,12,12,8,8,,,,,,,0.45,0.45,-4.94,-5.25,10.8,8.1,48,364,318,227,909,982,16.2,16.2,5.4,5.4,160,275,191,194,49.5,6.4,9/8/2025,9/8/2025,
Konstantinos Karetsas,Konstantinos,Karetsas,Winger,GRE 0-3 DEN,Match Day,Monday,37,Entire Session,90,11321,125.8,691,691,377,377,487,487,1256,1130,13.96,13.96,696,21,17,17,8,8,9,9,34.3,35.5,48,48,,24,24,14,14,9,9,,,,,,,0.54,0.54,4.91,4.67,45,45,22,22,13,13,9,9,,,,,,,0.5,0.5,-6.19,-3.2,10.3,16.5,58,381,334,238,954,1141,16.2,16.2,5.4,5.4,154,283,186,200,50.6,3.7,9/8/2025,9/8/2025,
Tasos Bakasetas,Tasos,Bakasetas,Offensive Midfielder,GRE 0-3 DEN,Match Day,Monday,37,Entire Session,85,10392,122.3,486,486,265,265,276,276,884,895,10.4,10.4,394,16,12,12,5,5,5,5,32.7,33.5,47,47,,23,23,14,14,9,9,,,,,,,0.56,0.56,6.03,3.37,45,45,22,22,13,13,9,9,,,,,,,0.53,0.53,-6.26,-3.45,9.6,12.2,47,316,276,197,789,907,15.3,15.3,5.1,5.1,164,260,192,193,49.5,4.2,9/8/2025,9/8/2025,
Christos Tzolis,Christos,Tzolis,Winger,GRE 0-3 DEN,Match Day,Monday,37,Entire Session,90,10485,116.5,699,699,381,381,419,419,1270,1227,14.11,14.11,599,24,17,17,8,8,8,8,33.7,35.6,48,48,,24,24,14,14,9,9,,,,,,,0.53,0.53,4.79,3.67,44,44,22,22,13,13,8,8,,,,,,,0.49,0.49,-6.08,-3.98,11.4,19.8,50,295,258,185,738,835,16.2,16.2,5.4,5.4,166,262,188,195,49.2,5.0,9/8/2025,9/8/2025,
Vangelis Pavlidis,Vangelis,Pavlidis,Striker,GRE 0-3 DEN,Match Day,Monday,37,Entire Session,90,9500,105.6,508,508,277,277,284,284,923,834,10.25,10.25,405,12,12,12,6,6,5,5,33.3,34.6,48,48,,24,24,14,14,9,9,,,,,,,0.54,0.54,5.34,5.48,49,49,24,24,14,14,9,9,,,,,,,0.55,0.55,-5.21,-4.36,13.9,18.3,45,272,238,170,681,810,16.2,16.2,5.4,5.4,152,238,185,200,49.6,8.4,9/8/2025,9/8/2025,
Dimitris Pelkas,Dimitris,Pelkas,Offensive Midfielder,GRE 0-3 DEN,Match Day,Monday,37,Entire Session,12,1505,125.4,67,67,37,37,42,42,122,125,10.2,10.2,60,2,1,1,0,0,0,0,32.7,33.2,6,6,,3,3,2,2,1,1,,,,,,,0.56,0.56,5.03,5.0,6,6,3,3,1,1,1,1,,,,,,,0.53,0.53,-6.02,-5.13,14.3,19.1,7,49,43,30,122,142,2.2,2.2,0.7,0.7,164,38,187,194,48.7,4.1,9/8/2025,9/8/2025,
Giorgos Masouras,Giorgos,Masouras,Winger,GRE 0-3 DEN,Match Day,Monday,37,Entire Session,20,2530,126.5,168,168,92,92,88,88,305,288,15.26,15.26,126,5,4,4,2,2,1,1,34.6,35.6,10,10,,5,5,3,3,2,2,,,,,,,0.52,0.52,5.75,4.1,10,10,5,5,3,3,2,2,,,,,,,0.5,0.5,-6.08,-3.4,14.5,14.9,10,73,63,45,181,194,3.6,3.6,1.2,1.2,160,63,191,195,51.7,5.8,9/8/2025,9/8/2025,
Christos Mouzakitis,Christos,Mouzakitis,Defensive Midfielder,GRE 0-3 DEN,Match Day,Monday,37,Entire Session,28,3305,118.0,126,126,69,69,47,47,229,215,8.19,8.19,68,3,3,3,1,1,0,0,31.7,32.7,16,16,,8,8,5,5,3,3,,,,,,,0.6,0.6,5.56,4.76,16,16,8,8,5,5,3,3,,,,,,,0.6,0.6,-6.16,-5.15,17.9,10.7,14,94,82,59,235,261,5.0,5.0,1.7,1.7,156,83,189,196,48.7,7.5,9/8/2025,9/8/2025,
Manolis Siopis,Manolis,Siopis,Defensive Midfielder,GRE 0-3 DEN,Match Day,Monday,37,Entire Session,45,5946,132.1,213,213,116,116,108,108,386,393,8.59,8.59,154,6,5,5,2,2,2,2,31.4,32.0,25,25,,12,12,7,7,5,5,,,,,,,0.57,0.57,5.78,5.1,23,23,11,11,6,6,4,4,,,,,,,0.51,0.51,-5.54,-3.23,9.1,9.6,27,200,175,125,500,598,8.1,8.1,2.7,2.7,167,149,190,198,51.9,5.4,9/8/2025,9/8/2025,
Lazaros Rota,Lazaros,Rota,Full Back,GRE 0-3 DEN,Match Day,Monday,37,Entire Session,28,3227,115.3,177,177,97,97,86,86,323,319,11.53,11.53,122,4,4,4,2,2,1,1,34.1,34.0,15,15,,7,7,4,4,3,3,,,,,,,0.55,0.55,4.51,4.95,14,14,7,7,4,4,2,2,,,,,,,0.53,0.53,-5.43,-3.57,18.0,20.0,16,93,82,58,233,254,5.0,5.0,1.7,1.7,164,81,186,195,48.5,8.1,9/8/2025,9/8/2025,
Konstantinos Tzolakis,Konstantinos,Tzolakis,Goalkeeper,Team Training,MD-3,Monday,41,Team Training,72,3693,51.3,31,31,17,17,9,9,56,53,0.78,0.78,13,0,0,0,0,0,0,0,24.2,26.8,12,12,,6,6,3,3,2,2,,,,,,,0.18,0.18,5.03,5.35,12,12,6,6,3,3,2,2,,,,,,,0.18,0.18,-6.33,-4.55,10.3,13.1,18,106,93,67,266,315,7.2,7.2,2.2,2.2,145,92,196,198,48.9,3.7,10/6/2025,10/6/2025,
Odysseas Vlachodimos,Odysseas,Vlachodimos,Goalkeeper,Team Training,MD-3,Monday,41,Team Training,65,3552,54.6,28,28,15,15,6,6,51,51,0.78,0.78,9,0,0,0,0,0,0,0,23.6,27.3,12,12,,6,6,3,3,2,2,,,,,,,0.2,0.2,5.01,4.41,11,11,5,5,3,3,2,2,,,,,,,0.18,0.18,-4.61,-3.82,9.7,18.4,14,99,86,62,247,287,6.5,6.5,1.9,1.9,144,89,191,197,49.9,6.1,10/6/2025,10/6/2025,
Christos Mandas,Christos,Mandas,Goalkeeper,Team Training,MD-3,Monday,41,Team Training,65,3627,55.8,35,35,19,19,9,9,63,57,0.97,0.97,13,0,0,0,0,0,0,0,24.1,27.5,14,14,,7,7,4,4,2,2,,,,,,,0.22,0.22,5.98,5.12,13,13,6,6,4,4,2,2,,,,,,,0.21,0.21,-5.53,-3.54,11.1,13.0,15,120,105,75,300,317,6.5,6.5,1.9,1.9,135,91,190,200,49.8,4.4,10/6/2025,10/6/2025,
Giorgos Vagiannidis,Giorgos,Vagiannidis,Full Back,Team Training,MD-3,Monday,41,Team Training,88,9097,103.4,307,307,168,168,133,133,558,563,6.35,6.35,191,6,7,7,3,3,2,2,30.0,33.8,30,30,,15,15,9,9,6,6,,,,,,,0.35,0.35,4.64,3.86,30,30,15,15,9,9,6,6,,,,,,,0.34,0.34,-5.48,-3.69,8.3,8.7,35,275,241,172,688,801,8.8,8.8,2.6,2.6,140,227,196,194,49.9,4.7,10/6/2025,10/6/2025,
Kostas Tsimikas,Kostas,Tsimikas,Full Back,Team Training,MD-3,Monday,41,Team Training,80,8647,108.1,375,375,204,204,142,142,681,636,8.51,8.51,203,8,9,9,4,4,2,2,30.3,34.1,30,30,,15,15,9,9,6,6,,,,,,,0.38,0.38,5.31,3.54,31,31,15,15,9,9,6,6,,,,,,,0.39,0.39,-5.13,-4.77,8.6,13.6,36,244,214,153,610,654,8.0,8.0,2.4,2.4,153,216,191,199,51.3,4.1,10/6/2025,10/6/2025,
Lazaros Rota,Lazaros,Rota,Full Back,Team Training,MD-3,Monday,41,Team Training,72,7541,104.7,326,326,178,178,102,102,594,565,8.24,8.24,146,5,8,8,3,3,2,2,30.5,33.9,26,26,,13,13,8,8,5,5,,,,,,,0.37,0.37,5.11,3.29,24,24,12,12,7,7,4,4,,,,,,,0.34,0.34,-4.96,-3.58,17.2,15.5,37,252,221,158,631,687,7.2,7.2,2.2,2.2,148,189,186,192,50.4,8.8,10/6/2025,10/6/2025,
Ntinos Mavropanos,Ntinos,Mavropanos,Central Defender,Team Training,MD-3,Monday,41,Team Training,65,6492,99.9,178,178,97,97,50,50,324,296,4.99,4.99,71,3,4,4,2,2,0,0,29.5,31.8,24,24,,12,12,7,7,4,4,,,,,,,0.38,0.38,5.04,3.23,26,26,13,13,7,7,5,5,,,,,,,0.4,0.4,-5.5,-3.21,14.9,10.0,25,198,173,124,495,544,6.5,6.5,1.9,1.9,149,162,192,198,51.3,3.8,10/6/2025,10/6/2025,
Konstantinos Koulierakis,Konstantinos,Koulierakis,Central Defender,Team Training,MD-3,Monday,41,Team Training,80,7089,88.6,209,209,114,114,66,66,380,377,4.75,4.75,95,3,5,5,2,2,1,1,28.5,32.7,26,26,,13,13,8,8,5,5,,,,,,,0.34,0.34,5.76,3.76,24,24,12,12,7,7,4,4,,,,,,,0.31,0.31,-6.01,-5.71,17.6,19.7,30,224,196,140,559,650,8.0,8.0,2.4,2.4,153,177,196,196,51.5,8.5,10/6/2025,10/6/2025,
Pantelis Hatzidiakos,Pantelis,Hatzidiakos,Central Defender,Team Training,MD-3,Monday,41,Team Training,80,8320,104.0,206,206,112,112,81,81,375,365,4.68,4.68,116,3,5,5,2,2,1,1,28.1,32.5,27,27,,13,13,8,8,5,5,,,,,,,0.35,0.35,4.73,3.97,26,26,13,13,7,7,5,5,,,,,,,0.33,0.33,-4.7,-4.02,19.8,18.5,42,233,204,146,584,693,8.0,8.0,2.4,2.4,147,208,188,200,51.0,8.5,10/6/2025,10/6/2025,
Panagiotis Retsos,Panagiotis,Retsos,Central Defender,Team Training,MD-3,Monday,41,Team Training,80,7049,88.1,162,162,88,88,62,62,295,286,3.69,3.69,89,3,4,4,1,1,1,1,29.5,32.2,25,25,,12,12,7,7,5,5,,,,,,,0.31,0.31,5.9,5.35,25,25,12,12,7,7,5,5,,,,,,,0.32,0.32,-4.95,-3.42,17.4,10.0,34,221,194,138,553,610,8.0,8.0,2.4,2.4,148,176,192,194,48.1,4.1,10/6/2025,10/6/2025,
Giorgos Kiriakopoulos,Giorgos,Kiriakopoulos,Full Back,Team Training,MD-3,Monday,41,Team Training,72,7885,109.5,288,288,157,157,126,126,524,486,7.27,7.27,180,7,7,7,3,3,2,2,30.3,34.6,26,26,,13,13,7,7,5,5,,,,,,,0.37,0.37,5.71,4.02,24,24,12,12,7,7,4,4,,,,,,,0.34,0.34,-5.87,-4.74,12.9,18.9,30,255,223,160,638,683,7.2,7.2,2.2,2.2,154,197,191,200,50.3,4.7,10/6/2025,10/6/2025,
Dimitris Kourbelis,Dimitris,Kourbelis,Defensive Midfielder,Team Training,MD-3,Monday,41,Team Training,80,8675,108.4,243,243,132,132,63,63,442,449,5.52,5.52,90,3,6,6,2,2,1,1,28.6,31.8,30,30,,15,15,9,9,6,6,,,,,,,0.38,0.38,5.35,3.25,30,30,15,15,9,9,6,6,,,,,,,0.38,0.38,-6.32,-5.36,13.3,12.5,42,291,254,182,727,855,8.0,8.0,2.4,2.4,146,217,195,198,52.0,4.2,10/6/2025,10/6/2025,
Christos Zafeiris,Christos,Zafeiris,Defensive Midfielder,Team Training,MD-3,Monday,41,Team Training,88,9523,108.2,266,266,145,145,76,76,484,496,5.5,5.5,109,4,6,6,3,3,1,1,27.9,32.2,30,30,,15,15,9,9,6,6,,,,,,,0.35,0.35,5.54,4.6,29,29,14,14,8,8,5,5,,,,,,,0.34,0.34,-4.68,-5.05,17.3,10.6,44,301,263,188,752,797,8.8,8.8,2.6,2.6,138,238,192,193,50.5,3.7,10/6/2025,10/6/2025,
Manolis Siopis,Manolis,Siopis,Defensive Midfielder,Team Training,MD-3,Monday,41,Team Training,80,9719,121.5,226,226,124,124,83,83,412,393,5.15,5.15,118,5,5,5,2,2,1,1,28.5,31.7,39,39,,19,19,11,11,7,7,,,,,,,0.49,0.49,6.05,3.66,37,37,18,18,11,11,7,7,,,,,,,0.47,0.47,-6.18,-3.88,13.7,14.2,38,280,245,175,701,783,8.0,8.0,2.4,2.4,138,243,187,199,49.0,4.3,10/6/2025,10/6/2025,
Christos Mouzakitis,Christos,Mouzakitis,Defensive Midfielder,Team Training,MD-3,Monday,41,Team Training,88,10637,120.9,240,240,131,131,80,80,436,422,4.96,4.96,115,4,6,6,2,2,1,1,28.6,32.2,41,41,,20,20,12,12,8,8,,,,,,,0.48,0.48,5.94,3.53,42,42,21,21,12,12,8,8,,,,,,,0.49,0.49,-5.67,-3.59,12.9,13.2,42,299,262,187,748,830,8.8,8.8,2.6,2.6,135,266,187,192,51.6,4.5,10/6/2025,10/6/2025,
Tasos Bakasetas,Tasos,Bakasetas,Offensive Midfielder,Team Training,MD-3,Monday,41,Team Training,80,8180,102.2,270,270,147,147,109,109,490,477,6.13,6.13,155,6,6,6,3,3,2,2,29.3,33.1,31,31,,15,15,9,9,6,6,,,,,,,0.4,0.4,4.58,3.31,28,28,14,14,8,8,5,5,,,,,,,0.36,0.36,-5.12,-5.28,13.7,11.8,36,248,217,155,620,714,8.0,8.0,2.4,2.4,149,204,190,197,48.5,4.4,10/6/2025,10/6/2025,
Petros Mantalos,Petros,Mantalos,Offensive Midfielder,Team Training,MD-3,Monday,41,Team Training,88,10432,118.5,338,338,185,185,112,112,615,629,6.99,6.99,159,7,8,8,4,4,2,2,29.1,33.1,39,39,,19,19,11,11,7,7,,,,,,,0.45,0.45,5.06,4.29,38,38,19,19,11,11,7,7,,,,,,,0.43,0.43,-5.83,-4.2,18.5,15.2,42,297,260,186,743,815,8.8,8.8,2.6,2.6,138,261,185,196,50.8,3.5,10/6/2025,10/6/2025,
Giannis Konstantelias,Giannis,Konstantelias,Offensive Midfielder,Team Training,MD-3,Monday,41,Team Training,88,8766,99.6,301,301,164,164,105,105,548,530,6.22,6.22,150,5,7,7,3,3,2,2,29.6,33.1,35,35,,17,17,10,10,7,7,,,,,,,0.4,0.4,5.99,3.7,35,35,17,17,10,10,7,7,,,,,,,0.4,0.4,-5.02,-3.47,10.3,12.0,39,245,214,153,613,702,8.8,8.8,2.6,2.6,154,219,186,195,49.1,8.1,10/6/2025,10/6/2025,
Dimitris Pelkas,Dimitris,Pelkas,Offensive Midfielder,Team Training,MD-3,Monday,41,Team Training,88,9797,111.3,305,305,166,166,116,116,554,531,6.29,6.29,166,5,7,7,3,3,2,2,30.1,32.8,35,35,,17,17,10,10,7,7,,,,,,,0.4,0.4,5.9,4.8,32,32,16,16,9,9,6,6,,,,,,,0.36,0.36,-5.82,-4.03,14.0,11.5,49,323,283,202,808,901,8.8,8.8,2.6,2.6,142,245,193,200,48.5,2.1,10/6/2025,10/6/2025,
Konstantinos Karetsas,Konstantinos,Karetsas,Winger,Team Training,MD-3,Monday,41,Team Training,65,6278,96.6,265,265,145,145,140,140,482,502,7.42,7.42,201,8,6,6,3,3,2,2,31.8,35.0,20,20,,10,10,6,6,4,4,,,,,,,0.31,0.31,4.68,4.47,20,20,10,10,6,6,4,4,,,,,,,0.32,0.32,-5.3,-5.61,12.5,17.5,26,176,154,110,440,478,6.5,6.5,1.9,1.9,140,157,185,192,49.7,5.3,10/6/2025,10/6/2025,
Christos Tzolis,Christos,Tzolis,Winger,Team Training,MD-3,Monday,41,Team Training,80,8555,106.9,368,368,201,201,161,161,669,642,8.36,8.36,231,9,9,9,4,4,3,3,30.6,35.0,30,30,,15,15,9,9,6,6,,,,,,,0.38,0.38,4.89,4.87,28,28,14,14,8,8,5,5,,,,,,,0.36,0.36,-6.48,-5.21,10.7,15.7,37,242,212,151,605,713,8.0,8.0,2.4,2.4,142,214,196,197,49.6,7.3,10/6/2025,10/6/2025,
Giorgos Masouras,Giorgos,Masouras,Winger,Team Training,MD-3,Monday,41,Team Training,80,7787,97.3,350,350,191,191,118,118,637,663,7.96,7.96,169,6,8,8,4,4,2,2,31.9,35.6,28,28,,14,14,8,8,5,5,,,,,,,0.35,0.35,4.6,3.59,26,26,13,13,7,7,5,5,,,,,,,0.33,0.33,-5.17,-3.71,8.1,16.3,39,237,208,148,593,684,8.0,8.0,2.4,2.4,137,195,185,195,49.8,7.8,10/6/2025,10/6/2025,
Vangelis Pavlidis,Vangelis,Pavlidis,Striker,Team Training,MD-3,Monday,41,Team Training,80,8804,110.0,384,384,209,209,124,124,698,629,8.72,8.72,177,5,9,9,4,4,2,2,31.2,33.9,33,33,,16,16,10,10,6,6,,,,,,,0.42,0.42,4.9,4.64,35,35,17,17,10,10,7,7,,,,,,,0.44,0.44,-5.26,-4.34,13.9,18.5,39,259,226,162,647,762,8.0,8.0,2.4,2.4,150,220,197,196,50.2,4.2,10/6/2025,10/6/2025,
Fotis Ioannidis,Fotis,Ioannidis,Striker,Team Training,MD-3,Monday,41,Team Training,80,7217,90.2,299,299,163,163,111,111,543,558,6.79,6.79,158,6,7,7,3,3,2,2,30.9,33.9,25,25,,12,12,7,7,5,5,,,,,,,0.32,0.32,5.53,4.9,27,27,13,13,8,8,5,5,,,,,,,0.34,0.34,-6.39,-4.21,16.3,14.2,32,213,186,133,532,593,8.0,8.0,2.4,2.4,154,180,185,194,51.6,6.6,10/6/2025,10/6/2025,
Konstantinos Tzolakis,Konstantinos,Tzolakis,Goalkeeper,Team Training,MD-2,Tuesday,41,Team Training,88,3821,43.4,29,29,16,16,8,8,53,55,0.6,0.6,12,0,0,0,0,0,0,0,24.1,27.2,12,12,,6,6,3,3,2,2,,,,,,,0.14,0.14,5.77,4.99,11,11,5,5,3,3,2,2,,,,,,,0.13,0.13,-4.74,-5.48,19.5,19.8,19,111,97,69,277,318,8.8,8.8,2.6,2.6,140,96,196,200,51.5,5.3,10/7/2025,10/7/2025,
Odysseas Vlachodimos,Odysseas,Vlachodimos,Goalkeeper,Team Training,MD-2,Tuesday,41,Team Training,72,2884,40.1,26,26,14,14,5,5,48,49,0.66,0.66,8,0,0,0,0,0,0,0,23.6,27.7,9,9,,4,4,2,2,1,1,,,,,,,0.14,0.14,5.28,4.19,9,9,4,4,2,2,1,1,,,,,,,0.14,0.14,-4.56,-3.57,10.7,11.8,12,80,70,50,201,211,7.2,7.2,2.2,2.2,153,72,188,197,51.6,6.0,10/7/2025,10/7/2025,
Christos Mandas,Christos,Mandas,Goalkeeper,Team Training,MD-2,Tuesday,41,Team Training,72,3046,42.3,25,25,14,14,6,6,46,47,0.64,0.64,9,0,0,0,0,0,0,0,24.5,27.2,12,12,,6,6,3,3,2,2,,,,,,,0.17,0.17,5.56,3.53,12,12,6,6,3,3,2,2,,,,,,,0.17,0.17,-5.2,-4.83,10.5,16.5,13,93,81,58,231,263,7.2,7.2,2.2,2.2,147,76,195,198,49.4,7.1,10/7/2025,10/7/2025,
Giorgos Vagiannidis,Giorgos,Vagiannidis,Full Back,Team Training,MD-2,Tuesday,41,Team Training,88,8312,94.5,347,347,189,189,130,130,631,637,7.17,7.17,186,7,8,8,4,4,2,2,30.8,34.2,33,33,,16,16,9,9,6,6,,,,,,,0.38,0.38,5.36,4.42,31,31,15,15,9,9,6,6,,,,,,,0.36,0.36,-4.73,-3.92,19.8,9.8,36,251,220,157,628,693,8.8,8.8,2.6,2.6,153,208,189,196,48.2,8.1,10/7/2025,10/7/2025,
Kostas Tsimikas,Kostas,Tsimikas,Full Back,Team Training,MD-2,Tuesday,41,Team Training,80,6924,86.5,310,310,169,169,94,94,564,571,7.05,7.05,134,4,7,7,3,3,1,1,30.7,33.7,23,23,,11,11,6,6,4,4,,,,,,,0.29,0.29,6.16,3.33,24,24,12,12,7,7,4,4,,,,,,,0.3,0.3,-4.88,-5.03,16.4,13.4,32,220,192,137,550,657,8.0,8.0,2.4,2.4,138,173,191,193,49.7,6.7,10/7/2025,10/7/2025,
Lazaros Rota,Lazaros,Rota,Full Back,Team Training,MD-2,Tuesday,41,Team Training,80,7243,90.5,287,287,156,156,95,95,521,516,6.52,6.52,136,4,7,7,3,3,1,1,29.8,34.4,22,22,,11,11,6,6,4,4,,,,,,,0.29,0.29,5.91,5.36,22,22,11,11,6,6,4,4,,,,,,,0.28,0.28,-5.37,-5.76,8.9,19.1,34,214,187,134,535,609,8.0,8.0,2.4,2.4,146,181,197,197,51.6,4.7,10/7/2025,10/7/2025,
Ntinos Mavropanos,Ntinos,Mavropanos,Central Defender,Team Training,MD-2,Tuesday,41,Team Training,72,5728,79.6,144,144,78,78,47,47,262,242,3.63,3.63,67,3,3,3,1,1,0,0,29.3,32.4,18,18,,9,9,5,5,3,3,,,,,,,0.26,0.26,5.36,5.26,18,18,9,9,5,5,3,3,,,,,,,0.26,0.26,-4.73,-3.16,16.4,13.1,28,167,146,104,417,446,7.2,7.2,2.2,2.2,140,143,193,194,51.2,3.7,10/7/2025,10/7/2025,
Konstantinos Koulierakis,Konstantinos,Koulierakis,Central Defender,Team Training,MD-2,Tuesday,41,Team Training,88,7317,83.1,182,182,99,99,69,69,331,340,3.76,3.76,98,4,4,4,2,2,1,1,28.0,31.9,23,23,,11,11,7,7,4,4,,,,,,,0.27,0.27,5.48,4.3,22,22,11,11,6,6,4,4,,,,,,,0.25,0.25,-5.11,-4.37,14.2,16.0,37,234,205,146,584,670,8.8,8.8,2.6,2.6,140,183,196,193,50.9,3.1,10/7/2025,10/7/2025,
Pantelis Hatzidiakos,Pantelis,Hatzidiakos,Central Defender,Team Training,MD-2,Tuesday,41,Team Training,72,6327,87.9,186,186,101,101,63,63,338,308,4.69,4.69,90,3,4,4,2,2,1,1,28.7,31.8,19,19,,9,9,5,5,3,3,,,,,,,0.28,0.28,5.49,5.06,18,18,9,9,5,5,3,3,,,,,,,0.26,0.26,-5.23,-3.15,8.8,10.8,31,200,175,125,501,570,7.2,7.2,2.2,2.2,137,158,195,193,48.7,4.5,10/7/2025,10/7/2025,
Panagiotis Retsos,Panagiotis,Retsos,Central Defender,Team Training,MD-2,Tuesday,41,Team Training,65,5415,83.3,125,125,68,68,39,39,228,224,3.5,3.5,56,2,3,3,1,1,0,0,28.3,32.2,16,16,,8,8,5,5,3,3,,,,,,,0.26,0.26,5.37,3.98,16,16,8,8,5,5,3,3,,,,,,,0.26,0.26,-5.28,-4.68,18.2,8.8,23,166,146,104,416,499,6.5,6.5,1.9,1.9,154,135,194,198,48.1,7.1,10/7/2025,10/7/2025,
Giorgos Kiriakopoulos,Giorgos,Kiriakopoulos,Full Back,Team Training,MD-2,Tuesday,41,Team Training,88,8273,94.0,350,350,191,191,128,128,637,614,7.24,7.24,182,7,8,8,4,4,2,2,30.0,34.5,28,28,,14,14,8,8,5,5,,,,,,,0.32,0.32,5.45,5.07,26,26,13,13,8,8,5,5,,,,,,,0.3,0.3,-5.12,-3.14,12.3,10.8,34,273,239,171,684,750,8.8,8.8,2.6,2.6,151,207,191,197,50.8,3.0,10/7/2025,10/7/2025,
Dimitris Kourbelis,Dimitris,Kourbelis,Defensive Midfielder,Team Training,MD-2,Tuesday,41,Team Training,65,5824,89.6,154,154,84,84,46,46,279,292,4.3,4.3,65,2,3,3,1,1,0,0,28.2,32.2,21,21,,10,10,6,6,4,4,,,,,,,0.33,0.33,5.49,4.19,21,21,10,10,6,6,4,4,,,,,,,0.33,0.33,-4.81,-3.22,17.2,17.2,24,184,161,115,460,551,6.5,6.5,1.9,1.9,143,146,189,195,50.3,5.7,10/7/2025,10/7/2025,
Christos Zafeiris,Christos,Zafeiris,Defensive Midfielder,Team Training,MD-2,Tuesday,41,Team Training,65,5747,88.4,148,148,81,81,52,52,269,253,4.13,4.13,74,2,3,3,1,1,1,1,29.4,31.7,17,17,,8,8,5,5,3,3,,,,,,,0.27,0.27,4.99,4.04,17,17,8,8,5,5,3,3,,,,,,,0.27,0.27,-4.67,-5.71,11.9,17.0,25,171,150,107,429,503,6.5,6.5,1.9,1.9,139,144,188,199,50.8,2.0,10/7/2025,10/7/2025,
Manolis Siopis,Manolis,Siopis,Defensive Midfielder,Team Training,MD-2,Tuesday,41,Team Training,80,7385,92.3,213,213,116,116,73,73,386,363,4.83,4.83,104,3,5,5,2,2,1,1,28.4,32.0,27,27,,13,13,8,8,5,5,,,,,,,0.35,0.35,5.81,3.75,28,28,14,14,8,8,5,5,,,,,,,0.35,0.35,-5.21,-4.54,10.1,16.9,36,237,207,148,592,650,8.0,8.0,2.4,2.4,137,185,195,195,49.3,5.3,10/7/2025,10/7/2025,
Christos Mouzakitis,Christos,Mouzakitis,Defensive Midfielder,Team Training,MD-2,Tuesday,41,Team Training,72,6271,87.1,160,160,87,87,44,44,291,265,4.04,4.04,63,2,4,4,1,1,0,0,28.0,31.7,24,24,,12,12,7,7,4,4,,,,,,,0.34,0.34,5.29,5.33,23,23,11,11,7,7,4,4,,,,,,,0.33,0.33,-6.38,-4.46,13.7,16.0,28,178,155,111,444,523,7.2,7.2,2.2,2.2,140,157,191,200,51.4,2.3,10/7/2025,10/7/2025,
Tasos Bakasetas,Tasos,Bakasetas,Offensive Midfielder,Team Training,MD-2,Tuesday,41,Team Training,65,6080,93.5,215,215,117,117,65,65,392,373,6.02,6.02,93,3,5,5,2,2,1,1,29.4,33.0,21,21,,10,10,6,6,4,4,,,,,,,0.34,0.34,5.0,3.7,19,19,9,9,5,5,3,3,,,,,,,0.31,0.31,-4.74,-3.84,9.8,14.8,28,171,150,107,428,464,6.5,6.5,1.9,1.9,149,152,188,196,51.1,3.5,10/7/2025,10/7/2025,
Petros Mantalos,Petros,Mantalos,Offensive Midfielder,Team Training,MD-2,Tuesday,41,Team Training,80,7187,89.8,247,247,135,135,107,107,449,414,5.61,5.61,152,6,6,6,2,2,2,2,29.8,33.0,28,28,,14,14,8,8,5,5,,,,,,,0.35,0.35,4.73,4.76,25,25,12,12,7,7,5,5,,,,,,,0.32,0.32,-4.61,-5.25,12.3,11.0,34,227,199,142,568,645,8.0,8.0,2.4,2.4,149,180,194,200,50.3,5.7,10/7/2025,10/7/2025,
Giannis Konstantelias,Giannis,Konstantelias,Offensive Midfielder,Team Training,MD-2,Tuesday,41,Team Training,80,7093,88.7,267,267,146,146,79,79,486,457,6.07,6.07,113,5,6,6,3,3,1,1,29.6,33.4,27,27,,13,13,8,8,5,5,,,,,,,0.35,0.35,4.72,5.14,25,25,12,12,7,7,5,5,,,,,,,0.31,0.31,-4.72,-5.13,17.0,11.6,35,233,204,145,582,666,8.0,8.0,2.4,2.4,149,177,188,197,48.9,2.7,10/7/2025,10/7/2025,
Dimitris Pelkas,Dimitris,Pelkas,Offensive Midfielder,Team Training,MD-2,Tuesday,41,Team Training,72,6635,92.2,217,217,118,118,78,78,395,412,5.48,5.48,112,4,5,5,2,2,1,1,28.9,32.8,22,22,,11,11,6,6,4,4,,,,,,,0.32,0.32,5.82,4.82,23,23,11,11,7,7,4,4,,,,,,,0.33,0.33,-4.54,-4.93,8.8,14.4,28,209,183,131,523,616,7.2,7.2,2.2,2.2,140,166,189,199,49.3,4.7,10/7/2025,10/7/2025,
Konstantinos Karetsas,Konstantinos,Karetsas,Winger,Team Training,MD-2,Tuesday,41,Team Training,65,5756,88.6,252,252,138,138,121,121,459,423,7.06,7.06,173,6,6,6,3,3,2,2,30.8,35.0,22,22,,11,11,6,6,4,4,,,,,,,0.34,0.34,5.67,4.5,22,22,11,11,6,6,4,4,,,,,,,0.34,0.34,-4.93,-4.21,11.4,19.4,25,181,159,113,453,496,6.5,6.5,1.9,1.9,138,144,189,197,51.0,3.8,10/7/2025,10/7/2025,
Christos Tzolis,Christos,Tzolis,Winger,Team Training,MD-2,Tuesday,41,Team Training,72,6917,96.1,314,314,171,171,149,149,571,596,7.93,7.93,213,7,7,7,3,3,2,2,31.4,35.7,20,20,,10,10,6,6,4,4,,,,,,,0.29,0.29,4.71,3.62,21,21,10,10,6,6,4,4,,,,,,,0.29,0.29,-5.29,-4.39,19.6,8.2,35,196,171,122,489,540,7.2,7.2,2.2,2.2,146,173,193,198,50.1,4.9,10/7/2025,10/7/2025,
Giorgos Masouras,Giorgos,Masouras,Winger,Team Training,MD-2,Tuesday,41,Team Training,80,7092,88.7,335,335,183,183,124,124,610,611,7.62,7.62,177,6,8,8,4,4,2,2,30.5,35.2,23,23,,11,11,7,7,4,4,,,,,,,0.3,0.3,5.81,3.62,21,21,10,10,6,6,4,4,,,,,,,0.27,0.27,-5.85,-5.76,16.1,16.4,35,206,180,129,515,588,8.0,8.0,2.4,2.4,148,177,185,199,49.8,2.0,10/7/2025,10/7/2025,
Vangelis Pavlidis,Vangelis,Pavlidis,Striker,Team Training,MD-2,Tuesday,41,Team Training,80,6794,84.9,238,238,130,130,129,129,432,406,5.4,5.4,184,6,5,5,2,2,2,2,30.2,33.8,25,25,,12,12,7,7,5,5,,,,,,,0.31,0.31,5.97,4.02,26,26,13,13,7,7,5,5,,,,,,,0.33,0.33,-5.41,-4.52,14.2,17.2,26,226,197,141,564,652,8.0,8.0,2.4,2.4,138,170,193,196,50.8,3.3,10/7/2025,10/7/2025,
Fotis Ioannidis,Fotis,Ioannidis,Striker,Team Training,MD-2,Tuesday,41,Team Training,72,5733,79.6,245,245,133,133,109,109,445,466,6.18,6.18,155,6,6,6,2,2,2,2,30.3,34.5,18,18,,9,9,5,5,3,3,,,,,,,0.26,0.26,4.58,5.22,19,19,9,9,5,5,3,3,,,,,,,0.27,0.27,-6.0,-5.3,14.2,19.0,27,191,167,119,477,552,7.2,7.2,2.2,2.2,152,143,195,198,48.7,2.2,10/7/2025,10/7/2025,
Konstantinos Tzolakis,Konstantinos,Tzolakis,Goalkeeper,Team Training,MD-1,Wednesday,41,Team Training,88,2765,31.4,25,25,14,14,5,5,45,41,0.51,0.51,7,0,0,0,0,0,0,0,24.3,27.5,11,11,,5,5,3,3,2,2,,,,,,,0.13,0.13,5.82,5.12,10,10,5,5,3,3,2,2,,,,,,,0.11,0.11,-4.83,-5.38,18.1,17.0,11,85,74,53,213,253,8.8,8.8,2.6,2.6,142,69,186,194,50.0,8.7,10/8/2025,10/8/2025,
Odysseas Vlachodimos,Odysseas,Vlachodimos,Goalkeeper,Team Training,MD-1,Wednesday,41,Team Training,80,2258,28.2,17,17,9,9,5,5,31,32,0.38,0.38,7,0,0,0,0,0,0,0,23.5,27.0,8,8,,4,4,2,2,1,1,,,,,,,0.1,0.1,5.45,5.07,8,8,4,4,2,2,1,1,,,,,,,0.1,0.1,-4.53,-3.06,19.5,14.8,10,65,57,40,161,188,8.0,8.0,2.4,2.4,137,56,197,194,48.6,3.9,10/8/2025,10/8/2025,
Christos Mandas,Christos,Mandas,Goalkeeper,Team Training,MD-1,Wednesday,41,Team Training,72,1931,26.8,18,18,10,10,3,3,33,34,0.45,0.45,5,0,0,0,0,0,0,0,24.3,27.4,7,7,,3,3,2,2,1,1,,,,,,,0.1,0.1,5.05,5.07,7,7,3,3,2,2,1,1,,,,,,,0.1,0.1,-5.52,-4.33,15.1,15.1,10,55,48,34,136,163,7.2,7.2,2.2,2.2,153,48,195,192,51.9,3.5,10/8/2025,10/8/2025,
Giorgos Vagiannidis,Giorgos,Vagiannidis,Full Back,Team Training,MD-1,Wednesday,41,Team Training,72,4931,68.5,171,171,93,93,77,77,311,291,4.33,4.33,110,5,4,4,2,2,1,1,30.2,34.2,16,16,,8,8,4,4,3,3,,,,,,,0.22,0.22,5.9,5.21,15,15,7,7,4,4,3,3,,,,,,,0.22,0.22,-6.16,-3.6,17.7,13.4,23,141,123,88,352,389,7.2,7.2,2.2,2.2,151,123,194,200,49.5,8.6,10/8/2025,10/8/2025,
Kostas Tsimikas,Kostas,Tsimikas,Full Back,Team Training,MD-1,Wednesday,41,Team Training,72,4756,66.1,191,191,104,104,67,67,348,338,4.83,4.83,95,4,4,4,2,2,1,1,30.4,34.4,18,18,,9,9,5,5,3,3,,,,,,,0.26,0.26,4.93,4.09,18,18,9,9,5,5,3,3,,,,,,,0.26,0.26,-4.75,-3.36,10.3,12.2,20,133,116,83,332,392,7.2,7.2,2.2,2.2,135,119,186,196,51.5,4.2,10/8/2025,10/8/2025,
Lazaros Rota,Lazaros,Rota,Full Back,Team Training,MD-1,Wednesday,41,Team Training,65,4562,70.2,200,200,109,109,69,69,364,377,5.6,5.6,98,4,5,5,2,2,1,1,29.8,33.9,16,16,,8,8,5,5,3,3,,,,,,,0.26,0.26,5.37,4.09,16,16,8,8,4,4,3,3,,,,,,,0.26,0.26,-6.02,-3.53,9.9,18.0,18,143,125,90,358,397,6.5,6.5,1.9,1.9,137,114,194,197,51.6,3.6,10/8/2025,10/8/2025,
Ntinos Mavropanos,Ntinos,Mavropanos,Central Defender,Team Training,MD-1,Wednesday,41,Team Training,65,3439,52.9,81,81,44,44,23,23,147,150,2.26,2.26,34,1,2,2,0,0,0,0,29.2,31.8,11,11,,5,5,3,3,2,2,,,,,,,0.17,0.17,5.77,4.8,10,10,5,5,3,3,2,2,,,,,,,0.16,0.16,-5.53,-4.63,17.9,13.7,13,100,87,62,249,299,6.5,6.5,1.9,1.9,138,86,187,200,50.5,7.1,10/8/2025,10/8/2025,
Konstantinos Koulierakis,Konstantinos,Koulierakis,Central Defender,Team Training,MD-1,Wednesday,41,Team Training,65,3460,53.2,94,94,51,51,35,35,171,172,2.63,2.63,50,2,2,2,1,1,0,0,28.7,31.8,12,12,,6,6,3,3,2,2,,,,,,,0.19,0.19,5.12,4.18,12,12,6,6,3,3,2,2,,,,,,,0.19,0.19,-5.74,-4.44,10.7,18.3,17,96,84,60,240,266,6.5,6.5,1.9,1.9,154,87,197,199,50.1,6.2,10/8/2025,10/8/2025,
Pantelis Hatzidiakos,Pantelis,Hatzidiakos,Central Defender,Team Training,MD-1,Wednesday,41,Team Training,72,3701,51.4,105,105,57,57,35,35,191,180,2.65,2.65,50,2,2,2,1,1,0,0,28.3,32.6,14,14,,7,7,4,4,2,2,,,,,,,0.2,0.2,4.53,5.31,13,13,6,6,3,3,2,2,,,,,,,0.18,0.18,-6.3,-4.46,17.9,8.3,14,122,107,76,305,366,7.2,7.2,2.2,2.2,152,93,193,200,51.0,3.0,10/8/2025,10/8/2025,
Panagiotis Retsos,Panagiotis,Retsos,Central Defender,Team Training,MD-1,Wednesday,41,Team Training,80,4454,55.7,105,105,57,57,38,38,191,173,2.39,2.39,55,2,2,2,1,1,0,0,28.6,32.1,17,17,,8,8,5,5,3,3,,,,,,,0.22,0.22,5.2,4.45,15,15,7,7,4,4,3,3,,,,,,,0.2,0.2,-6.25,-4.21,17.5,16.2,18,124,108,77,309,345,8.0,8.0,2.4,2.4,149,111,195,194,51.8,4.9,10/8/2025,10/8/2025,
Giorgos Kiriakopoulos,Giorgos,Kiriakopoulos,Full Back,Team Training,MD-1,Wednesday,41,Team Training,65,3824,58.8,161,161,88,88,55,55,293,265,4.51,4.51,79,3,4,4,1,1,1,1,30.1,34.2,13,13,,6,6,4,4,2,2,,,,,,,0.21,0.21,5.55,3.28,13,13,6,6,3,3,2,2,,,,,,,0.2,0.2,-5.36,-4.41,9.3,9.1,15,117,103,73,293,350,6.5,6.5,1.9,1.9,153,96,189,193,49.3,3.6,10/8/2025,10/8/2025,
Dimitris Kourbelis,Dimitris,Kourbelis,Defensive Midfielder,Team Training,MD-1,Wednesday,41,Team Training,80,5083,63.5,127,127,69,69,41,41,231,224,2.88,2.88,58,2,3,3,1,1,0,0,28.3,32.2,15,15,,7,7,4,4,3,3,,,,,,,0.19,0.19,5.25,3.87,14,14,7,7,4,4,2,2,,,,,,,0.18,0.18,-5.24,-3.8,15.4,18.3,26,166,145,103,414,442,8.0,8.0,2.4,2.4,142,127,194,198,51.7,7.9,10/8/2025,10/8/2025,
Christos Zafeiris,Christos,Zafeiris,Defensive Midfielder,Team Training,MD-1,Wednesday,41,Team Training,65,4003,61.6,100,100,54,54,28,28,182,190,2.79,2.79,40,1,2,2,1,1,0,0,29.3,32.1,13,13,,6,6,4,4,2,2,,,,,,,0.21,0.21,5.93,4.57,14,14,7,7,4,4,2,2,,,,,,,0.22,0.22,-5.32,-4.58,13.3,11.5,16,119,104,75,298,315,6.5,6.5,1.9,1.9,152,100,190,200,51.7,3.3,10/8/2025,10/8/2025,
Manolis Siopis,Manolis,Siopis,Defensive Midfielder,Team Training,MD-1,Wednesday,41,Team Training,88,6346,72.1,174,174,95,95,47,47,317,329,3.6,3.6,67,2,4,4,2,2,0,0,29.2,32.7,24,24,,12,12,7,7,4,4,,,,,,,0.27,0.27,6.09,4.26,23,23,11,11,7,7,4,4,,,,,,,0.27,0.27,-6.49,-4.04,14.5,19.7,30,188,164,117,469,541,8.8,8.8,2.6,2.6,139,159,187,198,50.6,4.5,10/8/2025,10/8/2025,
Christos Mouzakitis,Christos,Mouzakitis,Defensive Midfielder,Team Training,MD-1,Wednesday,41,Team Training,88,6189,70.3,158,158,86,86,50,50,287,292,3.26,3.26,71,3,3,3,1,1,0,0,29.3,32.5,23,23,,11,11,7,7,4,4,,,,,,,0.27,0.27,6.19,5.05,23,23,11,11,7,7,4,4,,,,,,,0.27,0.27,-5.88,-4.35,14.8,16.0,26,189,166,118,473,561,8.8,8.8,2.6,2.6,150,155,195,194,48.1,2.8,10/8/2025,10/8/2025,
Tasos Bakasetas,Tasos,Bakasetas,Offensive Midfielder,Team Training,MD-1,Wednesday,41,Team Training,88,5676,64.5,195,195,106,106,81,81,354,341,4.02,4.02,115,4,4,4,2,2,1,1,29.5,33.4,18,18,,9,9,5,5,3,3,,,,,,,0.21,0.21,5.94,4.88,18,18,9,9,5,5,3,3,,,,,,,0.21,0.21,-6.14,-3.09,19.7,12.3,24,191,167,119,477,559,8.8,8.8,2.6,2.6,147,142,189,199,48.2,8.7,10/8/2025,10/8/2025,
Petros Mantalos,Petros,Mantalos,Offensive Midfielder,Team Training,MD-1,Wednesday,41,Team Training,65,3818,58.7,127,127,69,69,45,45,231,239,3.55,3.55,65,2,3,3,1,1,0,0,30.1,33.0,15,15,,7,7,4,4,3,3,,,,,,,0.23,0.23,5.82,3.54,14,14,7,7,4,4,2,2,,,,,,,0.22,0.22,-5.35,-4.48,18.4,10.0,15,109,96,68,273,288,6.5,6.5,1.9,1.9,148,95,192,195,48.7,3.3,10/8/2025,10/8/2025,
Giannis Konstantelias,Giannis,Konstantelias,Offensive Midfielder,Team Training,MD-1,Wednesday,41,Team Training,80,5322,66.5,168,168,92,92,73,73,306,293,3.82,3.82,104,3,4,4,2,2,1,1,29.1,33.6,20,20,,10,10,6,6,4,4,,,,,,,0.26,0.26,5.26,3.24,19,19,9,9,5,5,3,3,,,,,,,0.24,0.24,-5.4,-5.23,18.8,18.0,23,174,152,109,436,516,8.0,8.0,2.4,2.4,150,133,189,199,48.7,6.6,10/8/2025,10/8/2025,
Dimitris Pelkas,Dimitris,Pelkas,Offensive Midfielder,Team Training,MD-1,Wednesday,41,Team Training,72,4808,66.8,167,167,91,91,72,72,304,281,4.22,4.22,103,3,4,4,2,2,1,1,29.6,33.0,16,16,,8,8,5,5,3,3,,,,,,,0.23,0.23,5.55,5.35,15,15,7,7,4,4,3,3,,,,,,,0.21,0.21,-6.08,-4.6,12.1,12.8,19,150,131,94,376,416,7.2,7.2,2.2,2.2,144,120,188,196,49.3,3.1,10/8/2025,10/8/2025,
Konstantinos Karetsas,Konstantinos,Karetsas,Winger,Team Training,MD-1,Wednesday,41,Team Training,80,4480,56.0,226,226,124,124,71,71,412,392,5.15,5.15,102,3,5,5,2,2,1,1,31.5,34.9,17,17,,8,8,5,5,3,3,,,,,,,0.22,0.22,5.74,4.61,17,17,8,8,5,5,3,3,,,,,,,0.22,0.22,-5.81,-3.75,18.3,16.9,21,130,114,81,325,387,8.0,8.0,2.4,2.4,154,112,197,193,51.1,4.2,10/8/2025,10/8/2025,
Christos Tzolis,Christos,Tzolis,Winger,Team Training,MD-1,Wednesday,41,Team Training,72,4311,59.9,166,166,91,91,81,81,302,304,4.2,4.2,116,4,4,4,2,2,1,1,32.1,35.6,13,13,,6,6,4,4,2,2,,,,,,,0.19,0.19,4.75,4.02,13,13,6,6,4,4,2,2,,,,,,,0.19,0.19,-5.02,-4.81,8.8,19.8,19,136,119,85,339,386,7.2,7.2,2.2,2.2,141,108,192,194,48.7,7.4,10/8/2025,10/8/2025,
Giorgos Masouras,Giorgos,Masouras,Winger,Team Training,MD-1,Wednesday,41,Team Training,88,5785,65.7,237,237,129,129,99,99,431,409,4.89,4.89,142,6,5,5,2,2,1,1,31.5,35.1,21,21,,10,10,6,6,4,4,,,,,,,0.24,0.24,5.53,3.91,21,21,10,10,6,6,4,4,,,,,,,0.25,0.25,-6.12,-4.25,14.7,16.5,26,161,141,101,403,427,8.8,8.8,2.6,2.6,138,145,189,194,51.1,4.5,10/8/2025,10/8/2025,
Vangelis Pavlidis,Vangelis,Pavlidis,Striker,Team Training,MD-1,Wednesday,41,Team Training,80,4826,60.3,186,186,102,102,93,93,339,316,4.24,4.24,134,4,4,4,2,2,1,1,30.0,34.2,16,16,,8,8,5,5,3,3,,,,,,,0.21,0.21,4.55,3.73,16,16,8,8,4,4,3,3,,,,,,,0.2,0.2,-6.17,-3.28,19.9,14.2,19,150,131,94,374,415,8.0,8.0,2.4,2.4,140,121,194,199,48.8,8.7,10/8/2025,10/8/2025,
Fotis Ioannidis,Fotis,Ioannidis,Striker,Team Training,MD-1,Wednesday,41,Team Training,80,4977,62.2,168,168,91,91,97,97,305,276,3.81,3.81,139,6,4,4,2,2,1,1,31.4,34.6,15,15,,7,7,4,4,3,3,,,,,,,0.2,0.2,5.07,5.27,15,15,7,7,4,4,3,3,,,,,,,0.2,0.2,-4.5,-5.21,12.1,19.2,21,152,133,95,381,436,8.0,8.0,2.4,2.4,153,124,192,200,49.5,8.9,10/8/2025,10/8/2025,
Konstantinos Tzolakis,Konstantinos,Tzolakis,Goalkeeper,SCO 3-1 GRE,Match Day,Thursday,41,Entire Session,90,4767,53.0,67,67,36,36,17,17,121,111,1.35,1.35,24,1,1,1,0,0,0,0,25.6,27.3,23,23,,11,11,7,7,4,4,,,,,,,0.26,0.26,5.27,4.17,23,23,11,11,6,6,4,4,,,,,,,0.26,0.26,-6.36,-4.43,13.7,10.2,19,157,137,98,393,434,16.2,16.2,5.4,5.4,166,119,187,195,51.7,4.1,10/9/2025,10/9/2025,
Kostas Tsimikas,Kostas,Tsimikas,Full Back,SCO 3-1 GRE,Match Day,Thursday,41,Entire Session,70,7964,113.8,495,495,270,270,264,264,901,904,12.87,12.87,376,14,12,12,6,6,5,5,32.6,34.3,32,32,,16,16,9,9,6,6,,,,,,,0.47,0.47,5.86,3.34,32,32,16,16,9,9,6,6,,,,,,,0.47,0.47,-5.62,-5.19,15.3,9.7,31,264,231,165,659,764,12.6,12.6,4.2,4.2,167,199,193,193,49.7,5.6,10/9/2025,10/9/2025,
Vangelis Pavlidis,Vangelis,Pavlidis,Striker,SCO 3-1 GRE,Match Day,Thursday,41,Entire Session,62,7077,114.1,368,368,201,201,212,212,670,616,10.8,10.8,302,10,9,9,4,4,4,4,32.5,33.9,28,28,,14,14,8,8,5,5,,,,,,,0.46,0.46,5.32,3.6,28,28,14,14,8,8,5,5,,,,,,,0.46,0.46,-5.12,-5.06,19.2,11.7,32,236,207,148,591,640,11.2,11.2,3.7,3.7,167,177,195,192,51.6,4.9,10/9/2025,10/9/2025,
Dimitris Kourbelis,Dimitris,Kourbelis,Defensive Midfielder,SCO 3-1 GRE,Match Day,Thursday,41,Entire Session,90,11718,130.2,444,444,242,242,181,181,807,751,8.97,8.97,258,11,11,11,5,5,3,3,31.7,31.7,52,52,,26,26,15,15,10,10,,,,,,,0.58,0.58,4.63,5.0,53,53,26,26,15,15,10,10,,,,,,,0.59,0.59,-6.25,-3.23,19.5,14.3,59,359,315,225,899,1021,16.2,16.2,5.4,5.4,151,293,189,192,50.4,4.7,10/9/2025,10/9/2025,
Konstantinos Karetsas,Konstantinos,Karetsas,Winger,SCO 3-1 GRE,Match Day,Thursday,41,Entire Session,90,11350,126.1,730,730,398,398,390,390,1328,1371,14.75,14.75,557,21,18,18,8,8,7,7,34.1,34.9,53,53,,26,26,15,15,10,10,,,,,,,0.59,0.59,5.08,4.73,54,54,27,27,16,16,10,10,,,,,,,0.61,0.61,-4.61,-5.41,16.8,14.6,44,333,291,208,832,963,16.2,16.2,5.4,5.4,156,284,185,194,49.0,3.2,10/9/2025,10/9/2025,
Giorgos Vagiannidis,Giorgos,Vagiannidis,Full Back,SCO 3-1 GRE,Match Day,Thursday,41,Entire Session,90,10732,119.2,616,616,336,336,333,333,1119,1130,12.44,12.44,476,16,15,15,7,7,6,6,32.8,34.2,44,44,,22,22,13,13,8,8,,,,,,,0.49,0.49,4.92,4.95,42,42,21,21,12,12,8,8,,,,,,,0.47,0.47,-5.15,-5.1,19.0,9.3,52,349,305,218,872,1012,16.2,16.2,5.4,5.4,165,268,188,196,51.0,6.4,10/9/2025,10/9/2025,
Konstantinos Koulierakis,Konstantinos,Koulierakis,Central Defender,SCO 3-1 GRE,Match Day,Thursday,41,Entire Session,90,10229,113.7,387,387,211,211,204,204,704,643,7.82,7.82,291,9,9,9,4,4,4,4,30.3,32.0,41,41,,20,20,12,12,8,8,,,,,,,0.46,0.46,6.02,4.84,38,38,19,19,11,11,7,7,,,,,,,0.43,0.43,-6.31,-3.74,12.3,10.4,51,331,290,207,829,913,16.2,16.2,5.4,5.4,164,256,196,198,50.8,5.3,10/9/2025,10/9/2025,
Ntinos Mavropanos,Ntinos,Mavropanos,Central Defender,SCO 3-1 GRE,Match Day,Thursday,41,Entire Session,90,10152,112.8,370,370,202,202,197,197,673,700,7.47,7.47,281,8,9,9,4,4,3,3,31.0,32.4,47,47,,23,23,14,14,9,9,,,,,,,0.53,0.53,4.52,4.98,45,45,22,22,13,13,9,9,,,,,,,0.51,0.51,-5.35,-4.36,14.5,8.8,45,331,290,207,828,963,16.2,16.2,5.4,5.4,153,254,197,197,51.8,4.4,10/9/2025,10/9/2025,
Tasos Bakasetas,Tasos,Bakasetas,Offensive Midfielder,SCO 3-1 GRE,Match Day,Thursday,41,Entire Session,90,10360,115.1,471,471,257,257,236,236,856,896,9.52,9.52,337,13,11,11,5,5,4,4,32.1,33.1,49,49,,24,24,14,14,9,9,,,,,,,0.55,0.55,5.95,4.75,49,49,24,24,14,14,9,9,,,,,,,0.55,0.55,-4.78,-3.33,10.8,11.2,40,337,295,211,843,907,16.2,16.2,5.4,5.4,150,259,194,192,50.4,2.7,10/9/2025,10/9/2025,
Christos Tzolis,Christos,Tzolis,Winger,SCO 3-1 GRE,Match Day,Thursday,41,Entire Session,90,11584,128.7,635,635,347,347,397,397,1155,1178,12.84,12.84,567,20,15,15,7,7,7,7,34.2,35.5,53,53,,26,26,15,15,10,10,,,,,,,0.59,0.59,5.99,5.15,50,50,25,25,15,15,10,10,,,,,,,0.56,0.56,-6.07,-5.64,11.4,16.4,53,384,336,240,959,1090,16.2,16.2,5.4,5.4,161,290,188,196,48.3,2.9,10/9/2025,10/9/2025,
Christos Zafeiris,Christos,Zafeiris,Defensive Midfielder,SCO 3-1 GRE,Match Day,Thursday,41,Entire Session,62,7366,118.8,254,254,138,138,133,133,461,435,7.44,7.44,189,6,6,6,3,3,2,2,30.9,32.1,30,30,,15,15,9,9,6,6,,,,,,,0.49,0.49,6.01,5.08,28,28,14,14,8,8,5,5,,,,,,,0.46,0.46,-4.69,-4.31,11.3,19.5,30,223,195,139,558,658,11.2,11.2,3.7,3.7,153,184,188,195,48.5,7.7,10/9/2025,10/9/2025,
Pantelis Hatzidiakos,Pantelis,Hatzidiakos,Central Defender,SCO 3-1 GRE,Match Day,Thursday,41,Entire Session,12,1199,99.9,44,44,24,24,23,23,81,79,6.72,6.72,33,1,1,1,0,0,0,0,30.6,32.5,4,4,,2,2,1,1,0,0,,,,,,,0.41,0.41,5.75,4.38,4,4,2,2,1,1,0,0,,,,,,,0.4,0.4,-5.93,-3.75,16.0,18.5,4,37,32,23,93,99,2.2,2.2,0.7,0.7,155,30,190,193,50.5,4.8,10/9/2025,10/9/2025,
Lazaros Rota,Lazaros,Rota,Full Back,SCO 3-1 GRE,Match Day,Thursday,41,Entire Session,28,3604,128.7,182,182,99,99,91,91,331,302,11.8,11.8,130,5,4,4,2,2,1,1,32.5,34.5,15,15,,7,7,4,4,3,3,,,,,,,0.55,0.55,5.33,4.2,13,13,6,6,4,4,2,2,,,,,,,0.5,0.5,-4.67,-3.17,11.2,15.7,14,112,98,70,281,330,5.0,5.0,1.7,1.7,162,90,196,199,51.9,7.3,10/9/2025,10/9/2025,
Fotis Ioannidis,Fotis,Ioannidis,Striker,SCO 3-1 GRE,Match Day,Thursday,41,Entire Session,20,2357,117.8,152,152,83,83,86,86,277,270,13.86,13.86,123,4,3,3,1,1,1,1,33.7,34.1,10,10,,5,5,3,3,2,2,,,,,,,0.55,0.55,4.82,3.21,9,9,4,4,2,2,1,1,,,,,,,0.5,0.5,-4.98,-4.71,8.9,19.6,11,69,60,43,173,189,3.6,3.6,1.2,1.2,151,59,194,194,48.9,7.3,10/9/2025,10/9/2025,
Dimitris Pelkas,Dimitris,Pelkas,Offensive Midfielder,SCO 3-1 GRE,Match Day,Thursday,41,Entire Session,45,5406,120.1,283,283,155,155,142,142,515,531,11.45,11.45,203,7,7,7,3,3,2,2,33.0,33.6,21,21,,10,10,6,6,4,4,,,,,,,0.49,0.49,5.58,4.08,22,22,11,11,6,6,4,4,,,,,,,0.5,0.5,-4.5,-4.84,14.1,13.1,21,163,143,102,408,467,8.1,8.1,2.7,2.7,154,135,196,196,51.3,8.2,10/9/2025,10/9/2025,
Christos Mouzakitis,Christos,Mouzakitis,Defensive Midfielder,SCO 3-1 GRE,Match Day,Thursday,41,Entire Session,35,4095,117.0,148,148,81,81,58,58,270,271,7.71,7.71,83,3,3,3,1,1,1,1,30.8,32.3,16,16,,8,8,4,4,3,3,,,,,,,0.46,0.46,5.8,3.96,16,16,8,8,4,4,3,3,,,,,,,0.47,0.47,-6.42,-3.19,9.4,18.9,19,130,114,82,326,358,6.3,6.3,2.1,2.1,159,102,192,200,49.8,3.6,10/9/2025,10/9/2025,
Konstantinos Tzolakis,Konstantinos,Tzolakis,Goalkeeper,Team Training,MD+1 Recovery,Friday,41,Recovery,45,1146,25.5,11,11,6,6,3,3,20,20,0.44,0.44,4,0,0,0,0,0,0,0,24.0,26.9,4,4,,2,2,1,1,0,0,,,,,,,0.09,0.09,4.74,4.22,4,4,2,2,1,1,0,0,,,,,,,0.09,0.09,-4.74,-3.01,10.3,14.5,4,36,31,22,90,104,4.5,4.5,1.3,1.3,138,29,196,197,49.4,8.6,10/10/2025,10/10/2025,
Odysseas Vlachodimos,Odysseas,Vlachodimos,Goalkeeper,Team Training,MD+1 Recovery,Friday,41,Recovery,35,928,26.5,9,9,5,5,2,2,16,14,0.45,0.45,2,0,0,0,0,0,0,0,24.2,27.2,2,2,,1,1,0,0,0,0,,,,,,,0.08,0.08,6.07,3.24,2,2,1,1,0,0,0,0,,,,,,,0.08,0.08,-4.89,-5.5,14.7,8.4,4,30,26,19,75,88,3.5,3.5,1.1,1.1,145,23,196,192,48.1,4.5,10/10/2025,10/10/2025,
Christos Mandas,Christos,Mandas,Goalkeeper,Team Training,MD+1 Recovery,Friday,41,Recovery,45,1078,24.0,9,9,5,5,2,2,17,18,0.38,0.38,3,0,0,0,0,0,0,0,24.1,26.9,3,3,,1,1,1,1,0,0,,,,,,,0.08,0.08,5.95,3.89,3,3,1,1,1,1,0,0,,,,,,,0.08,0.08,-5.98,-5.78,11.3,11.0,4,36,31,22,89,101,4.5,4.5,1.3,1.3,140,27,187,195,50.9,8.7,10/10/2025,10/10/2025,
Giorgos Vagiannidis,Giorgos,Vagiannidis,Full Back,Team Training,MD+1 Recovery,Friday,41,Recovery,25,1363,54.5,50,50,27,27,17,17,90,90,3.6,3.6,25,1,1,1,0,0,0,0,30.1,33.8,4,4,,2,2,1,1,0,0,,,,,,,0.2,0.2,5.11,4.47,5,5,2,2,1,1,1,1,,,,,,,0.2,0.2,-5.73,-4.2,15.6,14.5,6,40,35,25,101,110,2.5,2.5,0.8,0.8,142,34,185,195,50.5,7.8,10/10/2025,10/10/2025,
Kostas Tsimikas,Kostas,Tsimikas,Full Back,Team Training,MD+1 Recovery,Friday,41,Recovery,35,1878,53.7,83,83,45,45,25,25,150,158,4.29,4.29,36,1,2,2,1,1,0,0,30.2,34.6,6,6,,3,3,1,1,1,1,,,,,,,0.17,0.17,5.54,4.84,5,5,2,2,1,1,1,1,,,,,,,0.17,0.17,-5.78,-4.97,15.6,11.5,9,54,47,34,134,157,3.5,3.5,1.1,1.1,135,47,195,199,51.4,6.5,10/10/2025,10/10/2025,
Lazaros Rota,Lazaros,Rota,Full Back,Team Training,MD+1 Recovery,Friday,41,Recovery,25,1326,53.0,46,46,25,25,17,17,83,76,3.33,3.33,24,1,1,1,0,0,0,0,30.9,34.7,4,4,,2,2,1,1,0,0,,,,,,,0.2,0.2,5.13,3.45,4,4,2,2,1,1,0,0,,,,,,,0.19,0.19,-6.02,-4.08,18.2,18.6,6,43,38,27,109,126,2.5,2.5,0.8,0.8,148,33,197,194,49.3,4.4,10/10/2025,10/10/2025,
Ntinos Mavropanos,Ntinos,Mavropanos,Central Defender,Team Training,MD+1 Recovery,Friday,41,Recovery,45,2041,45.4,59,59,32,32,20,20,108,102,2.39,2.39,29,1,1,1,0,0,0,0,28.1,31.7,7,7,,3,3,2,2,1,1,,,,,,,0.18,0.18,4.63,5.48,8,8,4,4,2,2,1,1,,,,,,,0.18,0.18,-4.93,-4.09,10.0,18.2,8,66,57,41,164,182,4.5,4.5,1.3,1.3,148,51,186,200,49.3,7.6,10/10/2025,10/10/2025,
Konstantinos Koulierakis,Konstantinos,Koulierakis,Central Defender,Team Training,MD+1 Recovery,Friday,41,Recovery,35,1772,50.6,50,50,27,27,14,14,91,87,2.6,2.6,20,1,1,1,0,0,0,0,29.2,31.8,6,6,,3,3,1,1,1,1,,,,,,,0.17,0.17,5.99,3.71,5,5,2,2,1,1,1,1,,,,,,,0.17,0.17,-6.46,-3.07,16.2,18.2,7,49,43,31,123,138,3.5,3.5,1.1,1.1,137,44,196,197,51.3,3.1,10/10/2025,10/10/2025,
Pantelis Hatzidiakos,Pantelis,Hatzidiakos,Central Defender,Team Training,MD+1 Recovery,Friday,41,Recovery,35,1752,50.0,41,41,22,22,14,14,74,68,2.11,2.11,20,1,1,1,0,0,0,0,28.8,31.9,6,6,,3,3,1,1,1,1,,,,,,,0.19,0.19,5.11,5.44,6,6,3,3,1,1,1,1,,,,,,,0.17,0.17,-5.43,-4.0,19.2,13.8,8,50,44,31,125,138,3.5,3.5,1.1,1.1,153,44,196,197,50.4,8.1,10/10/2025,10/10/2025,
Panagiotis Retsos,Panagiotis,Retsos,Central Defender,Team Training,MD+1 Recovery,Friday,41,Recovery,45,2208,49.1,62,62,34,34,16,16,113,117,2.5,2.5,23,1,1,1,0,0,0,0,28.8,32.3,8,8,,4,4,2,2,1,1,,,,,,,0.19,0.19,5.53,4.03,8,8,4,4,2,2,1,1,,,,,,,0.18,0.18,-6.15,-4.67,13.6,13.7,8,74,65,46,186,208,4.5,4.5,1.3,1.3,142,55,187,192,48.8,2.9,10/10/2025,10/10/2025,
Giorgos Kiriakopoulos,Giorgos,Kiriakopoulos,Full Back,Team Training,MD+1 Recovery,Friday,41,Recovery,35,1996,57.0,68,68,37,37,34,34,124,112,3.53,3.53,49,2,1,1,0,0,0,0,30.9,34.5,7,7,,3,3,2,2,1,1,,,,,,,0.21,0.21,4.5,5.31,7,7,3,3,2,2,1,1,,,,,,,0.2,0.2,-5.16,-5.69,11.5,15.7,8,64,56,40,159,183,3.5,3.5,1.1,1.1,151,50,187,194,51.9,4.8,10/10/2025,10/10/2025,
Dimitris Kourbelis,Dimitris,Kourbelis,Defensive Midfielder,Team Training,MD+1 Recovery,Friday,41,Recovery,45,2557,56.8,62,62,34,34,24,24,113,103,2.5,2.5,34,1,1,1,0,0,0,0,29.2,32.7,8,8,,4,4,2,2,1,1,,,,,,,0.18,0.18,5.51,4.18,8,8,4,4,2,2,1,1,,,,,,,0.18,0.18,-5.16,-4.34,8.0,11.1,11,85,75,53,213,249,4.5,4.5,1.3,1.3,137,64,189,196,48.5,5.1,10/10/2025,10/10/2025,
Christos Zafeiris,Christos,Zafeiris,Defensive Midfielder,Team Training,MD+1 Recovery,Friday,41,Recovery,35,1756,50.2,44,44,24,24,17,17,80,81,2.29,2.29,25,1,1,1,0,0,0,0,28.5,32.0,6,6,,3,3,1,1,1,1,,,,,,,0.18,0.18,4.59,4.0,5,5,2,2,1,1,1,1,,,,,,,0.17,0.17,-5.04,-4.69,11.4,8.8,7,55,48,34,137,148,3.5,3.5,1.1,1.1,154,44,189,196,48.7,8.4,10/10/2025,10/10/2025,
Manolis Siopis,Manolis,Siopis,Defensive Midfielder,Team Training,MD+1 Recovery,Friday,41,Recovery,45,2390,53.1,57,57,31,31,21,21,103,101,2.3,2.3,31,1,1,1,0,0,0,0,29.1,31.8,7,7,,3,3,2,2,1,1,,,,,,,0.18,0.18,5.27,3.76,8,8,4,4,2,2,1,1,,,,,,,0.18,0.18,-5.49,-3.98,9.1,9.2,10,73,63,45,181,207,4.5,4.5,1.3,1.3,150,60,194,199,51.0,5.8,10/10/2025,10/10/2025,
Christos Mouzakitis,Christos,Mouzakitis,Defensive Midfielder,Team Training,MD+1 Recovery,Friday,41,Recovery,35,1962,56.1,47,47,25,25,19,19,85,82,2.42,2.42,27,1,1,1,0,0,0,0,29.4,32.6,6,6,,3,3,1,1,1,1,,,,,,,0.18,0.18,5.31,5.09,5,5,2,2,1,1,1,1,,,,,,,0.16,0.16,-5.85,-3.72,15.6,18.8,10,58,50,36,144,161,3.5,3.5,1.1,1.1,153,49,191,193,50.6,2.0,10/10/2025,10/10/2025,
Tasos Bakasetas,Tasos,Bakasetas,Offensive Midfielder,Team Training,MD+1 Recovery,Friday,41,Recovery,25,1387,55.5,45,45,24,24,21,21,81,76,3.24,3.24,30,1,1,1,0,0,0,0,30.0,32.9,4,4,,2,2,1,1,0,0,,,,,,,0.18,0.18,5.84,4.56,4,4,2,2,1,1,0,0,,,,,,,0.17,0.17,-6.34,-3.97,13.8,18.0,6,44,39,28,111,124,2.5,2.5,0.8,0.8,149,35,187,192,50.5,6.9,10/10/2025,10/10/2025,
Petros Mantalos,Petros,Mantalos,Offensive Midfielder,Team Training,MD+1 Recovery,Friday,41,Recovery,35,1823,52.1,62,62,34,34,24,24,112,115,3.21,3.21,34,1,1,1,0,0,0,0,28.7,33.6,6,6,,3,3,1,1,1,1,,,,,,,0.17,0.17,6.18,3.45,5,5,2,2,1,1,1,1,,,,,,,0.16,0.16,-6.3,-5.15,9.3,9.7,7,58,51,36,146,162,3.5,3.5,1.1,1.1,151,46,196,199,48.2,3.4,10/10/2025,10/10/2025,
Giannis Konstantelias,Giannis,Konstantelias,Offensive Midfielder,Team Training,MD+1 Recovery,Friday,41,Recovery,35,1955,55.8,71,71,39,39,25,25,128,134,3.67,3.67,36,1,1,1,0,0,0,0,29.3,32.8,6,6,,3,3,1,1,1,1,,,,,,,0.18,0.18,5.11,5.21,6,6,3,3,1,1,1,1,,,,,,,0.18,0.18,-5.63,-5.17,19.9,15.8,7,65,57,41,163,177,3.5,3.5,1.1,1.1,147,49,196,200,48.7,2.4,10/10/2025,10/10/2025,
Dimitris Pelkas,Dimitris,Pelkas,Offensive Midfielder,Team Training,MD+1 Recovery,Friday,41,Recovery,25,1181,47.3,44,44,24,24,13,13,81,76,3.23,3.23,18,1,1,1,0,0,0,0,30.1,33.4,4,4,,2,2,1,1,0,0,,,,,,,0.18,0.18,4.98,4.78,4,4,2,2,1,1,0,0,,,,,,,0.17,0.17,-4.58,-5.71,16.4,16.2,5,33,29,21,83,89,2.5,2.5,0.8,0.8,140,30,195,196,51.7,7.3,10/10/2025,10/10/2025,
Konstantinos Karetsas,Konstantinos,Karetsas,Winger,Team Training,MD+1 Recovery,Friday,41,Recovery,35,1961,56.0,82,82,45,45,38,38,149,153,4.27,4.27,55,2,2,2,0,0,0,0,32.2,35.3,6,6,,3,3,2,2,1,1,,,,,,,0.2,0.2,5.9,3.24,6,6,3,3,2,2,1,1,,,,,,,0.19,0.19,-5.64,-3.1,15.1,10.3,8,58,51,37,146,168,3.5,3.5,1.1,1.1,140,49,193,197,48.4,8.7,10/10/2025,10/10/2025,
Christos Tzolis,Christos,Tzolis,Winger,Team Training,MD+1 Recovery,Friday,41,Recovery,45,2493,55.4,118,118,64,64,43,43,215,217,4.77,4.77,62,2,2,2,1,1,0,0,32.1,35.3,9,9,,4,4,2,2,1,1,,,,,,,0.21,0.21,4.63,4.77,9,9,4,4,2,2,1,1,,,,,,,0.2,0.2,-5.26,-3.86,8.2,15.8,11,76,66,47,190,220,4.5,4.5,1.3,1.3,141,62,196,197,49.0,3.4,10/10/2025,10/10/2025,
Giorgos Masouras,Giorgos,Masouras,Winger,Team Training,MD+1 Recovery,Friday,41,Recovery,45,2126,47.2,99,99,54,54,35,35,180,179,4.0,4.0,50,2,2,2,1,1,0,0,31.8,35.4,7,7,,3,3,2,2,1,1,,,,,,,0.16,0.16,5.48,4.34,6,6,3,3,1,1,1,1,,,,,,,0.15,0.15,-6.49,-4.14,12.5,16.1,9,67,59,42,168,196,4.5,4.5,1.3,1.3,141,53,185,198,50.6,8.1,10/10/2025,10/10/2025,
Vangelis Pavlidis,Vangelis,Pavlidis,Striker,Team Training,MD+1 Recovery,Friday,41,Recovery,25,1323,52.9,49,49,27,27,22,22,88,89,3.54,3.54,32,1,1,1,0,0,0,0,31.1,33.8,5,5,,2,2,1,1,1,1,,,,,,,0.21,0.21,4.74,4.18,5,5,2,2,1,1,1,1,,,,,,,0.21,0.21,-4.98,-4.21,14.7,10.8,5,40,35,25,100,109,2.5,2.5,0.8,0.8,139,33,185,200,49.7,5.4,10/10/2025,10/10/2025,
Fotis Ioannidis,Fotis,Ioannidis,Striker,Team Training,MD+1 Recovery,Friday,41,Recovery,25,1262,50.5,50,50,27,27,19,19,90,92,3.62,3.62,28,1,1,1,0,0,0,0,30.0,34.2,4,4,,2,2,1,1,0,0,,,,,,,0.17,0.17,5.6,4.49,4,4,2,2,1,1,0,0,,,,,,,0.18,0.18,-5.61,-5.34,15.9,17.9,5,39,34,24,96,111,2.5,2.5,0.8,0.8,135,32,197,193,49.7,5.9,10/10/2025,10/10/2025,
Konstantinos Tzolakis,Konstantinos,Tzolakis,Goalkeeper,Team Training,MD-1,Saturday,41,Team Training,60,1660,27.7,14,14,7,7,3,3,25,23,0.42,0.42,4,0,0,0,0,0,0,0,24.7,27.2,5,5,,2,2,1,1,1,1,,,,,,,0.1,0.1,5.13,5.5,5,5,2,2,1,1,1,1,,,,,,,0.09,0.09,-5.97,-4.27,18.0,8.8,7,51,45,32,127,147,6.0,6.0,1.8,1.8,141,41,186,194,51.3,4.8,10/11/2025,10/11/2025,
Odysseas Vlachodimos,Odysseas,Vlachodimos,Goalkeeper,Team Training,MD-1,Saturday,41,Team Training,78,2507,32.1,20,20,11,11,5,5,36,34,0.47,0.47,8,0,0,0,0,0,0,0,24.5,26.9,9,9,,4,4,2,2,1,1,,,,,,,0.12,0.12,4.56,3.84,10,10,5,5,3,3,2,2,,,,,,,0.13,0.13,-5.47,-5.37,13.0,9.5,10,84,74,53,210,223,7.8,7.8,2.3,2.3,137,63,185,197,52.0,4.0,10/11/2025,10/11/2025,
Christos Mandas,Christos,Mandas,Goalkeeper,Team Training,MD-1,Saturday,41,Team Training,78,2324,29.8,18,18,10,10,4,4,33,33,0.43,0.43,6,0,0,0,0,0,0,0,23.7,26.8,8,8,,4,4,2,2,1,1,,,,,,,0.11,0.11,5.04,3.31,7,7,3,3,2,2,1,1,,,,,,,0.1,0.1,-6.14,-4.06,13.0,17.1,10,76,67,48,191,204,7.8,7.8,2.3,2.3,142,58,194,195,48.8,7.9,10/11/2025,10/11/2025,
Giorgos Vagiannidis,Giorgos,Vagiannidis,Full Back,Team Training,MD-1,Saturday,41,Team Training,78,4551,58.3,196,196,107,107,61,61,357,336,4.57,4.57,87,3,4,4,2,2,1,1,30.8,34.3,16,16,,8,8,4,4,3,3,,,,,,,0.21,0.21,5.39,4.11,15,15,7,7,4,4,3,3,,,,,,,0.2,0.2,-5.71,-5.0,11.2,16.6,20,135,118,84,337,397,7.8,7.8,2.3,2.3,148,114,190,199,48.4,5.8,10/11/2025,10/11/2025,
Kostas Tsimikas,Kostas,Tsimikas,Full Back,Team Training,MD-1,Saturday,41,Team Training,60,3558,59.3,160,160,87,87,60,60,290,295,4.83,4.83,86,3,3,3,1,1,1,1,31.4,34.5,12,12,,6,6,3,3,2,2,,,,,,,0.21,0.21,6.0,4.32,11,11,5,5,3,3,2,2,,,,,,,0.19,0.19,-4.53,-5.29,8.5,18.2,16,119,104,74,297,335,6.0,6.0,1.8,1.8,145,89,187,200,51.9,6.0,10/11/2025,10/11/2025,
Lazaros Rota,Lazaros,Rota,Full Back,Team Training,MD-1,Saturday,41,Team Training,78,5044,64.7,176,176,96,96,73,73,320,322,4.1,4.1,105,3,4,4,2,2,1,1,30.6,34.6,17,17,,8,8,5,5,3,3,,,,,,,0.23,0.23,5.56,5.4,16,16,8,8,4,4,3,3,,,,,,,0.21,0.21,-4.55,-5.25,13.6,8.2,23,144,126,90,359,378,7.8,7.8,2.3,2.3,137,126,187,193,48.7,2.0,10/11/2025,10/11/2025,
Ntinos Mavropanos,Ntinos,Mavropanos,Central Defender,Team Training,MD-1,Saturday,41,Team Training,70,4302,61.5,113,113,62,62,36,36,206,206,2.94,2.94,52,2,2,2,1,1,0,0,27.8,32.6,16,16,,8,8,4,4,3,3,,,,,,,0.24,0.24,5.95,4.95,17,17,8,8,5,5,3,3,,,,,,,0.25,0.25,-4.8,-5.74,16.2,13.4,19,131,114,82,326,376,7.0,7.0,2.1,2.1,144,108,197,197,49.0,4.8,10/11/2025,10/11/2025,
Konstantinos Koulierakis,Konstantinos,Koulierakis,Central Defender,Team Training,MD-1,Saturday,41,Team Training,60,3170,52.8,79,79,43,43,30,30,144,143,2.4,2.4,43,1,1,1,0,0,0,0,29.3,32.6,10,10,,5,5,3,3,2,2,,,,,,,0.17,0.17,5.66,4.33,10,10,5,5,3,3,2,2,,,,,,,0.17,0.17,-6.21,-4.53,14.5,10.1,12,88,77,55,221,250,6.0,6.0,1.8,1.8,146,79,191,192,50.7,3.4,10/11/2025,10/11/2025,
Pantelis Hatzidiakos,Pantelis,Hatzidiakos,Central Defender,Team Training,MD-1,Saturday,41,Team Training,60,3678,61.3,85,85,46,46,25,25,154,159,2.57,2.57,36,1,2,2,1,1,0,0,28.9,31.9,14,14,,7,7,4,4,2,2,,,,,,,0.24,0.24,5.62,5.2,13,13,6,6,4,4,2,2,,,,,,,0.23,0.23,-6.33,-3.34,14.3,8.9,18,115,101,72,287,305,6.0,6.0,1.8,1.8,142,92,193,198,51.6,2.7,10/11/2025,10/11/2025,
Panagiotis Retsos,Panagiotis,Retsos,Central Defender,Team Training,MD-1,Saturday,41,Team Training,78,4634,59.4,139,139,76,76,37,37,253,250,3.25,3.25,53,2,3,3,1,1,0,0,28.9,32.4,16,16,,8,8,4,4,3,3,,,,,,,0.21,0.21,5.88,3.23,14,14,7,7,4,4,2,2,,,,,,,0.19,0.19,-5.22,-4.71,15.4,17.8,20,135,118,85,338,374,7.8,7.8,2.3,2.3,149,116,195,195,48.6,4.8,10/11/2025,10/11/2025,
Giorgos Kiriakopoulos,Giorgos,Kiriakopoulos,Full Back,Team Training,MD-1,Saturday,41,Team Training,70,4336,61.9,168,168,92,92,56,56,306,279,4.37,4.37,80,3,4,4,2,2,1,1,31.4,34.3,17,17,,8,8,5,5,3,3,,,,,,,0.25,0.25,5.54,3.86,15,15,7,7,4,4,3,3,,,,,,,0.22,0.22,-6.5,-5.74,15.7,17.5,17,120,105,75,301,347,7.0,7.0,2.1,2.1,151,108,189,200,50.5,2.7,10/11/2025,10/11/2025,
Dimitris Kourbelis,Dimitris,Kourbelis,Defensive Midfielder,Team Training,MD-1,Saturday,41,Team Training,60,4100,68.3,109,109,59,59,29,29,198,203,3.29,3.29,42,2,2,2,1,1,0,0,28.7,31.7,14,14,,7,7,4,4,2,2,,,,,,,0.25,0.25,6.13,5.2,14,14,7,7,4,4,2,2,,,,,,,0.24,0.24,-5.19,-4.88,15.1,11.6,19,126,110,79,315,353,6.0,6.0,1.8,1.8,150,102,189,195,48.3,7.7,10/11/2025,10/11/2025,
Christos Zafeiris,Christos,Zafeiris,Defensive Midfielder,Team Training,MD-1,Saturday,41,Team Training,70,4903,70.0,140,140,76,76,39,39,254,230,3.64,3.64,56,2,3,3,1,1,0,0,28.5,32.5,19,19,,9,9,5,5,3,3,,,,,,,0.28,0.28,5.7,3.49,18,18,9,9,5,5,3,3,,,,,,,0.26,0.26,-5.81,-3.68,14.4,14.7,20,161,141,101,403,440,7.0,7.0,2.1,2.1,136,123,192,196,51.3,4.3,10/11/2025,10/11/2025,
Manolis Siopis,Manolis,Siopis,Defensive Midfielder,Team Training,MD-1,Saturday,41,Team Training,60,3868,64.5,98,98,54,54,26,26,179,164,2.98,2.98,38,1,2,2,1,1,0,0,29.3,32.3,14,14,,7,7,4,4,2,2,,,,,,,0.25,0.25,5.4,4.15,14,14,7,7,4,4,2,2,,,,,,,0.24,0.24,-5.16,-4.48,17.4,18.8,19,124,109,78,310,330,6.0,6.0,1.8,1.8,150,97,187,196,51.0,8.0,10/11/2025,10/11/2025,
Christos Mouzakitis,Christos,Mouzakitis,Defensive Midfielder,Team Training,MD-1,Saturday,41,Team Training,60,4122,68.7,106,106,58,58,33,33,192,188,3.2,3.2,47,2,2,2,1,1,0,0,28.3,32.2,14,14,,7,7,4,4,2,2,,,,,,,0.24,0.24,5.0,5.25,13,13,6,6,4,4,2,2,,,,,,,0.22,0.22,-5.0,-4.89,18.0,15.4,21,134,117,84,334,355,6.0,6.0,1.8,1.8,144,103,186,198,49.4,6.9,10/11/2025,10/11/2025,
Tasos Bakasetas,Tasos,Bakasetas,Offensive Midfielder,Team Training,MD-1,Saturday,41,Team Training,60,4103,68.4,144,144,79,79,60,60,262,273,4.36,4.36,86,3,3,3,1,1,1,1,29.5,32.9,14,14,,7,7,4,4,2,2,,,,,,,0.24,0.24,4.68,3.4,14,14,7,7,4,4,2,2,,,,,,,0.24,0.24,-5.95,-3.96,12.8,15.8,16,119,104,74,296,335,6.0,6.0,1.8,1.8,135,103,189,200,49.2,7.6,10/11/2025,10/11/2025,
Petros Mantalos,Petros,Mantalos,Offensive Midfielder,Team Training,MD-1,Saturday,41,Team Training,70,4531,64.7,148,148,80,80,57,57,268,270,3.83,3.83,81,3,3,3,1,1,1,1,29.2,33.1,15,15,,7,7,4,4,3,3,,,,,,,0.23,0.23,5.72,3.67,16,16,8,8,4,4,3,3,,,,,,,0.23,0.23,-6.0,-4.71,19.4,11.9,18,138,121,86,345,367,7.0,7.0,2.1,2.1,154,113,190,200,50.6,5.1,10/11/2025,10/11/2025,
Giannis Konstantelias,Giannis,Konstantelias,Offensive Midfielder,Team Training,MD-1,Saturday,41,Team Training,70,4032,57.6,144,144,79,79,57,57,262,240,3.74,3.74,82,3,3,3,1,1,1,1,29.9,33.7,12,12,,6,6,3,3,2,2,,,,,,,0.18,0.18,4.98,3.55,12,12,6,6,3,3,2,2,,,,,,,0.17,0.17,-5.35,-3.75,19.3,16.4,17,122,107,77,306,348,7.0,7.0,2.1,2.1,137,101,185,196,49.4,8.8,10/11/2025,10/11/2025,
Dimitris Pelkas,Dimitris,Pelkas,Offensive Midfielder,Team Training,MD-1,Saturday,41,Team Training,70,4827,69.0,171,171,93,93,49,49,311,285,4.45,4.45,70,3,4,4,2,2,0,0,28.8,33.3,18,18,,9,9,5,5,3,3,,,,,,,0.26,0.26,5.93,4.05,18,18,9,9,5,5,3,3,,,,,,,0.27,0.27,-6.04,-3.12,14.4,17.8,18,143,125,90,358,392,7.0,7.0,2.1,2.1,139,121,195,194,48.7,4.6,10/11/2025,10/11/2025,
Konstantinos Karetsas,Konstantinos,Karetsas,Winger,Team Training,MD-1,Saturday,41,Team Training,78,4928,63.2,191,191,104,104,83,83,348,355,4.46,4.46,119,4,4,4,2,2,1,1,31.8,34.8,15,15,,7,7,4,4,3,3,,,,,,,0.19,0.19,5.51,4.67,14,14,7,7,4,4,2,2,,,,,,,0.18,0.18,-4.72,-5.5,14.0,13.2,23,160,140,100,400,461,7.8,7.8,2.3,2.3,153,123,191,197,50.0,7.9,10/11/2025,10/11/2025,
Christos Tzolis,Christos,Tzolis,Winger,Team Training,MD-1,Saturday,41,Team Training,60,4066,67.8,174,174,95,95,83,83,316,318,5.26,5.26,118,4,4,4,2,2,1,1,32.2,35.4,13,13,,6,6,4,4,2,2,,,,,,,0.23,0.23,5.75,3.7,12,12,6,6,3,3,2,2,,,,,,,0.21,0.21,-5.99,-4.9,19.4,13.0,17,123,107,77,307,334,6.0,6.0,1.8,1.8,144,102,190,193,49.8,2.9,10/11/2025,10/11/2025,
Giorgos Masouras,Giorgos,Masouras,Winger,Team Training,MD-1,Saturday,41,Team Training,60,3997,66.6,157,157,86,86,71,71,286,270,4.76,4.76,102,4,3,3,1,1,1,1,31.0,35.6,13,13,,6,6,3,3,2,2,,,,,,,0.22,0.22,5.2,4.21,12,12,6,6,3,3,2,2,,,,,,,0.2,0.2,-5.09,-3.72,15.5,15.0,19,134,117,84,334,399,6.0,6.0,1.8,1.8,137,100,194,200,51.7,6.0,10/11/2025,10/11/2025,
Vangelis Pavlidis,Vangelis,Pavlidis,Striker,Team Training,MD-1,Saturday,41,Team Training,60,3665,61.1,157,157,85,85,52,52,285,277,4.75,4.75,75,3,3,3,1,1,1,1,31.3,34.5,14,14,,7,7,4,4,2,2,,,,,,,0.24,0.24,6.13,4.1,14,14,7,7,4,4,2,2,,,,,,,0.24,0.24,-4.74,-5.26,17.3,9.1,16,114,100,71,285,330,6.0,6.0,1.8,1.8,140,92,190,197,48.3,5.3,10/11/2025,10/11/2025,
Fotis Ioannidis,Fotis,Ioannidis,Striker,Team Training,MD-1,Saturday,41,Team Training,78,4286,54.9,154,154,84,84,71,71,279,259,3.58,3.58,102,4,3,3,1,1,1,1,30.8,34.4,13,13,,6,6,3,3,2,2,,,,,,,0.17,0.17,4.82,4.45,12,12,6,6,3,3,2,2,,,,,,,0.16,0.16,-4.53,-4.04,12.3,13.7,18,125,110,78,313,363,7.8,7.8,2.3,2.3,146,107,196,198,49.6,7.9,10/11/2025,10/11/2025,
Konstantinos Tzolakis,Konstantinos,Tzolakis,Goalkeeper,DEN 3-1 GRE,Match Day,Sunday,41,Entire Session,90,5573,61.9,63,63,34,34,23,23,114,115,1.27,1.27,33,1,1,1,0,0,0,0,25.7,27.3,28,28,,14,14,8,8,5,5,,,,,,,0.31,0.31,5.57,4.76,27,27,13,13,8,8,5,5,,,,,,,0.31,0.31,-6.03,-4.69,14.3,10.5,22,174,153,109,436,514,16.2,16.2,5.4,5.4,157,139,190,197,51.6,3.6,10/12/2025,10/12/2025,
Dimitris Kourbelis,Dimitris,Kourbelis,Defensive Midfielder,DEN 3-1 GRE,Match Day,Sunday,41,Entire Session,70,8252,117.9,293,293,160,160,114,114,533,531,7.61,7.61,162,6,7,7,3,3,2,2,30.7,32.6,32,32,,16,16,9,9,6,6,,,,,,,0.47,0.47,5.84,4.58,33,33,16,16,10,10,6,6,,,,,,,0.48,0.48,-5.54,-3.49,16.5,13.3,42,270,237,169,676,781,12.6,12.6,4.2,4.2,167,206,186,192,50.2,5.0,10/12/2025,10/12/2025,
Vangelis Pavlidis,Vangelis,Pavlidis,Striker,DEN 3-1 GRE,Match Day,Sunday,41,Entire Session,78,8271,106.0,453,453,247,247,239,239,824,824,10.57,10.57,342,14,11,11,5,5,4,4,32.4,34.6,32,32,,16,16,9,9,6,6,,,,,,,0.42,0.42,6.19,5.28,29,29,14,14,8,8,5,5,,,,,,,0.38,0.38,-4.98,-3.59,13.1,13.3,38,260,228,163,651,719,14.0,14.0,4.7,4.7,165,207,190,198,49.3,2.5,10/12/2025,10/12/2025,
Kostas Tsimikas,Kostas,Tsimikas,Full Back,DEN 3-1 GRE,Match Day,Sunday,41,Entire Session,85,9588,112.8,494,494,269,269,319,319,898,836,10.57,10.57,456,17,12,12,5,5,6,6,33.9,33.9,38,38,,19,19,11,11,7,7,,,,,,,0.46,0.46,4.61,4.25,39,39,19,19,11,11,7,7,,,,,,,0.46,0.46,-6.12,-4.78,13.2,11.4,48,323,283,202,808,874,15.3,15.3,5.1,5.1,162,240,192,196,50.7,5.9,10/12/2025,10/12/2025,
Tasos Bakasetas,Tasos,Bakasetas,Offensive Midfielder,DEN 3-1 GRE,Match Day,Sunday,41,Entire Session,78,9999,128.2,544,544,297,297,226,226,990,1000,12.69,12.69,322,12,13,13,6,6,4,4,33.0,33.0,47,47,,23,23,14,14,9,9,,,,,,,0.61,0.61,5.3,3.51,43,43,21,21,13,13,8,8,,,,,,,0.56,0.56,-5.08,-4.86,15.5,11.8,41,308,269,192,769,831,14.0,14.0,4.7,4.7,157,250,187,195,50.7,5.0,10/12/2025,10/12/2025,
Konstantinos Karetsas,Konstantinos,Karetsas,Winger,DEN 3-1 GRE,Match Day,Sunday,41,Entire Session,90,10513,116.8,604,604,330,330,404,404,1098,1017,12.2,12.2,577,20,15,15,7,7,8,8,34.0,35.2,46,46,,23,23,14,14,9,9,,,,,,,0.52,0.52,4.98,4.71,43,43,21,21,13,13,8,8,,,,,,,0.49,0.49,-4.97,-5.57,16.7,14.6,44,344,301,215,861,984,16.2,16.2,5.4,5.4,152,263,193,198,51.3,4.8,10/12/2025,10/12/2025,
Konstantinos Koulierakis,Konstantinos,Koulierakis,Central Defender,DEN 3-1 GRE,Match Day,Sunday,41,Entire Session,90,10205,113.4,400,400,218,218,157,157,728,683,8.09,8.09,225,10,10,10,4,4,3,3,31.3,32.3,51,51,,25,25,15,15,10,10,,,,,,,0.57,0.57,5.93,3.98,48,48,24,24,14,14,9,9,,,,,,,0.54,0.54,-5.13,-5.21,8.6,12.1,52,286,250,179,715,848,16.2,16.2,5.4,5.4,153,255,191,200,51.5,4.7,10/12/2025,10/12/2025,
Christos Tzolis,Christos,Tzolis,Winger,DEN 3-1 GRE,Match Day,Sunday,41,Entire Session,90,11278,125.3,724,724,395,395,474,474,1317,1334,14.63,14.63,678,21,18,18,8,8,9,9,34.8,35.2,54,54,,27,27,16,16,10,10,,,,,,,0.6,0.6,5.42,4.71,56,56,28,28,17,17,11,11,,,,,,,0.63,0.63,-5.87,-5.4,11.1,14.0,58,366,320,228,914,1094,16.2,16.2,5.4,5.4,154,282,190,194,49.4,6.1,10/12/2025,10/12/2025,
Christos Zafeiris,Christos,Zafeiris,Defensive Midfielder,DEN 3-1 GRE,Match Day,Sunday,41,Entire Session,85,10349,121.8,348,348,190,190,187,187,633,610,7.45,7.45,267,11,8,8,4,4,3,3,30.4,32.3,50,50,,25,25,15,15,10,10,,,,,,,0.59,0.59,5.53,4.62,49,49,24,24,14,14,9,9,,,,,,,0.58,0.58,-5.79,-4.03,18.5,16.8,48,297,260,186,744,866,15.3,15.3,5.1,5.1,165,259,188,193,49.8,3.9,10/12/2025,10/12/2025,
Giorgos Vagiannidis,Giorgos,Vagiannidis,Full Back,DEN 3-1 GRE,Match Day,Sunday,41,Entire Session,90,10765,119.6,650,650,354,354,255,255,1181,1182,13.13,13.13,365,15,16,16,7,7,5,5,33.5,34.1,50,50,,25,25,15,15,10,10,,,,,,,0.56,0.56,6.12,4.9,45,45,22,22,13,13,9,9,,,,,,,0.51,0.51,-6.22,-3.9,11.2,10.9,42,350,306,219,874,933,16.2,16.2,5.4,5.4,158,269,194,193,51.4,2.4,10/12/2025,10/12/2025,
Ntinos Mavropanos,Ntinos,Mavropanos,Central Defender,DEN 3-1 GRE,Match Day,Sunday,41,Entire Session,90,9227,102.5,365,365,199,199,172,172,664,671,7.38,7.38,245,8,9,9,4,4,3,3,31.0,32.3,42,42,,21,21,12,12,8,8,,,,,,,0.47,0.47,5.24,4.03,41,41,20,20,12,12,8,8,,,,,,,0.46,0.46,-6.27,-3.8,8.5,17.6,42,270,236,169,676,747,16.2,16.2,5.4,5.4,158,231,191,193,48.4,4.7,10/12/2025,10/12/2025,
Giorgos Masouras,Giorgos,Masouras,Winger,DEN 3-1 GRE,Match Day,Sunday,41,Entire Session,20,2340,117.0,159,159,87,87,86,86,289,286,14.47,14.47,123,4,3,3,1,1,1,1,34.0,35.7,10,10,,5,5,3,3,2,2,,,,,,,0.54,0.54,5.54,5.34,10,10,5,5,3,3,2,2,,,,,,,0.53,0.53,-4.94,-5.28,9.0,8.9,9,75,65,47,186,196,3.6,3.6,1.2,1.2,162,59,190,193,50.5,6.8,10/12/2025,10/12/2025,
Pantelis Hatzidiakos,Pantelis,Hatzidiakos,Central Defender,DEN 3-1 GRE,Match Day,Sunday,41,Entire Session,12,1320,110.0,46,46,25,25,19,19,84,79,7.03,7.03,27,1,1,1,0,0,0,0,31.2,32.6,5,5,,2,2,1,1,1,1,,,,,,,0.43,0.43,4.92,4.27,5,5,2,2,1,1,1,1,,,,,,,0.43,0.43,-5.15,-5.07,9.6,13.8,5,43,38,27,107,120,2.2,2.2,0.7,0.7,163,33,185,192,49.4,7.4,10/12/2025,10/12/2025,
Panagiotis Retsos,Panagiotis,Retsos,Central Defender,DEN 3-1 GRE,Match Day,Sunday,41,Entire Session,35,3597,102.8,133,133,73,73,72,72,242,221,6.92,6.92,103,4,3,3,1,1,1,1,30.8,32.3,16,16,,8,8,5,5,3,3,,,,,,,0.48,0.48,4.86,5.06,16,16,8,8,4,4,3,3,,,,,,,0.46,0.46,-4.69,-5.44,17.6,11.9,15,121,106,76,303,340,6.3,6.3,2.1,2.1,153,90,194,198,51.5,4.9,10/12/2025,10/12/2025,
Fotis Ioannidis,Fotis,Ioannidis,Striker,DEN 3-1 GRE,Match Day,Sunday,41,Entire Session,28,3240,115.7,169,169,92,92,128,128,307,300,10.97,10.97,183,7,4,4,2,2,2,2,32.9,33.9,15,15,,7,7,4,4,3,3,,,,,,,0.55,0.55,5.35,3.43,15,15,7,7,4,4,3,3,,,,,,,0.55,0.55,-5.07,-5.14,16.2,14.5,14,99,87,62,247,262,5.0,5.0,1.7,1.7,162,81,193,192,51.3,5.7,10/12/2025,10/12/2025,
Dimitris Pelkas,Dimitris,Pelkas,Offensive Midfielder,DEN 3-1 GRE,Match Day,Sunday,41,Entire Session,12,1531,127.6,76,76,41,41,38,38,138,134,11.46,11.46,54,2,1,1,0,0,0,0,32.5,33.7,7,7,,3,3,2,2,1,1,,,,,,,0.64,0.64,5.33,5.03,7,7,3,3,2,2,1,1,,,,,,,0.6,0.6,-5.0,-4.39,11.6,16.0,6,45,39,28,111,122,2.2,2.2,0.7,0.7,158,38,196,199,50.8,6.5,10/12/2025,10/12/2025,
Konstantinos Tzolakis,Konstantinos,Tzolakis,Goalkeeper,Team Training,MD-3,Wednesday,46,Team Training,80,3751,46.9,32,32,18,18,8,8,59,58,0.74,0.74,11,0,0,0,0,0,0,0,23.8,27.5,13,13,,6,6,3,3,2,2,,,,,,,0.17,0.17,5.42,5.37,12,12,6,6,3,3,2,2,,,,,,,0.15,0.15,-4.68,-5.44,9.9,12.9,18,118,104,74,296,331,8.0,8.0,2.4,2.4,148,94,193,194,51.2,4.6,11/12/2025,11/12/2025,
Odysseas Vlachodimos,Odysseas,Vlachodimos,Goalkeeper,Team Training,MD-3,Wednesday,46,Team Training,80,3782,47.3,33,33,18,18,8,8,60,61,0.75,0.75,12,0,0,0,0,0,0,0,24.5,27.4,14,14,,7,7,4,4,2,2,,,,,,,0.18,0.18,6.19,4.78,15,15,7,7,4,4,3,3,,,,,,,0.19,0.19,-4.7,-5.03,16.1,15.4,17,127,111,79,317,378,8.0,8.0,2.4,2.4,145,95,187,193,48.2,4.1,11/12/2025,11/12/2025,
Christos Mandas,Christos,Mandas,Goalkeeper,Team Training,MD-3,Wednesday,46,Team Training,88,4225,48.0,36,36,20,20,9,9,66,61,0.75,0.75,13,0,0,0,0,0,0,0,24.8,27.5,16,16,,8,8,4,4,3,3,,,,,,,0.19,0.19,4.99,3.81,16,16,8,8,5,5,3,3,,,,,,,0.19,0.19,-5.87,-3.7,11.9,18.5,16,124,109,78,311,368,8.8,8.8,2.6,2.6,136,106,195,200,49.9,4.0,11/12/2025,11/12/2025,
Giorgos Vagiannidis,Giorgos,Vagiannidis,Full Back,Team Training,MD-3,Wednesday,46,Team Training,72,7328,101.8,293,293,160,160,119,119,533,511,7.41,7.41,170,5,7,7,3,3,2,2,31.2,34.2,26,26,,13,13,7,7,5,5,,,,,,,0.36,0.36,6.05,3.75,25,25,12,12,7,7,5,5,,,,,,,0.35,0.35,-4.69,-3.21,15.0,9.5,33,222,194,139,555,640,7.2,7.2,2.2,2.2,139,183,193,197,48.6,6.6,11/12/2025,11/12/2025,
Kostas Tsimikas,Kostas,Tsimikas,Full Back,Team Training,MD-3,Wednesday,46,Team Training,72,7790,108.2,305,305,166,166,108,108,554,541,7.69,7.69,154,5,7,7,3,3,2,2,30.9,34.3,31,31,,15,15,9,9,6,6,,,,,,,0.44,0.44,4.77,5.1,30,30,15,15,9,9,6,6,,,,,,,0.43,0.43,-4.94,-3.01,13.2,13.0,37,263,230,165,658,726,7.2,7.2,2.2,2.2,149,195,195,198,49.9,2.8,11/12/2025,11/12/2025,
Lazaros Rota,Lazaros,Rota,Full Back,Team Training,MD-3,Wednesday,46,Team Training,65,7350,113.1,315,315,172,172,106,106,573,554,8.82,8.82,152,5,7,7,3,3,2,2,31.3,33.9,27,27,,13,13,8,8,5,5,,,,,,,0.42,0.42,5.52,5.23,26,26,13,13,7,7,5,5,,,,,,,0.41,0.41,-6.28,-4.25,11.7,18.0,36,214,187,133,534,631,6.5,6.5,1.9,1.9,146,184,188,199,51.0,5.7,11/12/2025,11/12/2025,
Ntinos Mavropanos,Ntinos,Mavropanos,Central Defender,Team Training,MD-3,Wednesday,46,Team Training,72,6467,89.8,148,148,81,81,63,63,269,272,3.73,3.73,91,3,3,3,1,1,1,1,28.7,32.0,26,26,,13,13,7,7,5,5,,,,,,,0.36,0.36,4.99,3.27,24,24,12,12,7,7,4,4,,,,,,,0.34,0.34,-4.92,-5.56,8.4,16.6,29,187,163,117,467,493,7.2,7.2,2.2,2.2,137,162,188,196,50.6,4.3,11/12/2025,11/12/2025,
Konstantinos Koulierakis,Konstantinos,Koulierakis,Central Defender,Team Training,MD-3,Wednesday,46,Team Training,88,8766,99.6,201,201,109,109,73,73,365,374,4.15,4.15,105,4,5,5,2,2,1,1,28.2,32.2,30,30,,15,15,9,9,6,6,,,,,,,0.35,0.35,5.63,4.59,30,30,15,15,9,9,6,6,,,,,,,0.34,0.34,-5.17,-3.17,14.9,15.7,43,268,234,167,669,710,8.8,8.8,2.6,2.6,154,219,186,199,50.1,8.2,11/12/2025,11/12/2025,
Pantelis Hatzidiakos,Pantelis,Hatzidiakos,Central Defender,Team Training,MD-3,Wednesday,46,Team Training,72,6627,92.0,163,163,89,89,59,59,297,275,4.13,4.13,84,3,4,4,1,1,1,1,29.1,32.4,21,21,,10,10,6,6,4,4,,,,,,,0.3,0.3,5.28,5.28,22,22,11,11,6,6,4,4,,,,,,,0.31,0.31,-5.04,-5.78,8.7,11.1,31,195,170,122,486,582,7.2,7.2,2.2,2.2,140,166,187,199,50.4,2.1,11/12/2025,11/12/2025,
Panagiotis Retsos,Panagiotis,Retsos,Central Defender,Team Training,MD-3,Wednesday,46,Team Training,65,6231,95.9,173,173,95,95,46,46,315,293,4.85,4.85,66,3,4,4,2,2,0,0,29.1,32.5,23,23,,11,11,7,7,4,4,,,,,,,0.37,0.37,5.08,5.34,23,23,11,11,7,7,4,4,,,,,,,0.36,0.36,-6.05,-3.73,17.0,15.3,26,203,178,127,509,593,6.5,6.5,1.9,1.9,153,156,187,193,49.0,5.5,11/12/2025,11/12/2025,
Giorgos Kiriakopoulos,Giorgos,Kiriakopoulos,Full Back,Team Training,MD-3,Wednesday,46,Team Training,80,9339,116.7,390,390,213,213,159,159,709,735,8.86,8.86,227,7,9,9,4,4,3,3,30.6,33.8,32,32,,16,16,9,9,6,6,,,,,,,0.4,0.4,4.54,4.65,30,30,15,15,9,9,6,6,,,,,,,0.38,0.38,-5.54,-4.97,11.8,13.1,39,295,258,184,737,823,8.0,8.0,2.4,2.4,135,233,194,195,50.2,8.9,11/12/2025,11/12/2025,
Dimitris Kourbelis,Dimitris,Kourbelis,Defensive Midfielder,Team Training,MD-3,Wednesday,46,Team Training,72,8977,124.7,232,232,126,126,62,62,422,442,5.85,5.85,88,3,5,5,2,2,1,1,28.2,32.7,36,36,,18,18,10,10,7,7,,,,,,,0.51,0.51,5.96,3.88,33,33,16,16,10,10,6,6,,,,,,,0.46,0.46,-6.07,-3.99,15.8,8.9,38,265,232,166,662,738,7.2,7.2,2.2,2.2,144,224,187,195,51.1,6.4,11/12/2025,11/12/2025,
Christos Zafeiris,Christos,Zafeiris,Defensive Midfielder,Team Training,MD-3,Wednesday,46,Team Training,88,9045,102.8,234,234,128,128,83,83,425,395,4.83,4.83,119,4,5,5,2,2,1,1,28.8,32.4,36,36,,18,18,10,10,7,7,,,,,,,0.41,0.41,4.7,5.48,35,35,17,17,10,10,7,7,,,,,,,0.4,0.4,-5.0,-3.26,8.2,10.4,44,284,248,177,709,803,8.8,8.8,2.6,2.6,144,226,188,197,48.8,6.3,11/12/2025,11/12/2025,
Manolis Siopis,Manolis,Siopis,Defensive Midfielder,Team Training,MD-3,Wednesday,46,Team Training,88,9477,107.7,273,273,149,149,72,72,496,490,5.63,5.63,103,4,6,6,3,3,1,1,28.9,31.8,38,38,,19,19,11,11,7,7,,,,,,,0.44,0.44,5.01,5.44,36,36,18,18,11,11,7,7,,,,,,,0.42,0.42,-5.22,-5.21,11.0,17.3,38,319,279,199,797,952,8.8,8.8,2.6,2.6,145,237,196,197,48.3,8.5,11/12/2025,11/12/2025,
Christos Mouzakitis,Christos,Mouzakitis,Defensive Midfielder,Team Training,MD-3,Wednesday,46,Team Training,88,9846,111.9,284,284,155,155,69,69,516,509,5.87,5.87,99,3,7,7,3,3,1,1,28.5,32.2,29,29,,14,14,8,8,5,5,,,,,,,0.34,0.34,4.53,3.36,28,28,14,14,8,8,5,5,,,,,,,0.33,0.33,-6.49,-4.98,8.1,8.1,41,277,242,173,692,772,8.8,8.8,2.6,2.6,139,246,191,193,49.5,2.3,11/12/2025,11/12/2025,
Tasos Bakasetas,Tasos,Bakasetas,Offensive Midfielder,Team Training,MD-3,Wednesday,46,Team Training,72,8485,117.8,246,246,134,134,96,96,447,421,6.21,6.21,137,5,6,6,2,2,1,1,29.2,32.9,31,31,,15,15,9,9,6,6,,,,,,,0.43,0.43,5.43,5.07,31,31,15,15,9,9,6,6,,,,,,,0.44,0.44,-5.02,-3.26,13.4,14.0,35,287,251,179,718,818,7.2,7.2,2.2,2.2,149,212,191,195,51.5,2.5,11/12/2025,11/12/2025,
Petros Mantalos,Petros,Mantalos,Offensive Midfielder,Team Training,MD-3,Wednesday,46,Team Training,88,9481,107.7,294,294,161,161,103,103,535,538,6.08,6.08,148,6,7,7,3,3,2,2,29.8,33.7,36,36,,18,18,10,10,7,7,,,,,,,0.41,0.41,6.16,4.2,32,32,16,16,9,9,6,6,,,,,,,0.37,0.37,-4.79,-4.1,13.8,16.4,37,300,262,187,750,822,8.8,8.8,2.6,2.6,139,237,189,200,50.5,6.9,11/12/2025,11/12/2025,
Giannis Konstantelias,Giannis,Konstantelias,Offensive Midfielder,Team Training,MD-3,Wednesday,46,Team Training,88,8841,100.5,257,257,140,140,124,124,468,425,5.32,5.32,177,6,6,6,3,3,2,2,29.2,32.8,34,34,,17,17,10,10,6,6,,,,,,,0.39,0.39,5.39,4.94,34,34,17,17,10,10,6,6,,,,,,,0.39,0.39,-5.36,-5.23,8.1,13.0,37,294,258,184,736,785,8.8,8.8,2.6,2.6,144,221,188,194,51.1,5.8,11/12/2025,11/12/2025,
Dimitris Pelkas,Dimitris,Pelkas,Offensive Midfielder,Team Training,MD-3,Wednesday,46,Team Training,80,8448,105.6,270,270,147,147,115,115,491,514,6.13,6.13,164,6,6,6,3,3,2,2,29.9,32.8,29,29,,14,14,8,8,5,5,,,,,,,0.37,0.37,5.55,4.6,28,28,14,14,8,8,5,5,,,,,,,0.36,0.36,-5.81,-5.46,16.5,14.8,32,275,241,172,687,785,8.0,8.0,2.4,2.4,150,211,196,197,49.3,8.1,11/12/2025,11/12/2025,
Konstantinos Karetsas,Konstantinos,Karetsas,Winger,Team Training,MD-3,Wednesday,46,Team Training,88,9703,110.3,426,426,233,233,167,167,775,782,8.81,8.81,239,10,10,10,5,5,3,3,32.0,35.5,34,34,,17,17,10,10,6,6,,,,,,,0.39,0.39,5.06,4.81,33,33,16,16,10,10,6,6,,,,,,,0.38,0.38,-4.74,-4.29,8.7,9.4,38,301,264,188,754,902,8.8,8.8,2.6,2.6,142,243,192,193,49.9,5.5,11/12/2025,11/12/2025,
Christos Tzolis,Christos,Tzolis,Winger,Team Training,MD-3,Wednesday,46,Team Training,80,8681,108.5,438,438,239,239,167,167,797,799,9.97,9.97,239,10,10,10,5,5,3,3,31.5,34.9,32,32,,16,16,9,9,6,6,,,,,,,0.41,0.41,5.62,3.79,31,31,15,15,9,9,6,6,,,,,,,0.4,0.4,-5.47,-3.94,17.4,15.3,35,247,216,155,618,695,8.0,8.0,2.4,2.4,147,217,188,193,51.4,3.0,11/12/2025,11/12/2025,
Giorgos Masouras,Giorgos,Masouras,Winger,Team Training,MD-3,Wednesday,46,Team Training,72,6904,95.9,348,348,190,190,138,138,633,660,8.79,8.79,198,8,8,8,4,4,2,2,31.0,34.8,24,24,,12,12,7,7,4,4,,,,,,,0.34,0.34,5.1,4.13,24,24,12,12,7,7,4,4,,,,,,,0.33,0.33,-5.5,-5.36,10.2,17.5,33,215,188,134,538,584,7.2,7.2,2.2,2.2,154,173,193,193,48.3,4.0,11/12/2025,11/12/2025,
Vangelis Pavlidis,Vangelis,Pavlidis,Striker,Team Training,MD-3,Wednesday,46,Team Training,72,7381,102.5,301,301,164,164,116,116,547,498,7.6,7.6,165,5,7,7,3,3,2,2,31.3,34.2,23,23,,11,11,7,7,4,4,,,,,,,0.33,0.33,5.58,4.14,22,22,11,11,6,6,4,4,,,,,,,0.31,0.31,-6.22,-3.58,11.9,18.7,32,241,211,151,602,695,7.2,7.2,2.2,2.2,147,185,194,193,48.6,7.7,11/12/2025,11/12/2025,
Fotis Ioannidis,Fotis,Ioannidis,Striker,Team Training,MD-3,Wednesday,46,Team Training,65,6151,94.6,267,267,146,146,99,99,486,475,7.48,7.48,142,6,6,6,3,3,1,1,30.3,33.9,21,21,,10,10,6,6,4,4,,,,,,,0.33,0.33,4.68,5.39,20,20,10,10,6,6,4,4,,,,,,,0.32,0.32,-4.84,-3.84,10.4,13.5,25,204,179,128,511,574,6.5,6.5,1.9,1.9,144,154,195,193,50.0,3.4,11/12/2025,11/12/2025,
Konstantinos Tzolakis,Konstantinos,Tzolakis,Goalkeeper,Team Training,MD-2,Thursday,46,Team Training,65,2842,43.7,26,26,14,14,6,6,47,46,0.72,0.72,8,0,0,0,0,0,0,0,23.7,27.2,9,9,,4,4,2,2,1,1,,,,,,,0.15,0.15,5.15,4.47,8,8,4,4,2,2,1,1,,,,,,,0.13,0.13,-5.63,-3.07,11.6,14.4,12,82,72,51,205,239,6.5,6.5,1.9,1.9,142,71,194,195,48.3,7.5,11/13/2025,11/13/2025,
Odysseas Vlachodimos,Odysseas,Vlachodimos,Goalkeeper,Team Training,MD-2,Thursday,46,Team Training,65,2880,44.3,27,27,15,15,6,6,49,47,0.76,0.76,8,0,0,0,0,0,0,0,24.8,26.9,8,8,,4,4,2,2,1,1,,,,,,,0.14,0.14,5.39,3.38,8,8,4,4,2,2,1,1,,,,,,,0.13,0.13,-5.16,-3.95,19.4,18.4,13,92,81,58,231,266,6.5,6.5,1.9,1.9,138,72,193,198,48.7,5.3,11/13/2025,11/13/2025,
Christos Mandas,Christos,Mandas,Goalkeeper,Team Training,MD-2,Thursday,46,Team Training,65,3022,46.5,24,24,13,13,6,6,44,40,0.68,0.68,9,0,0,0,0,0,0,0,24.6,27.5,9,9,,4,4,2,2,1,1,,,,,,,0.15,0.15,5.97,5.36,9,9,4,4,2,2,1,1,,,,,,,0.15,0.15,-5.94,-4.2,17.2,9.9,15,87,76,55,218,250,6.5,6.5,1.9,1.9,150,76,188,194,52.0,7.4,11/13/2025,11/13/2025,
Giorgos Vagiannidis,Giorgos,Vagiannidis,Full Back,Team Training,MD-2,Thursday,46,Team Training,65,5602,86.2,252,252,137,137,68,68,458,463,7.04,7.04,97,4,6,6,3,3,1,1,30.1,33.9,18,18,,9,9,5,5,3,3,,,,,,,0.28,0.28,4.94,3.37,18,18,9,9,5,5,3,3,,,,,,,0.29,0.29,-5.42,-4.34,13.2,10.0,24,182,159,114,454,528,6.5,6.5,1.9,1.9,141,140,186,193,49.5,3.3,11/13/2025,11/13/2025,
Kostas Tsimikas,Kostas,Tsimikas,Full Back,Team Training,MD-2,Thursday,46,Team Training,72,7243,100.6,328,328,179,179,122,122,596,554,8.27,8.27,174,5,8,8,3,3,2,2,30.9,34.3,25,25,,12,12,7,7,5,5,,,,,,,0.36,0.36,5.61,4.02,26,26,13,13,7,7,5,5,,,,,,,0.36,0.36,-5.68,-5.27,14.1,15.0,30,208,182,130,519,577,7.2,7.2,2.2,2.2,154,181,191,200,51.1,7.1,11/13/2025,11/13/2025,
Lazaros Rota,Lazaros,Rota,Full Back,Team Training,MD-2,Thursday,46,Team Training,72,7121,98.9,303,303,165,165,118,118,551,562,7.65,7.65,169,6,7,7,3,3,2,2,30.0,34.0,27,27,,13,13,8,8,5,5,,,,,,,0.38,0.38,4.84,3.22,27,27,13,13,8,8,5,5,,,,,,,0.38,0.38,-6.37,-4.88,19.7,12.3,30,234,205,146,585,689,7.2,7.2,2.2,2.2,143,178,186,192,49.5,2.6,11/13/2025,11/13/2025,
Ntinos Mavropanos,Ntinos,Mavropanos,Central Defender,Team Training,MD-2,Thursday,46,Team Training,72,6165,85.6,147,147,80,80,62,62,267,241,3.71,3.71,88,4,3,3,1,1,1,1,29.5,31.8,18,18,,9,9,5,5,3,3,,,,,,,0.26,0.26,5.44,3.68,18,18,9,9,5,5,3,3,,,,,,,0.25,0.25,-5.29,-4.06,10.4,19.7,29,198,173,124,495,574,7.2,7.2,2.2,2.2,136,154,189,192,50.9,2.0,11/13/2025,11/13/2025,
Konstantinos Koulierakis,Konstantinos,Koulierakis,Central Defender,Team Training,MD-2,Thursday,46,Team Training,80,5807,72.6,166,166,91,91,54,54,302,279,3.77,3.77,78,3,4,4,2,2,1,1,29.4,32.1,17,17,,8,8,5,5,3,3,,,,,,,0.22,0.22,5.71,4.79,16,16,8,8,5,5,3,3,,,,,,,0.21,0.21,-5.87,-5.43,18.9,9.3,29,164,143,102,410,445,8.0,8.0,2.4,2.4,145,145,192,195,49.5,4.6,11/13/2025,11/13/2025,
Pantelis Hatzidiakos,Pantelis,Hatzidiakos,Central Defender,Team Training,MD-2,Thursday,46,Team Training,65,5576,85.8,160,160,87,87,44,44,291,297,4.47,4.47,63,2,3,3,1,1,0,0,29.5,32.2,20,20,,10,10,6,6,4,4,,,,,,,0.32,0.32,6.0,3.36,19,19,9,9,5,5,3,3,,,,,,,0.3,0.3,-4.59,-5.07,15.8,18.1,29,168,147,105,420,490,6.5,6.5,1.9,1.9,141,139,187,192,49.2,7.5,11/13/2025,11/13/2025,
Panagiotis Retsos,Panagiotis,Retsos,Central Defender,Team Training,MD-2,Thursday,46,Team Training,65,5704,87.8,141,141,77,77,46,46,256,231,3.94,3.94,66,3,3,3,1,1,0,0,27.9,32.6,21,21,,10,10,6,6,4,4,,,,,,,0.34,0.34,5.03,3.42,19,19,9,9,5,5,3,3,,,,,,,0.3,0.3,-5.9,-3.56,16.8,11.4,23,186,163,116,465,513,6.5,6.5,1.9,1.9,152,143,189,197,49.4,6.7,11/13/2025,11/13/2025,
Giorgos Kiriakopoulos,Giorgos,Kiriakopoulos,Full Back,Team Training,MD-2,Thursday,46,Team Training,72,6864,95.3,266,266,145,145,106,106,483,480,6.72,6.72,151,5,6,6,3,3,2,2,30.1,34.5,21,21,,10,10,6,6,4,4,,,,,,,0.29,0.29,5.99,3.23,21,21,10,10,6,6,4,4,,,,,,,0.3,0.3,-6.33,-4.54,18.9,8.3,35,230,201,144,575,616,7.2,7.2,2.2,2.2,152,172,186,199,49.1,3.5,11/13/2025,11/13/2025,
Dimitris Kourbelis,Dimitris,Kourbelis,Defensive Midfielder,Team Training,MD-2,Thursday,46,Team Training,65,5699,87.7,171,171,93,93,55,55,311,325,4.78,4.78,79,3,4,4,2,2,1,1,29.2,32.4,22,22,,11,11,6,6,4,4,,,,,,,0.34,0.34,5.5,4.69,20,20,10,10,6,6,4,4,,,,,,,0.32,0.32,-4.84,-5.73,13.6,13.8,24,190,166,119,474,558,6.5,6.5,1.9,1.9,153,142,192,200,52.0,6.2,11/13/2025,11/13/2025,
Christos Zafeiris,Christos,Zafeiris,Defensive Midfielder,Team Training,MD-2,Thursday,46,Team Training,88,9113,103.6,238,238,130,130,85,85,432,406,4.91,4.91,121,5,5,5,2,2,1,1,28.0,32.1,37,37,,18,18,11,11,7,7,,,,,,,0.42,0.42,5.47,3.76,36,36,18,18,10,10,7,7,,,,,,,0.41,0.41,-6.3,-4.33,19.4,18.1,45,297,260,185,742,871,8.8,8.8,2.6,2.6,144,228,190,193,48.8,5.2,11/13/2025,11/13/2025,
Manolis Siopis,Manolis,Siopis,Defensive Midfielder,Team Training,MD-2,Thursday,46,Team Training,88,8524,96.9,204,204,111,111,85,85,372,354,4.22,4.22,122,5,5,5,2,2,1,1,29.5,32.0,26,26,,13,13,7,7,5,5,,,,,,,0.3,0.3,4.76,5.45,27,27,13,13,8,8,5,5,,,,,,,0.31,0.31,-5.73,-3.31,19.4,10.6,34,261,229,163,653,712,8.8,8.8,2.6,2.6,151,213,186,194,49.8,4.6,11/13/2025,11/13/2025,
Christos Mouzakitis,Christos,Mouzakitis,Defensive Midfielder,Team Training,MD-2,Thursday,46,Team Training,80,7244,90.6,202,202,110,110,65,65,367,377,4.58,4.58,93,4,5,5,2,2,1,1,28.4,32.0,28,28,,14,14,8,8,5,5,,,,,,,0.36,0.36,5.95,4.41,27,27,13,13,8,8,5,5,,,,,,,0.34,0.34,-5.42,-4.59,18.8,15.7,28,230,202,144,576,653,8.0,8.0,2.4,2.4,138,181,190,192,49.8,9.0,11/13/2025,11/13/2025,
Tasos Bakasetas,Tasos,Bakasetas,Offensive Midfielder,Team Training,MD-2,Thursday,46,Team Training,72,5840,81.1,203,203,111,111,66,66,369,358,5.12,5.12,94,3,5,5,2,2,1,1,28.8,33.0,20,20,,10,10,6,6,4,4,,,,,,,0.28,0.28,5.42,3.22,20,20,10,10,6,6,4,4,,,,,,,0.29,0.29,-6.39,-5.38,10.9,9.1,22,190,166,119,476,514,7.2,7.2,2.2,2.2,153,146,190,196,50.1,7.2,11/13/2025,11/13/2025,
Petros Mantalos,Petros,Mantalos,Offensive Midfielder,Team Training,MD-2,Thursday,46,Team Training,65,5429,83.5,203,203,110,110,78,78,368,335,5.67,5.67,112,5,5,5,2,2,1,1,29.2,33.2,18,18,,9,9,5,5,3,3,,,,,,,0.29,0.29,5.8,4.25,19,19,9,9,5,5,3,3,,,,,,,0.3,0.3,-6.26,-3.1,9.4,20.0,26,167,147,105,419,464,6.5,6.5,1.9,1.9,140,136,185,192,49.8,7.3,11/13/2025,11/13/2025,
Giannis Konstantelias,Giannis,Konstantelias,Offensive Midfielder,Team Training,MD-2,Thursday,46,Team Training,65,5510,84.8,166,166,91,91,79,79,302,304,4.64,4.64,113,4,4,4,2,2,1,1,29.7,33.5,19,19,,9,9,5,5,3,3,,,,,,,0.3,0.3,5.43,4.73,19,19,9,9,5,5,3,3,,,,,,,0.3,0.3,-5.64,-4.96,19.8,10.7,28,181,158,113,452,483,6.5,6.5,1.9,1.9,142,138,186,193,50.4,5.6,11/13/2025,11/13/2025,
Dimitris Pelkas,Dimitris,Pelkas,Offensive Midfielder,Team Training,MD-2,Thursday,46,Team Training,88,8498,96.6,270,270,147,147,92,92,491,494,5.57,5.57,131,5,6,6,3,3,1,1,29.0,33.7,31,31,,15,15,9,9,6,6,,,,,,,0.36,0.36,4.92,3.4,32,32,16,16,9,9,6,6,,,,,,,0.37,0.37,-4.78,-5.21,12.7,16.3,34,276,242,173,691,740,8.8,8.8,2.6,2.6,145,212,192,192,51.3,3.0,11/13/2025,11/13/2025,
Konstantinos Karetsas,Konstantinos,Karetsas,Winger,Team Training,MD-2,Thursday,46,Team Training,80,7283,91.0,315,315,172,172,115,115,573,547,7.16,7.16,164,7,7,7,3,3,2,2,31.2,35.1,26,26,,13,13,7,7,5,5,,,,,,,0.33,0.33,5.36,4.81,26,26,13,13,7,7,5,5,,,,,,,0.33,0.33,-6.44,-3.37,14.3,14.8,36,242,212,151,605,652,8.0,8.0,2.4,2.4,138,182,188,195,50.4,3.8,11/13/2025,11/13/2025,
Christos Tzolis,Christos,Tzolis,Winger,Team Training,MD-2,Thursday,46,Team Training,65,5775,88.8,229,229,125,125,87,87,417,399,6.41,6.41,125,5,5,5,2,2,1,1,31.7,35.7,21,21,,10,10,6,6,4,4,,,,,,,0.34,0.34,5.34,3.95,22,22,11,11,6,6,4,4,,,,,,,0.35,0.35,-5.77,-3.94,14.7,10.7,29,169,148,106,422,466,6.5,6.5,1.9,1.9,141,144,194,199,51.4,4.5,11/13/2025,11/13/2025,
Giorgos Masouras,Giorgos,Masouras,Winger,Team Training,MD-2,Thursday,46,Team Training,80,7322,91.5,354,354,193,193,162,162,643,610,8.04,8.04,232,9,8,8,4,4,3,3,32.2,35.1,22,22,,11,11,6,6,4,4,,,,,,,0.28,0.28,6.12,4.24,21,21,10,10,6,6,4,4,,,,,,,0.27,0.27,-4.66,-4.88,9.4,10.4,28,203,178,127,507,542,8.0,8.0,2.4,2.4,136,183,189,198,50.4,2.3,11/13/2025,11/13/2025,
Vangelis Pavlidis,Vangelis,Pavlidis,Striker,Team Training,MD-2,Thursday,46,Team Training,72,6173,85.7,267,267,146,146,89,89,485,468,6.74,6.74,128,4,6,6,3,3,1,1,30.7,34.3,21,21,,10,10,6,6,4,4,,,,,,,0.3,0.3,4.51,4.41,21,21,10,10,6,6,4,4,,,,,,,0.3,0.3,-5.33,-4.95,10.5,17.5,28,192,168,120,480,563,7.2,7.2,2.2,2.2,151,154,197,196,51.3,8.6,11/13/2025,11/13/2025,
Fotis Ioannidis,Fotis,Ioannidis,Striker,Team Training,MD-2,Thursday,46,Team Training,72,5680,78.9,244,244,133,133,112,112,444,444,6.16,6.16,160,7,6,6,2,2,2,2,31.2,34.2,20,20,,10,10,6,6,4,4,,,,,,,0.29,0.29,5.42,3.78,19,19,9,9,5,5,3,3,,,,,,,0.27,0.27,-6.43,-3.46,18.8,16.7,23,172,151,108,431,488,7.2,7.2,2.2,2.2,141,142,196,200,48.7,7.9,11/13/2025,11/13/2025,
Konstantinos Tzolakis,Konstantinos,Tzolakis,Goalkeeper,Team Training,MD-1,Friday,46,Team Training,65,1734,26.7,14,14,8,8,4,4,25,24,0.39,0.39,6,0,0,0,0,0,0,0,23.9,27.0,6,6,,3,3,1,1,1,1,,,,,,,0.09,0.09,4.88,5.46,6,6,3,3,1,1,1,1,,,,,,,0.1,0.1,-6.17,-3.33,19.9,18.7,7,51,45,32,128,151,6.5,6.5,1.9,1.9,136,43,189,192,51.1,2.1,11/14/2025,11/14/2025,
Odysseas Vlachodimos,Odysseas,Vlachodimos,Goalkeeper,Team Training,MD-1,Friday,46,Team Training,72,1945,27.0,18,18,10,10,5,5,32,33,0.44,0.44,7,0,0,0,0,0,0,0,23.6,27.3,7,7,,3,3,2,2,1,1,,,,,,,0.1,0.1,5.36,4.32,7,7,3,3,2,2,1,1,,,,,,,0.1,0.1,-6.19,-5.24,10.1,12.1,8,56,49,35,140,155,7.2,7.2,2.2,2.2,141,49,188,199,48.8,8.9,11/14/2025,11/14/2025,
Christos Mandas,Christos,Mandas,Goalkeeper,Team Training,MD-1,Friday,46,Team Training,88,2732,31.0,21,21,11,11,5,5,37,37,0.42,0.42,7,0,0,0,0,0,0,0,24.1,26.8,8,8,,4,4,2,2,1,1,,,,,,,0.1,0.1,5.99,4.43,8,8,4,4,2,2,1,1,,,,,,,0.09,0.09,-6.5,-4.5,8.5,19.8,12,77,68,48,193,228,8.8,8.8,2.6,2.6,141,68,187,197,51.4,3.4,11/14/2025,11/14/2025,
Giorgos Vagiannidis,Giorgos,Vagiannidis,Full Back,Team Training,MD-1,Friday,46,Team Training,65,3808,58.6,154,154,84,84,57,57,279,281,4.3,4.3,82,2,3,3,1,1,1,1,30.0,34.0,14,14,,7,7,4,4,2,2,,,,,,,0.22,0.22,5.3,3.78,12,12,6,6,3,3,2,2,,,,,,,0.2,0.2,-5.06,-4.74,14.7,10.1,18,112,98,70,280,300,6.5,6.5,1.9,1.9,139,95,185,200,48.7,2.4,11/14/2025,11/14/2025,
Kostas Tsimikas,Kostas,Tsimikas,Full Back,Team Training,MD-1,Friday,46,Team Training,88,5975,67.9,266,266,145,145,78,78,484,444,5.5,5.5,111,3,6,6,3,3,1,1,30.5,34.2,23,23,,11,11,7,7,4,4,,,,,,,0.27,0.27,5.26,3.44,24,24,12,12,7,7,4,4,,,,,,,0.28,0.28,-5.62,-3.53,17.7,14.0,29,167,146,104,417,483,8.8,8.8,2.6,2.6,146,149,197,195,48.9,4.1,11/14/2025,11/14/2025,
Lazaros Rota,Lazaros,Rota,Full Back,Team Training,MD-1,Friday,46,Team Training,72,4134,57.4,185,185,101,101,52,52,337,331,4.68,4.68,75,3,4,4,2,2,1,1,30.8,34.2,15,15,,7,7,4,4,3,3,,,,,,,0.21,0.21,5.95,5.41,14,14,7,7,4,4,2,2,,,,,,,0.2,0.2,-4.94,-3.46,14.4,11.7,18,118,103,74,295,346,7.2,7.2,2.2,2.2,151,103,194,196,49.9,6.1,11/14/2025,11/14/2025,
Ntinos Mavropanos,Ntinos,Mavropanos,Central Defender,Team Training,MD-1,Friday,46,Team Training,65,3812,58.6,109,109,60,60,35,35,199,188,3.05,3.05,50,2,2,2,1,1,0,0,29.1,32.7,12,12,,6,6,3,3,2,2,,,,,,,0.19,0.19,5.37,3.38,11,11,5,5,3,3,2,2,,,,,,,0.18,0.18,-6.47,-5.71,14.8,10.4,15,118,103,74,295,326,6.5,6.5,1.9,1.9,150,95,186,197,49.3,4.5,11/14/2025,11/14/2025,
Konstantinos Koulierakis,Konstantinos,Koulierakis,Central Defender,Team Training,MD-1,Friday,46,Team Training,80,4747,59.3,117,117,64,64,40,40,213,207,2.66,2.66,56,2,2,2,1,1,0,0,28.3,32.2,14,14,,7,7,4,4,2,2,,,,,,,0.18,0.18,5.25,5.0,13,13,6,6,4,4,2,2,,,,,,,0.17,0.17,-4.78,-4.63,19.4,15.1,20,135,118,84,336,362,8.0,8.0,2.4,2.4,152,119,186,196,48.8,2.5,11/14/2025,11/14/2025,
Pantelis Hatzidiakos,Pantelis,Hatzidiakos,Central Defender,Team Training,MD-1,Friday,46,Team Training,65,3487,53.6,79,79,43,43,24,24,143,134,2.2,2.2,35,1,1,1,0,0,0,0,27.9,32.4,13,13,,6,6,4,4,2,2,,,,,,,0.21,0.21,4.57,4.97,14,14,7,7,4,4,2,2,,,,,,,0.22,0.22,-5.95,-4.15,14.2,17.1,13,105,92,66,264,308,6.5,6.5,1.9,1.9,148,87,193,198,49.9,6.0,11/14/2025,11/14/2025,
Panagiotis Retsos,Panagiotis,Retsos,Central Defender,Team Training,MD-1,Friday,46,Team Training,72,3896,54.1,99,99,54,54,30,30,180,177,2.5,2.5,43,2,2,2,1,1,0,0,29.2,31.7,14,14,,7,7,4,4,2,2,,,,,,,0.2,0.2,5.79,4.21,14,14,7,7,4,4,2,2,,,,,,,0.2,0.2,-6.19,-3.93,16.3,8.8,18,119,104,75,298,333,7.2,7.2,2.2,2.2,139,97,194,193,49.2,5.9,11/14/2025,11/14/2025,
Giorgos Kiriakopoulos,Giorgos,Kiriakopoulos,Full Back,Team Training,MD-1,Friday,46,Team Training,72,5078,70.5,171,171,93,93,83,83,311,296,4.32,4.32,118,4,4,4,2,2,1,1,30.7,34.6,15,15,,7,7,4,4,3,3,,,,,,,0.22,0.22,5.41,3.94,15,15,7,7,4,4,3,3,,,,,,,0.22,0.22,-6.03,-4.43,13.6,12.1,21,152,133,95,380,422,7.2,7.2,2.2,2.2,150,127,194,194,48.4,6.7,11/14/2025,11/14/2025,
Dimitris Kourbelis,Dimitris,Kourbelis,Defensive Midfielder,Team Training,MD-1,Friday,46,Team Training,65,4207,64.7,127,127,69,69,42,42,231,219,3.55,3.55,60,2,3,3,1,1,0,0,29.1,32.5,13,13,,6,6,4,4,2,2,,,,,,,0.21,0.21,5.51,5.19,13,13,6,6,4,4,2,2,,,,,,,0.21,0.21,-4.94,-3.17,8.8,14.8,18,127,111,80,318,369,6.5,6.5,1.9,1.9,149,105,190,193,50.0,6.2,11/14/2025,11/14/2025,
Christos Zafeiris,Christos,Zafeiris,Defensive Midfielder,Team Training,MD-1,Friday,46,Team Training,88,6276,71.3,178,178,97,97,55,55,323,330,3.68,3.68,78,3,4,4,2,2,1,1,28.6,32.7,21,21,,10,10,6,6,4,4,,,,,,,0.25,0.25,5.49,3.46,22,22,11,11,6,6,4,4,,,,,,,0.26,0.26,-5.08,-5.59,13.5,17.4,26,207,181,129,518,621,8.8,8.8,2.6,2.6,154,157,185,193,49.8,8.0,11/14/2025,11/14/2025,
Manolis Siopis,Manolis,Siopis,Defensive Midfielder,Team Training,MD-1,Friday,46,Team Training,88,6038,68.6,144,144,79,79,56,56,262,263,2.98,2.98,81,3,3,3,1,1,1,1,29.1,32.6,22,22,,11,11,6,6,4,4,,,,,,,0.25,0.25,5.88,3.73,22,22,11,11,6,6,4,4,,,,,,,0.26,0.26,-5.42,-5.58,14.5,16.7,28,195,170,122,487,533,8.8,8.8,2.6,2.6,135,151,185,200,49.9,7.0,11/14/2025,11/14/2025,
Christos Mouzakitis,Christos,Mouzakitis,Defensive Midfielder,Team Training,MD-1,Friday,46,Team Training,72,5009,69.6,138,138,75,75,37,37,251,261,3.48,3.48,53,2,3,3,1,1,0,0,28.2,31.9,17,17,,8,8,5,5,3,3,,,,,,,0.25,0.25,5.34,4.84,18,18,9,9,5,5,3,3,,,,,,,0.25,0.25,-5.84,-5.13,12.7,11.4,24,162,142,101,406,428,7.2,7.2,2.2,2.2,144,125,188,199,51.5,8.8,11/14/2025,11/14/2025,
Tasos Bakasetas,Tasos,Bakasetas,Offensive Midfielder,Team Training,MD-1,Friday,46,Team Training,80,4760,59.5,136,136,74,74,62,62,247,241,3.08,3.08,89,4,3,3,1,1,1,1,29.0,33.6,18,18,,9,9,5,5,3,3,,,,,,,0.23,0.23,6.03,3.71,19,19,9,9,5,5,3,3,,,,,,,0.24,0.24,-6.39,-4.56,10.9,12.5,18,156,136,97,389,421,8.0,8.0,2.4,2.4,138,119,195,193,49.1,6.2,11/14/2025,11/14/2025,
Petros Mantalos,Petros,Mantalos,Offensive Midfielder,Team Training,MD-1,Friday,46,Team Training,72,4045,56.2,116,116,63,63,56,56,211,220,2.93,2.93,81,3,2,2,1,1,1,1,29.0,32.8,12,12,,6,6,3,3,2,2,,,,,,,0.17,0.17,5.6,5.48,12,12,6,6,3,3,2,2,,,,,,,0.17,0.17,-4.85,-5.43,8.2,9.6,15,130,114,81,325,362,7.2,7.2,2.2,2.2,147,101,186,197,48.6,5.1,11/14/2025,11/14/2025,
Giannis Konstantelias,Giannis,Konstantelias,Offensive Midfielder,Team Training,MD-1,Friday,46,Team Training,65,4374,67.3,132,132,72,72,55,55,239,228,3.68,3.68,78,3,3,3,1,1,1,1,29.6,33.4,17,17,,8,8,5,5,3,3,,,,,,,0.26,0.26,5.15,3.85,17,17,8,8,5,5,3,3,,,,,,,0.27,0.27,-4.85,-4.31,9.4,15.0,20,121,106,76,304,327,6.5,6.5,1.9,1.9,137,109,189,198,51.6,8.3,11/14/2025,11/14/2025,
Dimitris Pelkas,Dimitris,Pelkas,Offensive Midfielder,Team Training,MD-1,Friday,46,Team Training,88,5444,61.9,191,191,104,104,63,63,348,321,3.95,3.95,91,3,4,4,2,2,1,1,30.3,32.9,16,16,,8,8,5,5,3,3,,,,,,,0.19,0.19,5.97,4.09,17,17,8,8,5,5,3,3,,,,,,,0.19,0.19,-5.48,-5.34,9.2,16.3,28,163,143,102,407,457,8.8,8.8,2.6,2.6,135,136,195,196,51.4,8.9,11/14/2025,11/14/2025,
Konstantinos Karetsas,Konstantinos,Karetsas,Winger,Team Training,MD-1,Friday,46,Team Training,88,4984,56.6,245,245,134,134,85,85,446,406,5.07,5.07,121,4,6,6,2,2,1,1,31.6,35.3,19,19,,9,9,5,5,3,3,,,,,,,0.22,0.22,4.98,3.99,20,20,10,10,6,6,4,4,,,,,,,0.23,0.23,-5.8,-3.16,19.6,10.5,20,143,125,89,357,383,8.8,8.8,2.6,2.6,153,125,193,198,50.0,3.1,11/14/2025,11/14/2025,
Christos Tzolis,Christos,Tzolis,Winger,Team Training,MD-1,Friday,46,Team Training,65,3948,60.7,198,198,108,108,74,74,359,341,5.53,5.53,106,4,4,4,2,2,1,1,31.1,35.6,14,14,,7,7,4,4,2,2,,,,,,,0.22,0.22,5.34,4.76,14,14,7,7,4,4,2,2,,,,,,,0.22,0.22,-6.13,-5.46,13.3,17.2,18,122,106,76,304,335,6.5,6.5,1.9,1.9,143,99,191,197,49.6,6.0,11/14/2025,11/14/2025,
Giorgos Masouras,Giorgos,Masouras,Winger,Team Training,MD-1,Friday,46,Team Training,88,4995,56.8,223,223,122,122,81,81,406,376,4.61,4.61,115,4,5,5,2,2,1,1,32.1,35.0,18,18,,9,9,5,5,3,3,,,,,,,0.21,0.21,4.83,5.32,17,17,8,8,5,5,3,3,,,,,,,0.19,0.19,-4.9,-4.8,15.5,15.3,21,152,133,95,380,434,8.8,8.8,2.6,2.6,141,125,190,199,49.5,8.3,11/14/2025,11/14/2025,
Vangelis Pavlidis,Vangelis,Pavlidis,Striker,Team Training,MD-1,Friday,46,Team Training,65,4071,62.6,156,156,85,85,69,69,284,277,4.36,4.36,98,4,3,3,1,1,1,1,30.2,34.5,12,12,,6,6,3,3,2,2,,,,,,,0.19,0.19,5.05,4.99,12,12,6,6,3,3,2,2,,,,,,,0.19,0.19,-4.67,-3.13,17.2,20.0,19,116,101,72,289,334,6.5,6.5,1.9,1.9,150,102,197,199,49.3,4.0,11/14/2025,11/14/2025,
Fotis Ioannidis,Fotis,Ioannidis,Striker,Team Training,MD-1,Friday,46,Team Training,88,5383,61.2,239,239,130,130,81,81,434,425,4.93,4.93,116,3,5,5,2,2,1,1,30.3,34.2,19,19,,9,9,5,5,3,3,,,,,,,0.22,0.22,4.76,4.12,19,19,9,9,5,5,3,3,,,,,,,0.22,0.22,-6.11,-3.61,14.0,10.4,27,180,157,112,449,488,8.8,8.8,2.6,2.6,147,135,196,195,51.5,8.0,11/14/2025,11/14/2025,
Konstantinos Tzolakis,Konstantinos,Tzolakis,Goalkeeper,GRE 3-2 SCO,Match Day,Saturday,46,Entire Session,90,5290,58.8,73,73,40,40,26,26,133,137,1.48,1.48,38,1,1,1,0,0,0,0,25.8,27.0,22,22,,11,11,6,6,4,4,,,,,,,0.25,0.25,4.72,4.83,21,21,10,10,6,6,4,4,,,,,,,0.24,0.24,-5.78,-4.21,18.7,9.8,20,169,148,106,424,504,16.2,16.2,5.4,5.4,163,132,186,192,48.6,6.9,11/15/2025,11/15/2025,
Giorgos Vagiannidis,Giorgos,Vagiannidis,Full Back,GRE 3-2 SCO,Match Day,Saturday,46,Entire Session,90,11237,124.9,622,622,339,339,300,300,1130,1055,12.56,12.56,429,17,15,15,7,7,6,6,32.6,33.8,54,54,,27,27,16,16,10,10,,,,,,,0.61,0.61,4.59,4.14,54,54,27,27,16,16,10,10,,,,,,,0.61,0.61,-5.64,-3.56,17.2,12.5,44,378,331,237,946,1101,16.2,16.2,5.4,5.4,162,281,195,193,50.9,4.8,11/15/2025,11/15/2025,
Christos Zafeiris,Christos,Zafeiris,Defensive Midfielder,GRE 3-2 SCO,Match Day,Saturday,46,Entire Session,90,12344,137.2,499,499,272,272,188,188,907,917,10.08,10.08,269,9,12,12,6,6,3,3,31.5,32.3,63,63,,31,31,19,19,12,12,,,,,,,0.7,0.7,5.65,4.61,64,64,32,32,19,19,12,12,,,,,,,0.72,0.72,-5.41,-3.73,15.3,19.4,61,360,315,225,900,946,16.2,16.2,5.4,5.4,166,309,188,195,51.8,6.5,11/15/2025,11/15/2025,
Christos Tzolis,Christos,Tzolis,Winger,GRE 3-2 SCO,Match Day,Saturday,46,Entire Session,90,11302,125.6,728,728,397,397,363,363,1324,1232,14.71,14.71,519,20,18,18,8,8,7,7,34.2,34.8,51,51,,25,25,15,15,10,10,,,,,,,0.57,0.57,5.38,5.05,47,47,23,23,14,14,9,9,,,,,,,0.53,0.53,-6.3,-3.21,9.7,8.8,55,347,304,217,868,1035,16.2,16.2,5.4,5.4,162,283,191,193,48.3,2.2,11/15/2025,11/15/2025,
Kostas Tsimikas,Kostas,Tsimikas,Full Back,GRE 3-2 SCO,Match Day,Saturday,46,Entire Session,90,11257,125.1,669,669,365,365,354,354,1216,1258,13.51,13.51,506,16,16,16,8,8,7,7,33.1,34.6,51,51,,25,25,15,15,10,10,,,,,,,0.58,0.58,4.56,5.3,49,49,24,24,14,14,9,9,,,,,,,0.55,0.55,-4.56,-4.8,13.1,15.2,49,364,319,228,911,1074,16.2,16.2,5.4,5.4,161,281,197,196,51.8,4.7,11/15/2025,11/15/2025,
Vangelis Pavlidis,Vangelis,Pavlidis,Striker,GRE 3-2 SCO,Match Day,Saturday,46,Entire Session,78,8841,113.3,491,491,268,268,274,274,892,896,11.44,11.44,391,14,12,12,5,5,5,5,33.7,34.6,44,44,,22,22,13,13,8,8,,,,,,,0.57,0.57,5.47,3.62,43,43,21,21,13,13,8,8,,,,,,,0.56,0.56,-5.24,-4.09,8.3,17.3,43,284,249,178,711,823,14.0,14.0,4.7,4.7,161,221,196,192,49.1,4.6,11/15/2025,11/15/2025,
Ntinos Mavropanos,Ntinos,Mavropanos,Central Defender,GRE 3-2 SCO,Match Day,Saturday,46,Entire Session,85,9923,116.7,401,401,219,219,197,197,730,725,8.58,8.58,281,9,10,10,4,4,3,3,32.0,32.4,45,45,,22,22,13,13,9,9,,,,,,,0.54,0.54,5.56,4.22,43,43,21,21,12,12,8,8,,,,,,,0.51,0.51,-5.91,-5.59,16.4,18.4,50,304,266,190,761,897,15.3,15.3,5.1,5.1,161,248,185,196,48.2,2.0,11/15/2025,11/15/2025,
Tasos Bakasetas,Tasos,Bakasetas,Offensive Midfielder,GRE 3-2 SCO,Match Day,Saturday,46,Entire Session,90,10451,116.1,452,452,246,246,255,255,821,802,9.13,9.13,364,15,11,11,5,5,5,5,31.4,32.9,43,43,,21,21,12,12,8,8,,,,,,,0.48,0.48,4.86,4.39,40,40,20,20,12,12,8,8,,,,,,,0.45,0.45,-4.71,-4.75,14.0,8.5,42,318,278,199,795,866,16.2,16.2,5.4,5.4,156,261,197,194,51.3,8.0,11/15/2025,11/15/2025,
Konstantinos Karetsas,Konstantinos,Karetsas,Winger,GRE 3-2 SCO,Match Day,Saturday,46,Entire Session,85,10383,122.2,716,716,390,390,434,434,1301,1339,15.31,15.31,620,25,17,17,8,8,8,8,34.3,35.3,45,45,,22,22,13,13,9,9,,,,,,,0.54,0.54,5.53,3.9,44,44,22,22,13,13,8,8,,,,,,,0.52,0.52,-4.79,-5.11,13.6,14.7,43,315,276,197,787,940,15.3,15.3,5.1,5.1,155,260,186,199,50.3,4.9,11/15/2025,11/15/2025,
Konstantinos Koulierakis,Konstantinos,Koulierakis,Central Defender,GRE 3-2 SCO,Match Day,Saturday,46,Entire Session,78,8971,115.0,315,315,172,172,135,135,573,539,7.35,7.35,193,8,7,7,3,3,2,2,30.4,32.1,36,36,,18,18,10,10,7,7,,,,,,,0.46,0.46,5.57,4.04,33,33,16,16,10,10,6,6,,,,,,,0.43,0.43,-5.76,-3.26,8.3,13.8,39,271,237,169,678,783,14.0,14.0,4.7,4.7,161,224,189,197,51.1,6.5,11/15/2025,11/15/2025,
Dimitris Kourbelis,Dimitris,Kourbelis,Defensive Midfielder,GRE 3-2 SCO,Match Day,Saturday,46,Entire Session,90,10609,117.9,377,377,206,206,185,185,686,698,7.62,7.62,265,9,9,9,4,4,3,3,31.6,31.9,49,49,,24,24,14,14,9,9,,,,,,,0.56,0.56,4.89,4.27,47,47,23,23,14,14,9,9,,,,,,,0.53,0.53,-6.18,-3.03,13.4,10.7,46,306,268,191,765,890,16.2,16.2,5.4,5.4,158,265,186,194,51.6,7.9,11/15/2025,11/15/2025,
Petros Mantalos,Petros,Mantalos,Offensive Midfielder,GRE 3-2 SCO,Match Day,Saturday,46,Entire Session,12,1516,126.3,74,74,40,40,34,34,134,127,11.18,11.18,48,2,1,1,0,0,0,0,32.9,33.5,7,7,,3,3,2,2,1,1,,,,,,,0.63,0.63,5.73,4.56,7,7,3,3,2,2,1,1,,,,,,,0.65,0.65,-5.61,-3.7,18.5,13.1,7,43,37,27,107,119,2.2,2.2,0.7,0.7,153,38,196,200,51.5,4.6,11/15/2025,11/15/2025,
Giorgos Kiriakopoulos,Giorgos,Kiriakopoulos,Full Back,GRE 3-2 SCO,Match Day,Saturday,46,Entire Session,12,1395,116.3,85,85,47,47,37,37,155,163,12.92,12.92,53,2,2,2,1,1,0,0,33.9,34.4,7,7,,3,3,2,2,1,1,,,,,,,0.58,0.58,4.79,5.09,7,7,3,3,2,2,1,1,,,,,,,0.6,0.6,-6.3,-4.76,10.3,10.5,6,45,39,28,112,126,2.2,2.2,0.7,0.7,152,35,196,196,49.6,9.0,11/15/2025,11/15/2025,
Lazaros Rota,Lazaros,Rota,Full Back,GRE 3-2 SCO,Match Day,Saturday,46,Entire Session,28,3573,127.6,199,199,108,108,103,103,361,370,12.9,12.9,147,6,4,4,2,2,2,2,33.8,34.7,14,14,,7,7,4,4,2,2,,,,,,,0.51,0.51,5.19,4.28,13,13,6,6,4,4,2,2,,,,,,,0.49,0.49,-5.69,-3.1,9.7,11.8,16,117,102,73,291,331,5.0,5.0,1.7,1.7,161,89,195,193,50.8,6.3,11/15/2025,11/15/2025,
Manolis Siopis,Manolis,Siopis,Defensive Midfielder,GRE 3-2 SCO,Match Day,Saturday,46,Entire Session,28,3799,135.7,149,149,81,81,72,72,270,284,9.65,9.65,103,4,3,3,1,1,1,1,30.5,31.7,20,20,,10,10,6,6,4,4,,,,,,,0.71,0.71,5.35,4.92,18,18,9,9,5,5,3,3,,,,,,,0.66,0.66,-5.28,-4.29,15.3,18.4,18,122,107,76,305,361,5.0,5.0,1.7,1.7,157,95,188,192,49.1,3.1,11/15/2025,11/15/2025,
Dimitris Pelkas,Dimitris,Pelkas,Offensive Midfielder,GRE 3-2 SCO,Match Day,Saturday,46,Entire Session,45,5493,122.1,239,239,131,131,118,118,435,404,9.68,9.68,168,7,5,5,2,2,2,2,32.0,33.3,21,21,,10,10,6,6,4,4,,,,,,,0.48,0.48,5.48,5.27,21,21,10,10,6,6,4,4,,,,,,,0.48,0.48,-5.6,-5.21,17.9,10.6,23,176,154,110,439,484,8.1,8.1,2.7,2.7,166,137,195,192,51.8,7.3,11/15/2025,11/15/2025,
Konstantinos Tzolakis,Konstantinos,Tzolakis,Goalkeeper,Team Training,MD+1 Recovery,Sunday,46,Recovery,35,916,26.2,8,8,4,4,2,2,15,13,0.42,0.42,3,0,0,0,0,0,0,0,23.7,27.7,3,3,,1,1,0,0,0,0,,,,,,,0.09,0.09,5.36,3.37,3,3,1,1,0,0,0,0,,,,,,,0.09,0.09,-5.0,-4.1,11.7,10.5,3,27,24,17,67,80,3.5,3.5,1.1,1.1,149,23,188,196,49.5,3.7,11/16/2025,11/16/2025,
Odysseas Vlachodimos,Odysseas,Vlachodimos,Goalkeeper,Team Training,MD+1 Recovery,Sunday,46,Recovery,35,868,24.8,8,8,4,4,2,2,15,15,0.43,0.43,3,0,0,0,0,0,0,0,23.8,27.0,2,2,,1,1,0,0,0,0,,,,,,,0.09,0.09,5.42,4.3,3,3,1,1,0,0,0,0,,,,,,,0.09,0.09,-5.36,-3.51,12.4,9.7,3,25,22,16,62,68,3.5,3.5,1.1,1.1,141,22,192,199,50.1,5.1,11/16/2025,11/16/2025,
Christos Mandas,Christos,Mandas,Goalkeeper,Team Training,MD+1 Recovery,Sunday,46,Recovery,45,1095,24.3,11,11,6,6,2,2,19,18,0.43,0.43,3,0,0,0,0,0,0,0,23.4,27.0,3,3,,1,1,1,1,0,0,,,,,,,0.08,0.08,4.79,3.23,3,3,1,1,1,1,0,0,,,,,,,0.08,0.08,-4.74,-3.62,19.4,15.8,5,33,29,21,83,95,4.5,4.5,1.3,1.3,143,27,196,196,51.0,7.5,11/16/2025,11/16/2025,
Giorgos Vagiannidis,Giorgos,Vagiannidis,Full Back,Team Training,MD+1 Recovery,Sunday,46,Recovery,25,1265,50.6,55,55,30,30,19,19,100,101,4.0,4.0,27,1,1,1,0,0,0,0,30.5,34.2,4,4,,2,2,1,1,0,0,,,,,,,0.2,0.2,5.8,4.16,4,4,2,2,1,1,0,0,,,,,,,0.19,0.19,-5.11,-3.34,9.0,18.6,5,36,31,22,90,97,2.5,2.5,0.8,0.8,143,32,195,196,51.4,8.4,11/16/2025,11/16/2025,
Kostas Tsimikas,Kostas,Tsimikas,Full Back,Team Training,MD+1 Recovery,Sunday,46,Recovery,25,1315,52.6,45,45,24,24,22,22,81,80,3.24,3.24,31,1,1,1,0,0,0,0,31.1,34.2,4,4,,2,2,1,1,0,0,,,,,,,0.17,0.17,4.63,3.89,4,4,2,2,1,1,0,0,,,,,,,0.17,0.17,-5.5,-3.47,16.2,17.6,6,37,32,23,93,110,2.5,2.5,0.8,0.8,140,33,189,199,48.8,7.7,11/16/2025,11/16/2025,
Lazaros Rota,Lazaros,Rota,Full Back,Team Training,MD+1 Recovery,Sunday,46,Recovery,45,2548,56.6,91,91,50,50,40,40,166,170,3.68,3.68,58,2,2,2,1,1,0,0,31.1,34.3,9,9,,4,4,2,2,1,1,,,,,,,0.2,0.2,4.62,3.98,8,8,4,4,2,2,1,1,,,,,,,0.19,0.19,-4.74,-3.08,12.9,8.8,9,73,64,46,184,201,4.5,4.5,1.3,1.3,136,64,188,198,48.2,5.8,11/16/2025,11/16/2025,
Ntinos Mavropanos,Ntinos,Mavropanos,Central Defender,Team Training,MD+1 Recovery,Sunday,46,Recovery,45,2066,45.9,60,60,33,33,19,19,110,110,2.44,2.44,26,1,1,1,0,0,0,0,29.0,32.3,6,6,,3,3,2,2,1,1,,,,,,,0.15,0.15,5.2,5.45,6,6,3,3,2,2,1,1,,,,,,,0.15,0.15,-6.02,-3.5,18.9,14.1,8,66,58,41,165,196,4.5,4.5,1.3,1.3,147,52,189,197,51.4,6.7,11/16/2025,11/16/2025,
Konstantinos Koulierakis,Konstantinos,Koulierakis,Central Defender,Team Training,MD+1 Recovery,Sunday,46,Recovery,45,2069,46.0,47,47,25,25,16,16,85,77,1.88,1.88,23,1,1,1,0,0,0,0,28.9,32.3,6,6,,3,3,1,1,1,1,,,,,,,0.14,0.14,4.79,3.44,6,6,3,3,1,1,1,1,,,,,,,0.14,0.14,-5.38,-4.08,10.8,13.4,9,68,60,43,170,196,4.5,4.5,1.3,1.3,142,52,186,196,48.6,5.2,11/16/2025,11/16/2025,
Pantelis Hatzidiakos,Pantelis,Hatzidiakos,Central Defender,Team Training,MD+1 Recovery,Sunday,46,Recovery,45,1935,43.0,45,45,25,25,17,17,83,76,1.83,1.83,24,1,1,1,0,0,0,0,29.0,31.9,7,7,,3,3,2,2,1,1,,,,,,,0.16,0.16,6.09,4.38,7,7,3,3,2,2,1,1,,,,,,,0.16,0.16,-5.24,-5.66,11.0,14.9,7,60,53,38,151,169,4.5,4.5,1.3,1.3,142,48,194,193,49.4,3.3,11/16/2025,11/16/2025,
Panagiotis Retsos,Panagiotis,Retsos,Central Defender,Team Training,MD+1 Recovery,Sunday,46,Recovery,35,1505,43.0,43,43,23,23,12,12,78,77,2.23,2.23,18,1,1,1,0,0,0,0,28.8,32.6,4,4,,2,2,1,1,0,0,,,,,,,0.14,0.14,5.3,5.24,5,5,2,2,1,1,1,1,,,,,,,0.14,0.14,-5.71,-3.71,14.5,19.6,7,42,37,27,106,122,3.5,3.5,1.1,1.1,145,38,192,194,51.2,4.0,11/16/2025,11/16/2025,
Giorgos Kiriakopoulos,Giorgos,Kiriakopoulos,Full Back,Team Training,MD+1 Recovery,Sunday,46,Recovery,35,1744,49.8,68,68,37,37,25,25,124,113,3.53,3.53,35,1,1,1,0,0,0,0,30.8,34.0,5,5,,2,2,1,1,1,1,,,,,,,0.16,0.16,6.02,3.93,5,5,2,2,1,1,1,1,,,,,,,0.15,0.15,-5.26,-5.7,15.5,12.1,7,56,49,35,140,154,3.5,3.5,1.1,1.1,138,44,190,195,50.3,5.8,11/16/2025,11/16/2025,
Dimitris Kourbelis,Dimitris,Kourbelis,Defensive Midfielder,Team Training,MD+1 Recovery,Sunday,46,Recovery,35,2080,59.4,55,55,30,30,21,21,101,94,2.87,2.87,30,1,1,1,0,0,0,0,28.4,32.4,7,7,,3,3,2,2,1,1,,,,,,,0.21,0.21,5.06,3.66,7,7,3,3,2,2,1,1,,,,,,,0.2,0.2,-5.59,-3.55,18.1,17.1,10,58,51,36,145,156,3.5,3.5,1.1,1.1,148,52,190,196,49.2,7.0,11/16/2025,11/16/2025,
Christos Zafeiris,Christos,Zafeiris,Defensive Midfielder,Team Training,MD+1 Recovery,Sunday,46,Recovery,45,2615,58.1,66,66,36,36,21,21,120,113,2.66,2.66,30,1,1,1,0,0,0,0,29.3,32.0,8,8,,4,4,2,2,1,1,,,,,,,0.2,0.2,5.02,4.64,9,9,4,4,2,2,1,1,,,,,,,0.21,0.21,-5.5,-5.34,19.4,10.6,11,73,64,46,184,198,4.5,4.5,1.3,1.3,147,65,187,197,48.3,4.6,11/16/2025,11/16/2025,
Manolis Siopis,Manolis,Siopis,Defensive Midfielder,Team Training,MD+1 Recovery,Sunday,46,Recovery,35,1747,49.9,43,43,24,24,16,16,79,72,2.25,2.25,23,1,1,1,0,0,0,0,28.0,32.0,6,6,,3,3,1,1,1,1,,,,,,,0.19,0.19,6.01,3.71,6,6,3,3,1,1,1,1,,,,,,,0.17,0.17,-5.28,-3.25,13.6,19.3,7,51,45,32,128,147,3.5,3.5,1.1,1.1,143,44,188,197,48.2,4.3,11/16/2025,11/16/2025,
Christos Mouzakitis,Christos,Mouzakitis,Defensive Midfielder,Team Training,MD+1 Recovery,Sunday,46,Recovery,45,2401,53.4,59,59,32,32,20,20,107,104,2.37,2.37,29,1,1,1,0,0,0,0,28.4,32.3,9,9,,4,4,2,2,1,1,,,,,,,0.2,0.2,5.7,4.62,8,8,4,4,2,2,1,1,,,,,,,0.19,0.19,-5.99,-3.72,18.4,16.5,12,73,64,46,183,194,4.5,4.5,1.3,1.3,147,60,190,197,49.3,7.0,11/16/2025,11/16/2025,
Tasos Bakasetas,Tasos,Bakasetas,Offensive Midfielder,Team Training,MD+1 Recovery,Sunday,46,Recovery,45,2307,51.3,65,65,35,35,31,31,118,110,2.62,2.62,44,2,1,1,0,0,0,0,29.3,33.2,7,7,,3,3,2,2,1,1,,,,,,,0.17,0.17,5.38,4.58,6,6,3,3,2,2,1,1,,,,,,,0.15,0.15,-5.77,-5.35,9.8,14.2,9,74,64,46,184,207,4.5,4.5,1.3,1.3,147,58,186,192,48.0,4.8,11/16/2025,11/16/2025,
Petros Mantalos,Petros,Mantalos,Offensive Midfielder,Team Training,MD+1 Recovery,Sunday,46,Recovery,25,1354,54.1,43,43,23,23,16,16,78,75,3.13,3.13,23,1,1,1,0,0,0,0,29.4,33.6,4,4,,2,2,1,1,0,0,,,,,,,0.18,0.18,5.22,3.78,4,4,2,2,1,1,0,0,,,,,,,0.17,0.17,-4.92,-4.85,19.0,16.2,5,45,39,28,111,133,2.5,2.5,0.8,0.8,144,34,193,195,48.6,4.9,11/16/2025,11/16/2025,
Giannis Konstantelias,Giannis,Konstantelias,Offensive Midfielder,Team Training,MD+1 Recovery,Sunday,46,Recovery,35,1964,56.1,65,65,35,35,26,26,118,107,3.36,3.36,38,1,1,1,0,0,0,0,30.4,32.8,7,7,,3,3,2,2,1,1,,,,,,,0.21,0.21,5.38,5.04,7,7,3,3,2,2,1,1,,,,,,,0.2,0.2,-6.17,-3.54,11.2,13.7,10,59,52,37,149,174,3.5,3.5,1.1,1.1,146,49,191,195,48.0,6.3,11/16/2025,11/16/2025,
Dimitris Pelkas,Dimitris,Pelkas,Offensive Midfielder,Team Training,MD+1 Recovery,Sunday,46,Recovery,35,1719,49.1,63,63,35,35,20,20,115,109,3.29,3.29,29,1,1,1,0,0,0,0,29.6,33.1,6,6,,3,3,2,2,1,1,,,,,,,0.2,0.2,5.43,3.8,6,6,3,3,1,1,1,1,,,,,,,0.19,0.19,-5.03,-4.62,15.8,16.3,7,48,42,30,119,140,3.5,3.5,1.1,1.1,144,43,186,198,50.0,6.8,11/16/2025,11/16/2025,
Konstantinos Karetsas,Konstantinos,Karetsas,Winger,Team Training,MD+1 Recovery,Sunday,46,Recovery,25,1242,49.7,61,61,33,33,24,24,112,104,4.47,4.47,34,1,1,1,0,0,0,0,30.7,34.8,4,4,,2,2,1,1,0,0,,,,,,,0.18,0.18,4.85,3.83,4,4,2,2,1,1,0,0,,,,,,,0.17,0.17,-5.31,-3.03,13.0,18.2,5,41,36,26,102,115,2.5,2.5,0.8,0.8,153,31,196,192,49.9,8.5,11/16/2025,11/16/2025,
Christos Tzolis,Christos,Tzolis,Winger,Team Training,MD+1 Recovery,Sunday,46,Recovery,35,1659,47.4,71,71,39,39,35,35,128,122,3.67,3.67,50,2,1,1,0,0,0,0,31.7,35.0,5,5,,2,2,1,1,1,1,,,,,,,0.16,0.16,4.8,3.66,5,5,2,2,1,1,1,1,,,,,,,0.15,0.15,-5.01,-5.49,13.6,12.2,8,54,47,34,134,157,3.5,3.5,1.1,1.1,149,41,185,194,48.9,5.8,11/16/2025,11/16/2025,
Giorgos Masouras,Giorgos,Masouras,Winger,Team Training,MD+1 Recovery,Sunday,46,Recovery,35,1949,55.7,96,96,52,52,34,34,174,183,4.97,4.97,48,2,2,2,1,1,0,0,32.0,34.8,7,7,,3,3,2,2,1,1,,,,,,,0.21,0.21,4.94,3.64,7,7,3,3,2,2,1,1,,,,,,,0.22,0.22,-5.99,-5.06,16.3,15.0,8,66,58,41,165,189,3.5,3.5,1.1,1.1,150,49,195,197,48.7,6.0,11/16/2025,11/16/2025,
Vangelis Pavlidis,Vangelis,Pavlidis,Striker,Team Training,MD+1 Recovery,Sunday,46,Recovery,45,2269,50.4,94,94,52,52,34,34,172,168,3.82,3.82,49,2,2,2,1,1,0,0,30.9,33.9,7,7,,3,3,2,2,1,1,,,,,,,0.16,0.16,5.8,4.7,7,7,3,3,2,2,1,1,,,,,,,0.16,0.16,-6.34,-5.49,14.4,9.2,9,66,58,41,165,179,4.5,4.5,1.3,1.3,150,57,190,192,49.2,6.2,11/16/2025,11/16/2025,
Fotis Ioannidis,Fotis,Ioannidis,Striker,Team Training,MD+1 Recovery,Sunday,46,Recovery,45,2007,44.6,81,81,44,44,33,33,147,145,3.26,3.26,48,2,2,2,0,0,0,0,31.0,34.5,6,6,,3,3,2,2,1,1,,,,,,,0.15,0.15,5.5,4.05,7,7,3,3,2,2,1,1,,,,,,,0.16,0.16,-6.42,-4.94,13.8,11.3,8,56,49,35,140,147,4.5,4.5,1.3,1.3,144,50,194,198,48.8,8.1,11/16/2025,11/16/2025,
Konstantinos Tzolakis,Konstantinos,Tzolakis,Goalkeeper,Team Training,MD-1,Monday,47,Team Training,78,2095,26.9,18,18,10,10,5,5,34,31,0.43,0.43,6,0,0,0,0,0,0,0,24.6,27.1,6,6,,3,3,2,2,1,1,,,,,,,0.09,0.09,5.62,4.95,6,6,3,3,1,1,1,1,,,,,,,0.08,0.08,-5.38,-5.51,12.2,11.8,8,58,51,36,145,154,7.8,7.8,2.3,2.3,148,52,193,193,48.3,6.2,11/17/2025,11/17/2025,
Odysseas Vlachodimos,Odysseas,Vlachodimos,Goalkeeper,Team Training,MD-1,Monday,47,Team Training,70,2133,30.5,20,20,11,11,4,4,36,35,0.52,0.52,6,0,0,0,0,0,0,0,24.5,27.4,7,7,,3,3,2,2,1,1,,,,,,,0.1,0.1,5.63,3.91,6,6,3,3,2,2,1,1,,,,,,,0.1,0.1,-5.04,-3.87,13.1,12.8,10,69,60,43,172,182,7.0,7.0,2.1,2.1,149,53,197,199,49.9,5.1,11/17/2025,11/17/2025,
Christos Mandas,Christos,Mandas,Goalkeeper,Team Training,MD-1,Monday,47,Team Training,60,1657,27.6,13,13,7,7,3,3,23,22,0.39,0.39,5,0,0,0,0,0,0,0,23.4,27.5,5,5,,2,2,1,1,1,1,,,,,,,0.09,0.09,4.95,3.43,5,5,2,2,1,1,1,1,,,,,,,0.09,0.09,-5.14,-5.16,11.8,11.3,6,48,42,30,120,128,6.0,6.0,1.8,1.8,143,41,186,198,51.7,2.4,11/17/2025,11/17/2025,
Giorgos Vagiannidis,Giorgos,Vagiannidis,Full Back,Team Training,MD-1,Monday,47,Team Training,70,4547,65.0,173,173,94,94,61,61,315,314,4.5,4.5,88,3,4,4,2,2,1,1,30.4,34.1,16,16,,8,8,4,4,3,3,,,,,,,0.23,0.23,5.32,3.62,16,16,8,8,4,4,3,3,,,,,,,0.24,0.24,-4.79,-3.31,8.5,16.2,23,134,117,84,334,356,7.0,7.0,2.1,2.1,141,114,196,195,49.2,2.2,11/17/2025,11/17/2025,
Kostas Tsimikas,Kostas,Tsimikas,Full Back,Team Training,MD-1,Monday,47,Team Training,70,4924,70.3,188,188,103,103,58,58,342,327,4.89,4.89,83,3,4,4,2,2,1,1,31.3,34.0,14,14,,7,7,4,4,2,2,,,,,,,0.21,0.21,6.12,3.21,14,14,7,7,4,4,2,2,,,,,,,0.2,0.2,-5.45,-4.86,9.7,9.5,24,149,130,93,372,403,7.0,7.0,2.1,2.1,149,123,192,195,48.7,7.1,11/17/2025,11/17/2025,
Lazaros Rota,Lazaros,Rota,Full Back,Team Training,MD-1,Monday,47,Team Training,70,4662,66.6,210,210,115,115,58,58,382,372,5.46,5.46,83,4,5,5,2,2,1,1,31.2,34.2,14,14,,7,7,4,4,2,2,,,,,,,0.21,0.21,5.99,3.21,13,13,6,6,4,4,2,2,,,,,,,0.19,0.19,-5.25,-3.52,15.7,18.9,21,143,125,89,357,410,7.0,7.0,2.1,2.1,150,117,193,197,51.8,4.5,11/17/2025,11/17/2025,
Ntinos Mavropanos,Ntinos,Mavropanos,Central Defender,Team Training,MD-1,Monday,47,Team Training,60,3419,57.0,92,92,50,50,25,25,168,176,2.79,2.79,36,1,2,2,1,1,0,0,28.8,32.2,10,10,,5,5,3,3,2,2,,,,,,,0.18,0.18,6.0,4.6,10,10,5,5,3,3,2,2,,,,,,,0.17,0.17,-5.4,-3.09,10.1,10.7,16,107,94,67,267,321,6.0,6.0,1.8,1.8,153,85,189,194,49.9,3.1,11/17/2025,11/17/2025,
Konstantinos Koulierakis,Konstantinos,Koulierakis,Central Defender,Team Training,MD-1,Monday,47,Team Training,78,4335,55.6,113,113,61,61,42,42,205,199,2.63,2.63,60,2,2,2,1,1,0,0,29.2,32.0,16,16,,8,8,5,5,3,3,,,,,,,0.22,0.22,5.11,5.05,15,15,7,7,4,4,3,3,,,,,,,0.2,0.2,-6.49,-4.55,11.8,11.1,19,145,126,90,361,386,7.8,7.8,2.3,2.3,141,108,197,194,49.7,2.3,11/17/2025,11/17/2025,
Pantelis Hatzidiakos,Pantelis,Hatzidiakos,Central Defender,Team Training,MD-1,Monday,47,Team Training,78,4536,58.2,121,121,66,66,33,33,221,226,2.83,2.83,48,2,3,3,1,1,0,0,29.1,31.8,13,13,,6,6,4,4,2,2,,,,,,,0.18,0.18,5.79,4.01,12,12,6,6,3,3,2,2,,,,,,,0.16,0.16,-5.66,-3.21,16.0,14.5,18,134,117,84,335,385,7.8,7.8,2.3,2.3,148,113,191,200,50.0,5.3,11/17/2025,11/17/2025,
Panagiotis Retsos,Panagiotis,Retsos,Central Defender,Team Training,MD-1,Monday,47,Team Training,70,3509,50.1,104,104,57,57,25,25,189,188,2.69,2.69,36,1,2,2,1,1,0,0,28.5,32.1,11,11,,5,5,3,3,2,2,,,,,,,0.16,0.16,5.68,3.77,10,10,5,5,3,3,2,2,,,,,,,0.15,0.15,-6.25,-5.8,12.9,15.1,17,111,97,69,277,305,7.0,7.0,2.1,2.1,153,88,185,199,48.7,2.4,11/17/2025,11/17/2025,
Giorgos Kiriakopoulos,Giorgos,Kiriakopoulos,Full Back,Team Training,MD-1,Monday,47,Team Training,78,4659,59.7,198,198,108,108,64,64,360,347,4.61,4.61,91,3,4,4,2,2,1,1,30.1,33.9,15,15,,7,7,4,4,3,3,,,,,,,0.2,0.2,4.99,3.51,14,14,7,7,4,4,2,2,,,,,,,0.18,0.18,-5.32,-4.23,11.5,9.4,18,148,130,93,371,432,7.8,7.8,2.3,2.3,140,116,194,197,50.0,5.2,11/17/2025,11/17/2025,
Dimitris Kourbelis,Dimitris,Kourbelis,Defensive Midfielder,Team Training,MD-1,Monday,47,Team Training,78,4748,60.9,135,135,74,74,41,41,245,244,3.14,3.14,58,2,3,3,1,1,0,0,29.2,32.3,18,18,,9,9,5,5,3,3,,,,,,,0.23,0.23,5.08,4.08,18,18,9,9,5,5,3,3,,,,,,,0.24,0.24,-5.9,-5.35,16.8,9.8,21,147,129,92,368,421,7.8,7.8,2.3,2.3,154,119,188,195,48.7,8.1,11/17/2025,11/17/2025,
Christos Zafeiris,Christos,Zafeiris,Defensive Midfielder,Team Training,MD-1,Monday,47,Team Training,70,4728,67.5,127,127,69,69,41,41,230,213,3.29,3.29,59,2,3,3,1,1,0,0,28.2,32.5,18,18,,9,9,5,5,3,3,,,,,,,0.26,0.26,5.25,3.48,16,16,8,8,4,4,3,3,,,,,,,0.23,0.23,-5.58,-3.72,16.9,14.8,24,138,121,86,345,376,7.0,7.0,2.1,2.1,135,118,189,200,49.3,8.2,11/17/2025,11/17/2025,
Manolis Siopis,Manolis,Siopis,Defensive Midfielder,Team Training,MD-1,Monday,47,Team Training,70,4445,63.5,130,130,71,71,39,39,237,221,3.39,3.39,55,2,3,3,1,1,0,0,28.9,32.4,14,14,,7,7,4,4,2,2,,,,,,,0.2,0.2,5.74,4.15,13,13,6,6,4,4,2,2,,,,,,,0.2,0.2,-6.15,-4.13,15.5,11.7,20,134,117,84,334,396,7.0,7.0,2.1,2.1,148,111,195,192,49.6,3.8,11/17/2025,11/17/2025,
Christos Mouzakitis,Christos,Mouzakitis,Defensive Midfielder,Team Training,MD-1,Monday,47,Team Training,78,4940,63.3,120,120,65,65,35,35,218,215,2.8,2.8,50,1,2,2,1,1,0,0,29.2,31.9,19,19,,9,9,5,5,3,3,,,,,,,0.25,0.25,4.76,3.52,19,19,9,9,5,5,3,3,,,,,,,0.25,0.25,-4.97,-4.51,13.1,14.3,24,160,140,100,401,478,7.8,7.8,2.3,2.3,152,123,186,200,49.0,2.6,11/17/2025,11/17/2025,
Tasos Bakasetas,Tasos,Bakasetas,Offensive Midfielder,Team Training,MD-1,Monday,47,Team Training,78,4541,58.2,141,141,77,77,53,53,256,238,3.28,3.28,76,3,3,3,1,1,1,1,29.8,33.6,15,15,,7,7,4,4,3,3,,,,,,,0.19,0.19,6.13,5.37,15,15,7,7,4,4,3,3,,,,,,,0.2,0.2,-5.17,-4.0,10.3,19.4,18,135,118,84,337,380,7.8,7.8,2.3,2.3,141,114,189,200,50.6,6.4,11/17/2025,11/17/2025,
Petros Mantalos,Petros,Mantalos,Offensive Midfielder,Team Training,MD-1,Monday,47,Team Training,60,3796,63.3,142,142,77,77,45,45,258,270,4.3,4.3,64,2,3,3,1,1,0,0,30.2,33.3,14,14,,7,7,4,4,2,2,,,,,,,0.24,0.24,4.84,5.14,13,13,6,6,4,4,2,2,,,,,,,0.23,0.23,-5.23,-5.41,19.2,9.1,17,122,107,76,305,348,6.0,6.0,1.8,1.8,146,95,189,197,48.0,4.3,11/17/2025,11/17/2025,
Giannis Konstantelias,Giannis,Konstantelias,Offensive Midfielder,Team Training,MD-1,Monday,47,Team Training,70,4044,57.8,146,146,79,79,54,54,265,245,3.78,3.78,78,2,3,3,1,1,1,1,28.8,33.5,15,15,,7,7,4,4,3,3,,,,,,,0.22,0.22,5.11,4.1,14,14,7,7,4,4,2,2,,,,,,,0.2,0.2,-5.43,-4.17,10.6,12.6,18,134,118,84,336,369,7.0,7.0,2.1,2.1,137,101,185,192,49.6,7.4,11/17/2025,11/17/2025,
Dimitris Pelkas,Dimitris,Pelkas,Offensive Midfielder,Team Training,MD-1,Monday,47,Team Training,78,4575,58.6,136,136,74,74,59,59,248,240,3.18,3.18,84,3,3,3,1,1,1,1,29.4,33.7,16,16,,8,8,4,4,3,3,,,,,,,0.21,0.21,6.1,4.0,14,14,7,7,4,4,2,2,,,,,,,0.19,0.19,-4.89,-3.68,10.5,16.2,20,143,125,89,358,407,7.8,7.8,2.3,2.3,146,114,186,199,49.6,7.0,11/17/2025,11/17/2025,
Konstantinos Karetsas,Konstantinos,Karetsas,Winger,Team Training,MD-1,Monday,47,Team Training,78,4744,60.8,230,230,126,126,79,79,419,437,5.37,5.37,113,4,5,5,2,2,1,1,32.1,35.4,16,16,,8,8,4,4,3,3,,,,,,,0.21,0.21,5.33,5.38,14,14,7,7,4,4,2,2,,,,,,,0.19,0.19,-4.95,-4.64,11.1,10.3,18,146,128,91,365,385,7.8,7.8,2.3,2.3,142,119,185,199,48.4,3.8,11/17/2025,11/17/2025,
Christos Tzolis,Christos,Tzolis,Winger,Team Training,MD-1,Monday,47,Team Training,60,3440,57.3,138,138,75,75,76,76,251,233,4.18,4.18,109,4,3,3,1,1,1,1,31.5,34.9,13,13,,6,6,4,4,2,2,,,,,,,0.23,0.23,5.29,4.28,13,13,6,6,4,4,2,2,,,,,,,0.23,0.23,-5.63,-5.73,9.1,19.8,14,110,96,69,274,289,6.0,6.0,1.8,1.8,153,86,194,196,50.4,2.4,11/17/2025,11/17/2025,
Giorgos Masouras,Giorgos,Masouras,Winger,Team Training,MD-1,Monday,47,Team Training,70,4012,57.3,193,193,106,106,82,82,352,344,5.02,5.02,118,4,4,4,2,2,1,1,32.2,34.9,14,14,,7,7,4,4,2,2,,,,,,,0.2,0.2,5.54,5.27,13,13,6,6,4,4,2,2,,,,,,,0.19,0.19,-5.73,-3.75,15.0,10.4,18,112,98,70,280,313,7.0,7.0,2.1,2.1,153,100,189,192,49.9,6.3,11/17/2025,11/17/2025,
Vangelis Pavlidis,Vangelis,Pavlidis,Striker,Team Training,MD-1,Monday,47,Team Training,78,4351,55.8,186,186,102,102,72,72,338,324,4.34,4.34,102,4,4,4,2,2,1,1,30.0,34.5,17,17,,8,8,5,5,3,3,,,,,,,0.22,0.22,5.64,5.21,15,15,7,7,4,4,3,3,,,,,,,0.2,0.2,-5.35,-3.18,16.7,15.8,19,127,111,80,318,345,7.8,7.8,2.3,2.3,137,109,187,193,50.4,5.2,11/17/2025,11/17/2025,
Fotis Ioannidis,Fotis,Ioannidis,Striker,Team Training,MD-1,Monday,47,Team Training,70,4370,62.4,197,197,107,107,67,67,358,360,5.11,5.11,96,3,4,4,2,2,1,1,31.0,33.9,15,15,,7,7,4,4,3,3,,,,,,,0.22,0.22,5.22,4.24,14,14,7,7,4,4,2,2,,,,,,,0.21,0.21,-5.38,-5.53,14.1,11.2,19,126,111,79,316,356,7.0,7.0,2.1,2.1,150,109,192,200,51.7,7.9,11/17/2025,11/17/2025,
Konstantinos Tzolakis,Konstantinos,Tzolakis,Goalkeeper,BLR 0-0 GRE,Match Day,Tuesday,47,Entire Session,90,4855,53.9,65,65,36,36,22,22,119,121,1.32,1.32,31,1,1,1,0,0,0,0,25.9,27.1,19,19,,9,9,5,5,3,3,,,,,,,0.22,0.22,5.54,3.56,20,20,10,10,6,6,4,4,,,,,,,0.23,0.23,-4.92,-4.45,13.0,17.1,22,164,143,102,410,461,16.2,16.2,5.4,5.4,156,121,197,200,48.6,4.8,11/18/2025,11/18/2025,
Giorgos Vagiannidis,Giorgos,Vagiannidis,Full Back,BLR 0-0 GRE,Match Day,Tuesday,47,Entire Session,90,11225,124.7,692,692,378,378,360,360,1259,1270,13.98,13.98,514,15,17,17,8,8,7,7,34.1,33.7,54,54,,27,27,16,16,10,10,,,,,,,0.61,0.61,5.44,3.54,51,51,25,25,15,15,10,10,,,,,,,0.57,0.57,-5.2,-5.27,9.9,14.1,52,359,314,224,897,1013,16.2,16.2,5.4,5.4,161,281,192,192,51.5,2.9,11/18/2025,11/18/2025,
Tasos Bakasetas,Tasos,Bakasetas,Offensive Midfielder,BLR 0-0 GRE,Match Day,Tuesday,47,Entire Session,85,9470,111.4,431,431,235,235,201,201,784,804,9.23,9.23,288,8,10,10,5,5,4,4,32.4,33.2,47,47,,23,23,14,14,9,9,,,,,,,0.56,0.56,4.66,5.24,47,47,23,23,14,14,9,9,,,,,,,0.56,0.56,-4.66,-3.56,13.3,13.1,43,278,243,174,695,780,15.3,15.3,5.1,5.1,150,237,185,199,49.1,4.8,11/18/2025,11/18/2025,
Vangelis Pavlidis,Vangelis,Pavlidis,Striker,BLR 0-0 GRE,Match Day,Tuesday,47,Entire Session,90,10414,115.7,517,517,282,282,313,313,940,903,10.45,10.45,448,14,12,12,6,6,6,6,34.0,34.7,49,49,,24,24,14,14,9,9,,,,,,,0.55,0.55,5.73,3.22,45,45,22,22,13,13,9,9,,,,,,,0.5,0.5,-5.36,-4.39,11.3,14.1,47,315,276,197,787,894,16.2,16.2,5.4,5.4,150,260,186,196,49.3,4.4,11/18/2025,11/18/2025,
Ntinos Mavropanos,Ntinos,Mavropanos,Central Defender,BLR 0-0 GRE,Match Day,Tuesday,47,Entire Session,90,9555,106.2,346,346,189,189,131,131,629,578,6.99,6.99,187,7,8,8,4,4,2,2,30.7,32.0,43,43,,21,21,13,13,8,8,,,,,,,0.48,0.48,5.25,5.43,40,40,20,20,12,12,8,8,,,,,,,0.45,0.45,-4.73,-4.87,14.5,16.3,38,308,269,192,769,869,16.2,16.2,5.4,5.4,164,239,185,194,51.0,8.5,11/18/2025,11/18/2025,
Kostas Tsimikas,Kostas,Tsimikas,Full Back,BLR 0-0 GRE,Match Day,Tuesday,47,Entire Session,90,10591,117.7,572,572,312,312,330,330,1039,1074,11.55,11.55,472,17,14,14,6,6,6,6,33.9,33.9,47,47,,23,23,14,14,9,9,,,,,,,0.52,0.52,4.84,3.49,44,44,22,22,13,13,8,8,,,,,,,0.5,0.5,-4.51,-5.71,10.9,12.3,45,324,284,203,811,959,16.2,16.2,5.4,5.4,150,265,193,199,50.4,2.8,11/18/2025,11/18/2025,
Christos Tzolis,Christos,Tzolis,Winger,BLR 0-0 GRE,Match Day,Tuesday,47,Entire Session,90,11300,125.6,715,715,390,390,416,416,1299,1298,14.43,14.43,594,25,17,17,8,8,8,8,34.3,34.9,48,48,,24,24,14,14,9,9,,,,,,,0.53,0.53,6.0,3.59,44,44,22,22,13,13,8,8,,,,,,,0.49,0.49,-5.28,-3.77,15.7,20.0,45,361,316,226,903,957,16.2,16.2,5.4,5.4,157,283,186,197,50.4,7.7,11/18/2025,11/18/2025,
Konstantinos Karetsas,Konstantinos,Karetsas,Winger,BLR 0-0 GRE,Match Day,Tuesday,47,Entire Session,90,10645,118.3,663,663,362,362,467,467,1205,1252,13.39,13.39,667,19,16,16,8,8,9,9,34.9,35.6,41,41,,20,20,12,12,8,8,,,,,,,0.47,0.47,5.23,3.69,41,41,20,20,12,12,8,8,,,,,,,0.46,0.46,-5.96,-5.2,8.2,9.3,50,300,263,188,751,815,16.2,16.2,5.4,5.4,154,266,186,193,51.6,3.9,11/18/2025,11/18/2025,
Konstantinos Koulierakis,Konstantinos,Koulierakis,Central Defender,BLR 0-0 GRE,Match Day,Tuesday,47,Entire Session,90,10263,114.0,433,433,236,236,164,164,787,785,8.75,8.75,234,7,10,10,5,5,3,3,32.1,31.8,45,45,,22,22,13,13,9,9,,,,,,,0.51,0.51,5.83,4.02,42,42,21,21,12,12,8,8,,,,,,,0.47,0.47,-5.47,-3.43,11.6,16.4,42,318,279,199,796,901,16.2,16.2,5.4,5.4,155,257,186,196,49.8,3.8,11/18/2025,11/18/2025,
Dimitris Kourbelis,Dimitris,Kourbelis,Defensive Midfielder,BLR 0-0 GRE,Match Day,Tuesday,47,Entire Session,90,10793,119.9,430,430,235,235,147,147,782,819,8.69,8.69,211,7,10,10,5,5,2,2,30.7,32.2,50,50,,25,25,15,15,10,10,,,,,,,0.56,0.56,5.39,4.6,45,45,22,22,13,13,9,9,,,,,,,0.51,0.51,-5.21,-4.74,9.9,13.6,46,323,283,202,808,853,16.2,16.2,5.4,5.4,155,270,190,193,51.3,2.1,11/18/2025,11/18/2025,
Christos Zafeiris,Christos,Zafeiris,Defensive Midfielder,BLR 0-0 GRE,Match Day,Tuesday,47,Entire Session,90,11686,129.8,490,490,267,267,214,214,891,902,9.9,9.9,305,10,12,12,5,5,4,4,30.6,31.9,56,56,,28,28,17,17,11,11,,,,,,,0.63,0.63,4.96,5.18,56,56,28,28,16,16,11,11,,,,,,,0.62,0.62,-4.73,-4.32,10.8,14.8,50,326,285,203,814,900,16.2,16.2,5.4,5.4,155,292,188,192,49.4,4.8,11/18/2025,11/18/2025,
Giannis Konstantelias,Giannis,Konstantelias,Offensive Midfielder,BLR 0-0 GRE,Match Day,Tuesday,47,Entire Session,28,3320,118.6,179,179,97,97,95,95,325,299,11.6,11.6,136,5,4,4,2,2,1,1,31.9,33.2,14,14,,7,7,4,4,2,2,,,,,,,0.5,0.5,5.54,3.59,13,13,6,6,4,4,2,2,,,,,,,0.48,0.48,-4.79,-4.92,15.4,17.4,15,92,81,58,231,244,5.0,5.0,1.7,1.7,150,83,196,195,51.4,5.6,11/18/2025,11/18/2025,
Fotis Ioannidis,Fotis,Ioannidis,Striker,BLR 0-0 GRE,Match Day,Tuesday,47,Entire Session,12,1253,104.5,72,72,39,39,44,44,131,120,10.88,10.88,62,3,1,1,0,0,0,0,32.4,34.2,5,5,,2,2,1,1,1,1,,,,,,,0.48,0.48,5.92,3.45,5,5,2,2,1,1,1,1,,,,,,,0.44,0.44,-5.58,-3.85,16.5,14.6,5,39,34,24,97,110,2.2,2.2,0.7,0.7,160,31,190,197,49.6,7.5,11/18/2025,11/18/2025,
Petros Mantalos,Petros,Mantalos,Offensive Midfielder,BLR 0-0 GRE,Match Day,Tuesday,47,Entire Session,28,3365,120.2,148,148,81,81,74,74,269,257,9.61,9.61,106,4,3,3,1,1,1,1,31.8,33.3,16,16,,8,8,4,4,3,3,,,,,,,0.59,0.59,5.23,4.17,15,15,7,7,4,4,3,3,,,,,,,0.54,0.54,-5.08,-4.14,19.7,14.8,14,96,84,60,241,264,5.0,5.0,1.7,1.7,159,84,185,194,51.7,5.4,11/18/2025,11/18/2025,
Pantelis Hatzidiakos,Pantelis,Hatzidiakos,Central Defender,BLR 0-0 GRE,Match Day,Tuesday,47,Entire Session,28,3156,112.7,132,132,72,72,63,63,240,243,8.58,8.58,90,3,3,3,1,1,1,1,31.3,32.0,14,14,,7,7,4,4,2,2,,,,,,,0.53,0.53,5.19,3.51,14,14,7,7,4,4,2,2,,,,,,,0.52,0.52,-6.04,-4.47,8.7,18.5,14,102,89,64,254,288,5.0,5.0,1.7,1.7,151,79,196,196,49.8,7.7,11/18/2025,11/18/2025,
Giorgos Masouras,Giorgos,Masouras,Winger,BLR 0-0 GRE,Match Day,Tuesday,47,Entire Session,20,2439,122.0,151,151,82,82,110,110,275,283,13.75,13.75,157,7,3,3,1,1,2,2,34.4,34.9,10,10,,5,5,3,3,2,2,,,,,,,0.52,0.52,5.59,4.74,9,9,4,4,2,2,1,1,,,,,,,0.5,0.5,-6.07,-3.54,10.9,19.8,10,71,62,45,178,198,3.6,3.6,1.2,1.2,159,61,190,196,50.8,8.9,11/18/2025,11/18/2025,
Konstantinos Tzolakis,Konstantinos,Tzolakis,Goalkeeper,Team Training,MD-3,Saturday,12,Team Training,80,3955,49.4,31,31,17,17,8,8,56,56,0.7,0.7,11,0,0,0,0,0,0,0,24.8,26.9,12,12,,6,6,3,3,2,2,,,,,,,0.15,0.15,5.09,4.4,10,10,5,5,3,3,2,2,,,,,,,0.14,0.14,-6.06,-3.32,16.5,14.6,15,132,115,82,330,358,8.0,8.0,2.4,2.4,141,99,190,199,50.6,3.0,3/21/2026,3/21/2026,
Odysseas Vlachodimos,Odysseas,Vlachodimos,Goalkeeper,Team Training,MD-3,Saturday,12,Team Training,72,4037,56.1,31,31,17,17,10,10,57,53,0.79,0.79,14,0,0,0,0,0,0,0,24.6,26.9,16,16,,8,8,4,4,3,3,,,,,,,0.22,0.22,5.53,4.86,16,16,8,8,4,4,3,3,,,,,,,0.23,0.23,-5.03,-4.25,17.1,16.2,16,118,103,74,295,323,7.2,7.2,2.2,2.2,152,101,195,192,48.9,4.8,3/21/2026,3/21/2026,
Christos Mandas,Christos,Mandas,Goalkeeper,Team Training,MD-3,Saturday,12,Team Training,65,3364,51.8,25,25,14,14,6,6,46,42,0.71,0.71,9,0,0,0,0,0,0,0,24.3,26.9,11,11,,5,5,3,3,2,2,,,,,,,0.18,0.18,5.6,3.58,11,11,5,5,3,3,2,2,,,,,,,0.17,0.17,-6.14,-3.81,12.0,9.2,17,100,87,62,250,280,6.5,6.5,1.9,1.9,149,84,196,197,49.3,2.4,3/21/2026,3/21/2026,
Giorgos Vagiannidis,Giorgos,Vagiannidis,Full Back,Team Training,MD-3,Saturday,12,Team Training,65,7849,120.8,328,328,179,179,95,95,597,623,9.19,9.19,135,6,8,8,3,3,1,1,31.2,33.8,29,29,,14,14,8,8,5,5,,,,,,,0.45,0.45,4.65,3.55,28,28,14,14,8,8,5,5,,,,,,,0.44,0.44,-4.89,-3.11,9.4,10.9,37,263,230,164,656,769,6.5,6.5,1.9,1.9,144,196,193,193,49.2,7.6,3/21/2026,3/21/2026,
Kostas Tsimikas,Kostas,Tsimikas,Full Back,Team Training,MD-3,Saturday,12,Team Training,65,6953,107.0,307,307,168,168,100,100,559,562,8.6,8.6,142,5,7,7,3,3,1,1,31.4,33.7,27,27,,13,13,8,8,5,5,,,,,,,0.42,0.42,5.84,3.7,27,27,13,13,8,8,5,5,,,,,,,0.42,0.42,-5.38,-4.75,14.7,8.6,29,224,196,140,560,611,6.5,6.5,1.9,1.9,146,174,186,198,49.1,4.9,3/21/2026,3/21/2026,
Lazaros Rota,Lazaros,Rota,Full Back,Team Training,MD-3,Saturday,12,Team Training,72,7798,108.3,278,278,152,152,129,129,505,529,7.01,7.01,184,6,6,6,3,3,2,2,30.3,34.3,24,24,,12,12,7,7,4,4,,,,,,,0.34,0.34,4.57,4.56,25,25,12,12,7,7,5,5,,,,,,,0.35,0.35,-5.08,-5.78,13.4,19.6,33,263,230,164,658,709,7.2,7.2,2.2,2.2,149,195,190,194,51.5,5.2,3/21/2026,3/21/2026,
Ntinos Mavropanos,Ntinos,Mavropanos,Central Defender,Team Training,MD-3,Saturday,12,Team Training,80,7419,92.7,201,201,110,110,74,74,365,339,4.57,4.57,106,4,5,5,2,2,1,1,27.9,32.7,22,22,,11,11,6,6,4,4,,,,,,,0.28,0.28,5.99,5.27,21,21,10,10,6,6,4,4,,,,,,,0.27,0.27,-5.85,-4.64,17.6,16.2,33,219,192,137,548,631,8.0,8.0,2.4,2.4,136,185,189,195,50.1,8.4,3/21/2026,3/21/2026,
Konstantinos Koulierakis,Konstantinos,Koulierakis,Central Defender,Team Training,MD-3,Saturday,12,Team Training,72,6774,94.1,177,177,97,97,55,55,322,298,4.48,4.48,79,3,4,4,2,2,1,1,29.1,32.1,25,25,,12,12,7,7,5,5,,,,,,,0.36,0.36,4.75,3.82,25,25,12,12,7,7,5,5,,,,,,,0.36,0.36,-4.77,-3.36,11.3,18.7,27,229,200,143,571,613,7.2,7.2,2.2,2.2,140,169,194,199,49.5,2.1,3/21/2026,3/21/2026,
Pantelis Hatzidiakos,Pantelis,Hatzidiakos,Central Defender,Team Training,MD-3,Saturday,12,Team Training,88,8699,98.9,221,221,121,121,74,74,403,417,4.57,4.57,105,4,5,5,2,2,1,1,28.6,31.9,35,35,,17,17,10,10,7,7,,,,,,,0.4,0.4,5.92,4.08,33,33,16,16,9,9,6,6,,,,,,,0.38,0.38,-4.69,-5.5,10.8,19.2,41,256,224,160,641,678,8.8,8.8,2.6,2.6,143,217,194,198,48.4,3.6,3/21/2026,3/21/2026,
Panagiotis Retsos,Panagiotis,Retsos,Central Defender,Team Training,MD-3,Saturday,12,Team Training,65,5730,88.2,159,159,87,87,41,41,289,265,4.45,4.45,58,2,3,3,1,1,0,0,28.4,31.9,19,19,,9,9,5,5,3,3,,,,,,,0.3,0.3,5.39,5.21,19,19,9,9,5,5,3,3,,,,,,,0.3,0.3,-5.39,-5.04,11.8,15.5,25,162,141,101,404,467,6.5,6.5,1.9,1.9,145,143,197,198,49.4,2.5,3/21/2026,3/21/2026,
Giorgos Kiriakopoulos,Giorgos,Kiriakopoulos,Full Back,Team Training,MD-3,Saturday,12,Team Training,65,6732,103.6,259,259,141,141,110,110,471,427,7.25,7.25,158,5,6,6,3,3,2,2,30.7,34.6,23,23,,11,11,7,7,4,4,,,,,,,0.36,0.36,4.58,3.83,21,21,10,10,6,6,4,4,,,,,,,0.33,0.33,-5.12,-5.37,18.6,18.4,31,192,168,120,480,539,6.5,6.5,1.9,1.9,149,168,188,193,51.7,2.9,3/21/2026,3/21/2026,
Dimitris Kourbelis,Dimitris,Kourbelis,Defensive Midfielder,Team Training,MD-3,Saturday,12,Team Training,88,9224,104.8,209,209,114,114,67,67,381,376,4.33,4.33,96,3,5,5,2,2,1,1,28.0,32.1,30,30,,15,15,9,9,6,6,,,,,,,0.34,0.34,4.64,4.01,29,29,14,14,8,8,5,5,,,,,,,0.34,0.34,-4.61,-5.48,15.4,14.1,42,306,268,191,765,852,8.8,8.8,2.6,2.6,135,231,193,200,49.3,8.2,3/21/2026,3/21/2026,
Christos Zafeiris,Christos,Zafeiris,Defensive Midfielder,Team Training,MD-3,Saturday,12,Team Training,65,8093,124.5,198,198,108,108,65,65,360,355,5.54,5.54,93,3,4,4,2,2,1,1,28.1,32.3,24,24,,12,12,7,7,4,4,,,,,,,0.38,0.38,5.08,5.45,24,24,12,12,7,7,4,4,,,,,,,0.38,0.38,-6.1,-3.23,15.6,16.5,40,228,200,143,570,644,6.5,6.5,1.9,1.9,153,202,191,198,51.6,5.6,3/21/2026,3/21/2026,
Manolis Siopis,Manolis,Siopis,Defensive Midfielder,Team Training,MD-3,Saturday,12,Team Training,80,8182,102.3,196,196,107,107,56,56,357,346,4.46,4.46,80,3,4,4,2,2,1,1,28.6,32.4,24,24,,12,12,7,7,4,4,,,,,,,0.31,0.31,6.07,3.96,25,25,12,12,7,7,5,5,,,,,,,0.32,0.32,-6.35,-3.2,10.5,19.1,31,268,235,168,670,759,8.0,8.0,2.4,2.4,141,205,185,195,48.5,4.3,3/21/2026,3/21/2026,
Christos Mouzakitis,Christos,Mouzakitis,Defensive Midfielder,Team Training,MD-3,Saturday,12,Team Training,72,8972,124.6,230,230,126,126,75,75,419,436,5.82,5.82,107,4,5,5,2,2,1,1,28.5,32.1,28,28,,14,14,8,8,5,5,,,,,,,0.4,0.4,6.19,5.49,26,26,13,13,7,7,5,5,,,,,,,0.37,0.37,-6.5,-3.49,17.7,11.3,36,259,226,162,647,725,7.2,7.2,2.2,2.2,149,224,187,192,48.6,7.0,3/21/2026,3/21/2026,
Tasos Bakasetas,Tasos,Bakasetas,Offensive Midfielder,Team Training,MD-3,Saturday,12,Team Training,65,6596,101.5,194,194,106,106,92,92,353,365,5.44,5.44,131,5,4,4,2,2,1,1,30.0,33.2,23,23,,11,11,6,6,4,4,,,,,,,0.36,0.36,4.79,3.8,23,23,11,11,6,6,4,4,,,,,,,0.36,0.36,-6.11,-3.07,15.8,18.0,27,199,174,124,497,543,6.5,6.5,1.9,1.9,140,165,197,197,49.8,4.8,3/21/2026,3/21/2026,
Petros Mantalos,Petros,Mantalos,Offensive Midfielder,Team Training,MD-3,Saturday,12,Team Training,80,9269,115.9,312,312,170,170,125,125,568,527,7.1,7.1,179,5,7,7,3,3,2,2,29.0,33.2,36,36,,18,18,10,10,7,7,,,,,,,0.45,0.45,6.11,4.16,36,36,18,18,10,10,7,7,,,,,,,0.45,0.45,-5.59,-4.7,16.0,12.9,40,306,268,191,766,883,8.0,8.0,2.4,2.4,150,232,185,196,50.7,5.8,3/21/2026,3/21/2026,
Giannis Konstantelias,Giannis,Konstantelias,Offensive Midfielder,Team Training,MD-3,Saturday,12,Team Training,65,7567,116.4,227,227,124,124,87,87,412,393,6.34,6.34,124,5,5,5,2,2,1,1,29.2,33.5,27,27,,13,13,8,8,5,5,,,,,,,0.42,0.42,6.02,5.25,26,26,13,13,7,7,5,5,,,,,,,0.4,0.4,-6.02,-3.76,11.7,8.4,32,226,198,141,565,630,6.5,6.5,1.9,1.9,139,189,192,200,50.7,8.2,3/21/2026,3/21/2026,
Dimitris Pelkas,Dimitris,Pelkas,Offensive Midfielder,Team Training,MD-3,Saturday,12,Team Training,80,8454,105.7,299,299,163,163,92,92,543,544,6.79,6.79,131,5,7,7,3,3,1,1,29.0,33.0,29,29,,14,14,8,8,5,5,,,,,,,0.36,0.36,6.12,4.84,29,29,14,14,8,8,5,5,,,,,,,0.36,0.36,-4.54,-4.98,14.4,12.3,39,280,245,175,701,745,8.0,8.0,2.4,2.4,136,211,191,196,49.1,3.4,3/21/2026,3/21/2026,
Konstantinos Karetsas,Konstantinos,Karetsas,Winger,Team Training,MD-3,Saturday,12,Team Training,88,8492,96.5,338,338,184,184,150,150,614,556,6.98,6.98,215,8,8,8,4,4,3,3,32.2,35.3,30,30,,15,15,9,9,6,6,,,,,,,0.35,0.35,4.99,3.74,30,30,15,15,9,9,6,6,,,,,,,0.35,0.35,-5.29,-3.73,19.3,12.1,44,237,207,148,592,689,8.8,8.8,2.6,2.6,136,212,190,196,49.8,3.4,3/21/2026,3/21/2026,
Christos Tzolis,Christos,Tzolis,Winger,Team Training,MD-3,Saturday,12,Team Training,72,8109,112.6,353,353,192,192,181,181,641,613,8.91,8.91,259,9,8,8,4,4,3,3,30.6,35.0,28,28,,14,14,8,8,5,5,,,,,,,0.39,0.39,6.04,4.16,26,26,13,13,7,7,5,5,,,,,,,0.36,0.36,-5.68,-3.47,10.5,8.3,36,241,211,151,602,716,7.2,7.2,2.2,2.2,142,203,191,192,49.3,4.8,3/21/2026,3/21/2026,
Giorgos Masouras,Giorgos,Masouras,Winger,Team Training,MD-3,Saturday,12,Team Training,80,9136,114.2,372,372,203,203,202,202,677,637,8.46,8.46,289,8,9,9,4,4,4,4,32.0,35.3,32,32,,16,16,9,9,6,6,,,,,,,0.41,0.41,5.85,4.98,33,33,16,16,10,10,6,6,,,,,,,0.42,0.42,-6.47,-4.13,12.3,19.6,39,307,269,192,769,857,8.0,8.0,2.4,2.4,137,228,188,198,51.4,5.0,3/21/2026,3/21/2026,
Vangelis Pavlidis,Vangelis,Pavlidis,Striker,Team Training,MD-3,Saturday,12,Team Training,65,7062,108.6,311,311,170,170,141,141,566,572,8.7,8.7,202,8,7,7,3,3,2,2,30.5,34.5,26,26,,13,13,8,8,5,5,,,,,,,0.41,0.41,5.16,4.93,24,24,12,12,7,7,4,4,,,,,,,0.37,0.37,-5.76,-3.32,18.3,18.3,32,217,190,136,543,593,6.5,6.5,1.9,1.9,150,177,191,196,52.0,2.1,3/21/2026,3/21/2026,
Fotis Ioannidis,Fotis,Ioannidis,Striker,Team Training,MD-3,Saturday,12,Team Training,72,6797,94.4,261,261,143,143,104,104,475,468,6.6,6.6,149,5,6,6,3,3,2,2,29.6,34.4,21,21,,10,10,6,6,4,4,,,,,,,0.3,0.3,5.0,3.45,20,20,10,10,6,6,4,4,,,,,,,0.29,0.29,-5.28,-4.62,17.9,16.0,27,191,167,119,477,546,7.2,7.2,2.2,2.2,135,170,197,193,50.7,7.6,3/21/2026,3/21/2026,
Konstantinos Tzolakis,Konstantinos,Tzolakis,Goalkeeper,Team Training,MD-2,Sunday,12,Team Training,65,2739,42.1,28,28,15,15,6,6,50,45,0.77,0.77,8,0,0,0,0,0,0,0,24.2,27.6,8,8,,4,4,2,2,1,1,,,,,,,0.13,0.13,5.35,4.06,8,8,4,4,2,2,1,1,,,,,,,0.13,0.13,-6.05,-5.3,14.1,9.9,11,80,70,50,199,230,6.5,6.5,1.9,1.9,153,68,185,197,50.3,3.1,3/22/2026,3/22/2026,
Odysseas Vlachodimos,Odysseas,Vlachodimos,Goalkeeper,Team Training,MD-2,Sunday,12,Team Training,80,3565,44.6,28,28,15,15,8,8,50,49,0.63,0.63,11,0,0,0,0,0,0,0,23.9,26.7,13,13,,6,6,4,4,2,2,,,,,,,0.17,0.17,5.37,4.41,13,13,6,6,4,4,2,2,,,,,,,0.17,0.17,-5.0,-3.74,18.3,19.7,17,107,94,67,268,313,8.0,8.0,2.4,2.4,140,89,192,200,48.6,7.7,3/22/2026,3/22/2026,
Christos Mandas,Christos,Mandas,Goalkeeper,Team Training,MD-2,Sunday,12,Team Training,72,3118,43.3,29,29,16,16,6,6,53,56,0.74,0.74,9,0,0,0,0,0,0,0,23.5,26.9,10,10,,5,5,3,3,2,2,,,,,,,0.15,0.15,5.91,5.28,11,11,5,5,3,3,2,2,,,,,,,0.15,0.15,-4.96,-4.29,12.4,10.1,14,89,78,56,223,259,7.2,7.2,2.2,2.2,147,78,186,192,49.2,2.9,3/22/2026,3/22/2026,
Giorgos Vagiannidis,Giorgos,Vagiannidis,Full Back,Team Training,MD-2,Sunday,12,Team Training,80,8031,100.4,289,289,158,158,130,130,526,506,6.57,6.57,186,7,7,7,3,3,2,2,30.2,33.8,28,28,,14,14,8,8,5,5,,,,,,,0.36,0.36,4.71,4.77,29,29,14,14,8,8,5,5,,,,,,,0.37,0.37,-5.41,-4.36,8.3,12.0,41,249,218,156,624,718,8.0,8.0,2.4,2.4,148,201,187,197,50.9,3.6,3/22/2026,3/22/2026,
Kostas Tsimikas,Kostas,Tsimikas,Full Back,Team Training,MD-2,Sunday,12,Team Training,72,6285,87.3,271,271,148,148,79,79,493,479,6.85,6.85,112,4,6,6,3,3,1,1,30.3,34.6,21,21,,10,10,6,6,4,4,,,,,,,0.29,0.29,4.72,3.52,21,21,10,10,6,6,4,4,,,,,,,0.3,0.3,-6.3,-4.44,15.3,19.3,26,202,177,126,505,542,7.2,7.2,2.2,2.2,137,157,189,196,49.5,5.5,3/22/2026,3/22/2026,
Lazaros Rota,Lazaros,Rota,Full Back,Team Training,MD-2,Sunday,12,Team Training,80,7333,91.7,269,269,147,147,94,94,490,512,6.12,6.12,134,4,6,6,3,3,1,1,29.8,33.9,27,27,,13,13,8,8,5,5,,,,,,,0.35,0.35,5.13,4.91,28,28,14,14,8,8,5,5,,,,,,,0.36,0.36,-6.43,-3.88,16.3,10.5,35,224,196,140,559,615,8.0,8.0,2.4,2.4,144,183,188,194,49.3,5.2,3/22/2026,3/22/2026,
Ntinos Mavropanos,Ntinos,Mavropanos,Central Defender,Team Training,MD-2,Sunday,12,Team Training,80,6388,79.9,185,185,101,101,46,46,337,330,4.21,4.21,65,2,4,4,2,2,0,0,28.2,31.7,19,19,,9,9,5,5,3,3,,,,,,,0.24,0.24,5.05,5.04,18,18,9,9,5,5,3,3,,,,,,,0.23,0.23,-5.86,-3.15,9.2,13.2,27,189,165,118,473,536,8.0,8.0,2.4,2.4,140,160,187,198,50.8,3.1,3/22/2026,3/22/2026,
Konstantinos Koulierakis,Konstantinos,Koulierakis,Central Defender,Team Training,MD-2,Sunday,12,Team Training,88,7541,85.7,176,176,96,96,70,70,320,335,3.63,3.63,100,3,4,4,2,2,1,1,28.0,32.0,25,25,,12,12,7,7,5,5,,,,,,,0.29,0.29,4.8,3.43,24,24,12,12,7,7,4,4,,,,,,,0.27,0.27,-4.83,-5.39,13.2,18.7,35,229,201,143,574,627,8.8,8.8,2.6,2.6,152,189,190,198,50.6,4.2,3/22/2026,3/22/2026,
Pantelis Hatzidiakos,Pantelis,Hatzidiakos,Central Defender,Team Training,MD-2,Sunday,12,Team Training,72,5848,81.2,171,171,93,93,43,43,310,324,4.31,4.31,62,2,4,4,2,2,0,0,28.7,32.1,21,21,,10,10,6,6,4,4,,,,,,,0.29,0.29,5.86,5.24,21,21,10,10,6,6,4,4,,,,,,,0.3,0.3,-5.36,-3.82,9.7,13.6,29,178,156,111,446,482,7.2,7.2,2.2,2.2,140,146,195,198,48.8,7.4,3/22/2026,3/22/2026,
Panagiotis Retsos,Panagiotis,Retsos,Central Defender,Team Training,MD-2,Sunday,12,Team Training,80,6393,79.9,175,175,96,96,49,49,319,300,3.99,3.99,70,2,4,4,2,2,0,0,29.4,32.5,21,21,,10,10,6,6,4,4,,,,,,,0.27,0.27,6.01,3.47,22,22,11,11,6,6,4,4,,,,,,,0.28,0.28,-5.44,-5.15,11.9,19.9,28,186,163,116,465,531,8.0,8.0,2.4,2.4,138,160,187,197,51.7,2.5,3/22/2026,3/22/2026,
Giorgos Kiriakopoulos,Giorgos,Kiriakopoulos,Full Back,Team Training,MD-2,Sunday,12,Team Training,65,5348,82.3,218,218,119,119,82,82,396,386,6.09,6.09,117,4,5,5,2,2,1,1,30.5,34.6,19,19,,9,9,5,5,3,3,,,,,,,0.29,0.29,4.66,3.41,19,19,9,9,5,5,3,3,,,,,,,0.3,0.3,-4.92,-3.57,10.3,10.3,24,157,138,98,393,452,6.5,6.5,1.9,1.9,140,134,188,194,50.5,3.9,3/22/2026,3/22/2026,
Dimitris Kourbelis,Dimitris,Kourbelis,Defensive Midfielder,Team Training,MD-2,Sunday,12,Team Training,80,7380,92.2,191,191,104,104,62,62,346,330,4.33,4.33,88,4,4,4,2,2,1,1,29.3,32.3,29,29,,14,14,8,8,5,5,,,,,,,0.37,0.37,4.77,4.67,26,26,13,13,8,8,5,5,,,,,,,0.33,0.33,-5.42,-4.87,18.4,12.8,32,229,200,143,571,665,8.0,8.0,2.4,2.4,139,184,196,195,51.0,4.3,3/22/2026,3/22/2026,
Christos Zafeiris,Christos,Zafeiris,Defensive Midfielder,Team Training,MD-2,Sunday,12,Team Training,65,5826,89.6,140,140,76,76,45,45,254,249,3.9,3.9,64,2,3,3,1,1,0,0,29.0,32.2,20,20,,10,10,6,6,4,4,,,,,,,0.32,0.32,4.7,4.06,20,20,10,10,6,6,4,4,,,,,,,0.32,0.32,-4.52,-5.16,9.0,19.8,30,187,164,117,468,547,6.5,6.5,1.9,1.9,153,146,194,193,49.6,7.0,3/22/2026,3/22/2026,
Manolis Siopis,Manolis,Siopis,Defensive Midfielder,Team Training,MD-2,Sunday,12,Team Training,72,6159,85.5,184,184,100,100,49,49,335,334,4.65,4.65,70,3,4,4,2,2,0,0,28.1,32.7,22,22,,11,11,6,6,4,4,,,,,,,0.31,0.31,5.42,3.86,23,23,11,11,7,7,4,4,,,,,,,0.33,0.33,-5.55,-3.42,18.3,9.2,25,174,152,109,436,484,7.2,7.2,2.2,2.2,136,154,188,200,50.0,2.6,3/22/2026,3/22/2026,
Christos Mouzakitis,Christos,Mouzakitis,Defensive Midfielder,Team Training,MD-2,Sunday,12,Team Training,72,6244,86.7,141,141,77,77,53,53,256,247,3.55,3.55,76,3,3,3,1,1,1,1,29.0,32.1,24,24,,12,12,7,7,4,4,,,,,,,0.33,0.33,4.74,4.64,23,23,11,11,6,6,4,4,,,,,,,0.32,0.32,-4.72,-3.31,16.5,9.4,28,209,183,131,523,563,7.2,7.2,2.2,2.2,139,156,194,193,48.8,4.7,3/22/2026,3/22/2026,
Tasos Bakasetas,Tasos,Bakasetas,Offensive Midfielder,Team Training,MD-2,Sunday,12,Team Training,88,7659,87.0,221,221,120,120,78,78,402,367,4.56,4.56,112,4,5,5,2,2,1,1,30.2,32.9,24,24,,12,12,7,7,4,4,,,,,,,0.28,0.28,5.22,4.85,23,23,11,11,7,7,4,4,,,,,,,0.27,0.27,-5.61,-4.09,19.8,12.7,31,250,219,156,625,698,8.8,8.8,2.6,2.6,140,191,186,196,50.6,6.9,3/22/2026,3/22/2026,
Petros Mantalos,Petros,Mantalos,Offensive Midfielder,Team Training,MD-2,Sunday,12,Team Training,88,8493,96.5,241,241,131,131,123,123,438,403,4.97,4.97,176,5,6,6,2,2,2,2,29.9,32.8,29,29,,14,14,8,8,5,5,,,,,,,0.34,0.34,5.08,4.27,27,27,13,13,8,8,5,5,,,,,,,0.31,0.31,-4.76,-3.1,12.1,13.1,35,284,249,178,711,747,8.8,8.8,2.6,2.6,140,212,190,198,48.6,9.0,3/22/2026,3/22/2026,
Giannis Konstantelias,Giannis,Konstantelias,Offensive Midfielder,Team Training,MD-2,Sunday,12,Team Training,80,7417,92.7,233,233,127,127,82,82,423,420,5.29,5.29,118,4,5,5,2,2,1,1,30.3,33.6,27,27,,13,13,8,8,5,5,,,,,,,0.34,0.34,5.81,3.41,25,25,12,12,7,7,5,5,,,,,,,0.32,0.32,-4.54,-3.93,10.2,14.4,31,239,209,149,597,661,8.0,8.0,2.4,2.4,144,185,194,200,49.4,4.7,3/22/2026,3/22/2026,
Dimitris Pelkas,Dimitris,Pelkas,Offensive Midfielder,Team Training,MD-2,Sunday,12,Team Training,88,8518,96.8,265,265,145,145,96,96,482,480,5.48,5.48,137,6,6,6,3,3,1,1,30.4,33.3,29,29,,14,14,8,8,5,5,,,,,,,0.33,0.33,5.49,4.29,26,26,13,13,8,8,5,5,,,,,,,0.3,0.3,-5.26,-3.59,12.9,11.2,36,260,227,162,649,755,8.8,8.8,2.6,2.6,141,213,191,196,49.6,4.0,3/22/2026,3/22/2026,
Konstantinos Karetsas,Konstantinos,Karetsas,Winger,Team Training,MD-2,Sunday,12,Team Training,72,5976,83.0,236,236,129,129,118,118,429,393,5.95,5.95,169,5,5,5,2,2,2,2,31.2,35.0,20,20,,10,10,6,6,4,4,,,,,,,0.29,0.29,5.88,4.35,19,19,9,9,5,5,3,3,,,,,,,0.27,0.27,-5.24,-5.77,10.4,15.3,24,183,160,114,457,517,7.2,7.2,2.2,2.2,149,149,193,199,51.6,3.7,3/22/2026,3/22/2026,
Christos Tzolis,Christos,Tzolis,Winger,Team Training,MD-2,Sunday,12,Team Training,88,8409,95.6,391,391,213,213,168,168,711,664,8.07,8.07,240,7,9,9,4,4,3,3,32.2,35.4,28,28,,14,14,8,8,5,5,,,,,,,0.33,0.33,6.05,3.49,25,25,12,12,7,7,5,5,,,,,,,0.29,0.29,-6.11,-5.2,14.8,14.0,33,253,221,158,633,676,8.8,8.8,2.6,2.6,147,210,186,198,49.3,6.7,3/22/2026,3/22/2026,
Giorgos Masouras,Giorgos,Masouras,Winger,Team Training,MD-2,Sunday,12,Team Training,72,5967,82.9,290,290,158,158,112,112,527,537,7.31,7.31,160,5,7,7,3,3,2,2,30.6,34.8,22,22,,11,11,6,6,4,4,,,,,,,0.31,0.31,4.66,3.2,20,20,10,10,6,6,4,4,,,,,,,0.28,0.28,-6.27,-4.8,18.9,14.4,29,178,156,111,446,532,7.2,7.2,2.2,2.2,153,149,187,195,51.3,4.1,3/22/2026,3/22/2026,
Vangelis Pavlidis,Vangelis,Pavlidis,Striker,Team Training,MD-2,Sunday,12,Team Training,80,6764,84.6,282,282,154,154,128,128,513,493,6.41,6.41,183,7,7,7,3,3,2,2,31.3,33.7,21,21,,10,10,6,6,4,4,,,,,,,0.27,0.27,5.62,4.91,21,21,10,10,6,6,4,4,,,,,,,0.27,0.27,-4.94,-5.73,8.9,16.1,31,212,185,132,529,635,8.0,8.0,2.4,2.4,144,169,188,200,49.1,5.0,3/22/2026,3/22/2026,
Fotis Ioannidis,Fotis,Ioannidis,Striker,Team Training,MD-2,Sunday,12,Team Training,88,7845,89.1,319,319,174,174,123,123,580,551,6.59,6.59,175,7,7,7,3,3,2,2,29.6,34.6,25,25,,12,12,7,7,5,5,,,,,,,0.29,0.29,4.92,4.79,25,25,12,12,7,7,5,5,,,,,,,0.3,0.3,-4.94,-4.82,17.1,19.2,37,263,230,164,658,700,8.8,8.8,2.6,2.6,147,196,187,196,51.9,4.6,3/22/2026,3/22/2026,
Konstantinos Tzolakis,Konstantinos,Tzolakis,Goalkeeper,Team Training,MD-1,Monday,13,Team Training,65,1919,29.5,19,19,10,10,5,5,34,33,0.52,0.52,7,0,0,0,0,0,0,0,24.0,27.1,6,6,,3,3,2,2,1,1,,,,,,,0.11,0.11,5.94,4.07,7,7,3,3,2,2,1,1,,,,,,,0.11,0.11,-5.13,-3.81,15.0,13.6,8,58,51,36,145,158,6.5,6.5,1.9,1.9,142,48,197,199,49.2,2.3,3/23/2026,3/23/2026,
Odysseas Vlachodimos,Odysseas,Vlachodimos,Goalkeeper,Team Training,MD-1,Monday,13,Team Training,80,2455,30.7,24,24,13,13,6,6,44,41,0.55,0.55,8,0,0,0,0,0,0,0,24.0,26.7,9,9,,4,4,2,2,1,1,,,,,,,0.12,0.12,5.17,4.64,9,9,4,4,2,2,1,1,,,,,,,0.11,0.11,-5.08,-3.97,13.3,19.1,9,71,62,44,178,200,8.0,8.0,2.4,2.4,148,61,185,199,50.1,3.5,3/23/2026,3/23/2026,
Christos Mandas,Christos,Mandas,Goalkeeper,Team Training,MD-1,Monday,13,Team Training,88,2546,28.9,22,22,12,12,6,6,41,42,0.46,0.46,9,0,0,0,0,0,0,0,23.6,27.5,8,8,,4,4,2,2,1,1,,,,,,,0.09,0.09,5.82,3.63,7,7,3,3,2,2,1,1,,,,,,,0.09,0.09,-5.97,-4.3,19.8,12.8,12,75,66,47,188,222,8.8,8.8,2.6,2.6,144,64,187,199,48.3,4.2,3/23/2026,3/23/2026,
Giorgos Vagiannidis,Giorgos,Vagiannidis,Full Back,Team Training,MD-1,Monday,13,Team Training,72,4251,59.0,155,155,85,85,72,72,282,289,3.92,3.92,103,3,3,3,1,1,1,1,30.1,34.7,13,13,,6,6,4,4,2,2,,,,,,,0.19,0.19,5.79,4.14,12,12,6,6,3,3,2,2,,,,,,,0.17,0.17,-5.72,-4.93,12.9,20.0,17,136,119,85,339,365,7.2,7.2,2.2,2.2,140,106,190,192,48.9,6.2,3/23/2026,3/23/2026,
Kostas Tsimikas,Kostas,Tsimikas,Full Back,Team Training,MD-1,Monday,13,Team Training,65,4390,67.5,177,177,97,97,54,54,323,296,4.96,4.96,77,3,4,4,2,2,1,1,31.0,33.7,13,13,,6,6,4,4,2,2,,,,,,,0.21,0.21,5.25,3.49,13,13,6,6,3,3,2,2,,,,,,,0.2,0.2,-4.87,-3.33,16.0,10.6,20,126,111,79,316,344,6.5,6.5,1.9,1.9,140,110,189,198,48.3,2.5,3/23/2026,3/23/2026,
Lazaros Rota,Lazaros,Rota,Full Back,Team Training,MD-1,Monday,13,Team Training,80,5252,65.6,239,239,130,130,63,63,434,453,5.43,5.43,90,3,5,5,2,2,1,1,31.4,34.3,20,20,,10,10,6,6,4,4,,,,,,,0.26,0.26,5.55,4.44,19,19,9,9,5,5,3,3,,,,,,,0.24,0.24,-5.1,-4.51,11.2,15.2,25,151,132,94,377,446,8.0,8.0,2.4,2.4,147,131,188,200,50.8,4.9,3/23/2026,3/23/2026,
Ntinos Mavropanos,Ntinos,Mavropanos,Central Defender,Team Training,MD-1,Monday,13,Team Training,88,4519,51.3,127,127,69,69,41,41,231,240,2.63,2.63,59,2,3,3,1,1,0,0,28.9,31.8,13,13,,6,6,4,4,2,2,,,,,,,0.16,0.16,4.89,3.86,12,12,6,6,3,3,2,2,,,,,,,0.15,0.15,-6.22,-4.25,13.3,18.4,21,132,115,82,329,390,8.8,8.8,2.6,2.6,143,113,189,192,48.8,4.9,3/23/2026,3/23/2026,
Konstantinos Koulierakis,Konstantinos,Koulierakis,Central Defender,Team Training,MD-1,Monday,13,Team Training,80,4582,57.3,134,134,73,73,40,40,243,252,3.04,3.04,58,2,3,3,1,1,0,0,29.0,32.3,14,14,,7,7,4,4,2,2,,,,,,,0.19,0.19,5.6,4.01,13,13,6,6,4,4,2,2,,,,,,,0.17,0.17,-4.91,-4.05,16.0,16.3,20,138,121,86,346,414,8.0,8.0,2.4,2.4,137,115,188,199,49.7,8.4,3/23/2026,3/23/2026,
Pantelis Hatzidiakos,Pantelis,Hatzidiakos,Central Defender,Team Training,MD-1,Monday,13,Team Training,65,3847,59.2,98,98,53,53,35,35,178,165,2.74,2.74,50,2,2,2,1,1,0,0,29.4,31.9,12,12,,6,6,3,3,2,2,,,,,,,0.19,0.19,5.35,3.94,12,12,6,6,3,3,2,2,,,,,,,0.19,0.19,-5.02,-4.32,20.0,18.4,16,117,102,73,292,308,6.5,6.5,1.9,1.9,144,96,189,196,49.3,8.2,3/23/2026,3/23/2026,
Panagiotis Retsos,Panagiotis,Retsos,Central Defender,Team Training,MD-1,Monday,13,Team Training,72,4205,58.4,105,105,57,57,30,30,191,177,2.66,2.66,43,1,2,2,1,1,0,0,28.2,32.3,16,16,,8,8,4,4,3,3,,,,,,,0.23,0.23,5.65,4.27,15,15,7,7,4,4,3,3,,,,,,,0.22,0.22,-6.17,-4.12,14.1,14.7,17,137,120,86,343,369,7.2,7.2,2.2,2.2,147,105,186,200,50.1,7.3,3/23/2026,3/23/2026,
Giorgos Kiriakopoulos,Giorgos,Kiriakopoulos,Full Back,Team Training,MD-1,Monday,13,Team Training,65,4275,65.8,171,171,93,93,74,74,310,313,4.77,4.77,106,4,4,4,2,2,1,1,29.6,34.6,14,14,,7,7,4,4,2,2,,,,,,,0.22,0.22,6.02,4.06,14,14,7,7,4,4,2,2,,,,,,,0.22,0.22,-6.39,-3.54,15.5,12.1,17,119,104,74,296,333,6.5,6.5,1.9,1.9,139,107,185,197,50.6,7.6,3/23/2026,3/23/2026,
Dimitris Kourbelis,Dimitris,Kourbelis,Defensive Midfielder,Team Training,MD-1,Monday,13,Team Training,65,4748,73.0,131,131,71,71,43,43,237,218,3.65,3.65,61,2,3,3,1,1,0,0,28.2,32.3,18,18,,9,9,5,5,3,3,,,,,,,0.29,0.29,5.77,3.88,16,16,8,8,5,5,3,3,,,,,,,0.26,0.26,-5.04,-3.27,8.2,10.8,24,159,139,99,397,445,6.5,6.5,1.9,1.9,146,119,185,197,49.7,8.5,3/23/2026,3/23/2026,
Christos Zafeiris,Christos,Zafeiris,Defensive Midfielder,Team Training,MD-1,Monday,13,Team Training,65,4378,67.4,129,129,70,70,33,33,234,232,3.6,3.6,47,2,3,3,1,1,0,0,27.9,32.4,16,16,,8,8,4,4,3,3,,,,,,,0.25,0.25,5.2,4.67,16,16,8,8,4,4,3,3,,,,,,,0.25,0.25,-4.6,-5.13,18.2,12.4,16,141,123,88,352,406,6.5,6.5,1.9,1.9,142,109,193,194,49.4,2.1,3/23/2026,3/23/2026,
Manolis Siopis,Manolis,Siopis,Defensive Midfielder,Team Training,MD-1,Monday,13,Team Training,65,3963,61.0,101,101,55,55,31,31,184,186,2.83,2.83,44,2,2,2,1,1,0,0,28.2,32.7,15,15,,7,7,4,4,3,3,,,,,,,0.24,0.24,5.95,4.77,15,15,7,7,4,4,3,3,,,,,,,0.24,0.24,-5.93,-5.42,11.7,11.2,20,133,116,83,332,396,6.5,6.5,1.9,1.9,140,99,195,196,48.2,3.1,3/23/2026,3/23/2026,
Christos Mouzakitis,Christos,Mouzakitis,Defensive Midfielder,Team Training,MD-1,Monday,13,Team Training,80,5406,67.6,125,125,68,68,50,50,227,229,2.84,2.84,71,3,3,3,1,1,0,0,28.3,32.0,21,21,,10,10,6,6,4,4,,,,,,,0.27,0.27,5.07,3.5,20,20,10,10,6,6,4,4,,,,,,,0.26,0.26,-4.84,-4.34,10.9,11.8,26,154,135,97,386,438,8.0,8.0,2.4,2.4,150,135,190,195,49.7,4.9,3/23/2026,3/23/2026,
Tasos Bakasetas,Tasos,Bakasetas,Offensive Midfielder,Team Training,MD-1,Monday,13,Team Training,88,5552,63.1,180,180,98,98,57,57,327,298,3.72,3.72,81,3,4,4,2,2,1,1,29.4,33.4,17,17,,8,8,5,5,3,3,,,,,,,0.2,0.2,4.92,5.31,17,17,8,8,5,5,3,3,,,,,,,0.2,0.2,-5.62,-3.41,15.2,18.0,24,155,136,97,388,441,8.8,8.8,2.6,2.6,144,139,196,192,51.3,5.9,3/23/2026,3/23/2026,
Petros Mantalos,Petros,Mantalos,Offensive Midfielder,Team Training,MD-1,Monday,13,Team Training,88,5226,59.4,196,196,107,107,75,75,356,356,4.05,4.05,107,3,4,4,2,2,1,1,28.7,33.2,17,17,,8,8,5,5,3,3,,,,,,,0.19,0.19,5.58,4.67,15,15,7,7,4,4,3,3,,,,,,,0.18,0.18,-5.47,-4.86,18.1,10.0,23,161,140,100,401,450,8.8,8.8,2.6,2.6,138,131,189,198,51.7,7.9,3/23/2026,3/23/2026,
Giannis Konstantelias,Giannis,Konstantelias,Offensive Midfielder,Team Training,MD-1,Monday,13,Team Training,80,4835,60.4,165,165,90,90,58,58,301,294,3.76,3.76,83,3,4,4,2,2,1,1,29.0,33.1,16,16,,8,8,4,4,3,3,,,,,,,0.21,0.21,4.88,4.52,17,17,8,8,5,5,3,3,,,,,,,0.21,0.21,-5.33,-4.21,8.9,17.8,22,139,122,87,347,392,8.0,8.0,2.4,2.4,152,121,186,192,49.4,2.8,3/23/2026,3/23/2026,
Dimitris Pelkas,Dimitris,Pelkas,Offensive Midfielder,Team Training,MD-1,Monday,13,Team Training,80,5218,65.2,167,167,91,91,77,77,303,286,3.79,3.79,110,4,4,4,2,2,1,1,28.8,33.7,16,16,,8,8,4,4,3,3,,,,,,,0.2,0.2,5.99,4.89,17,17,8,8,5,5,3,3,,,,,,,0.21,0.21,-5.5,-5.52,19.4,18.4,20,159,140,100,399,464,8.0,8.0,2.4,2.4,139,130,188,193,51.6,6.9,3/23/2026,3/23/2026,
Konstantinos Karetsas,Konstantinos,Karetsas,Winger,Team Training,MD-1,Monday,13,Team Training,80,4927,61.6,246,246,134,134,104,104,447,422,5.58,5.58,148,6,6,6,2,2,2,2,32.1,35.5,19,19,,9,9,5,5,3,3,,,,,,,0.25,0.25,4.65,3.34,19,19,9,9,5,5,3,3,,,,,,,0.24,0.24,-6.44,-4.63,18.1,16.9,20,146,128,91,364,403,8.0,8.0,2.4,2.4,144,123,197,192,50.0,3.4,3/23/2026,3/23/2026,
Christos Tzolis,Christos,Tzolis,Winger,Team Training,MD-1,Monday,13,Team Training,88,5125,58.2,236,236,129,129,95,95,430,432,4.88,4.88,135,5,5,5,2,2,1,1,31.8,35.4,19,19,,9,9,5,5,3,3,,,,,,,0.23,0.23,4.63,4.24,18,18,9,9,5,5,3,3,,,,,,,0.22,0.22,-5.99,-3.21,15.6,12.8,26,154,135,96,384,409,8.8,8.8,2.6,2.6,146,128,192,197,48.8,4.6,3/23/2026,3/23/2026,
Giorgos Masouras,Giorgos,Masouras,Winger,Team Training,MD-1,Monday,13,Team Training,72,4459,61.9,199,199,108,108,88,88,361,355,5.02,5.02,125,4,4,4,2,2,1,1,32.3,35.4,13,13,,6,6,4,4,2,2,,,,,,,0.19,0.19,4.9,4.85,12,12,6,6,3,3,2,2,,,,,,,0.17,0.17,-5.16,-3.1,12.0,18.1,18,126,110,79,315,369,7.2,7.2,2.2,2.2,153,111,190,194,50.0,3.8,3/23/2026,3/23/2026,
Vangelis Pavlidis,Vangelis,Pavlidis,Striker,Team Training,MD-1,Monday,13,Team Training,72,4285,59.5,186,186,102,102,64,64,339,323,4.71,4.71,91,4,4,4,2,2,1,1,30.7,34.3,16,16,,8,8,5,5,3,3,,,,,,,0.24,0.24,5.08,4.54,16,16,8,8,5,5,3,3,,,,,,,0.23,0.23,-5.03,-3.9,8.6,10.4,21,140,122,87,350,385,7.2,7.2,2.2,2.2,144,107,197,198,50.2,3.3,3/23/2026,3/23/2026,
Fotis Ioannidis,Fotis,Ioannidis,Striker,Team Training,MD-1,Monday,13,Team Training,65,3864,59.5,173,173,95,95,60,60,315,309,4.85,4.85,86,3,4,4,2,2,1,1,31.0,34.1,13,13,,6,6,4,4,2,2,,,,,,,0.22,0.22,5.14,5.49,13,13,6,6,4,4,2,2,,,,,,,0.21,0.21,-4.93,-5.7,8.4,9.2,17,113,99,71,283,314,6.5,6.5,1.9,1.9,152,97,193,196,51.1,7.6,3/23/2026,3/23/2026,
Konstantinos Tzolakis,Konstantinos,Tzolakis,Goalkeeper,GRE - PAR,Match Day,Tuesday,13,Entire Session,90,5335,59.3,76,76,42,42,25,25,139,128,1.54,1.54,36,1,1,1,0,0,0,0,25.7,27.5,23,23,,11,11,7,7,4,4,,,,,,,0.26,0.26,5.98,5.24,23,23,11,11,7,7,4,4,,,,,,,0.26,0.26,-5.05,-5.77,9.6,12.9,22,174,152,109,435,491,16.2,16.2,5.4,5.4,152,133,191,192,49.0,3.1,3/24/2026,3/24/2026,
Konstantinos Koulierakis,Konstantinos,Koulierakis,Central Defender,GRE - PAR,Match Day,Tuesday,13,Entire Session,90,10201,113.3,426,426,233,233,163,163,775,782,8.61,8.61,233,9,10,10,5,5,3,3,31.8,32.0,53,53,,26,26,15,15,10,10,,,,,,,0.59,0.59,5.1,4.37,48,48,24,24,14,14,9,9,,,,,,,0.53,0.53,-6.18,-5.4,12.3,9.7,40,290,254,181,725,844,16.2,16.2,5.4,5.4,155,255,192,194,50.1,7.1,3/24/2026,3/24/2026,
Giorgos Vagiannidis,Giorgos,Vagiannidis,Full Back,GRE - PAR,Match Day,Tuesday,13,Entire Session,70,8931,127.6,441,441,241,241,245,245,802,763,11.46,11.46,350,12,11,11,5,5,4,4,32.7,34.5,44,44,,22,22,13,13,8,8,,,,,,,0.64,0.64,4.56,3.58,44,44,22,22,13,13,8,8,,,,,,,0.63,0.63,-5.02,-3.84,15.5,15.5,35,292,255,182,730,776,12.6,12.6,4.2,4.2,161,223,189,192,49.4,2.2,3/24/2026,3/24/2026,
Dimitris Kourbelis,Dimitris,Kourbelis,Defensive Midfielder,GRE - PAR,Match Day,Tuesday,13,Entire Session,90,10906,121.2,448,448,244,244,189,189,814,799,9.04,9.04,270,9,11,11,5,5,3,3,30.4,32.0,43,43,,21,21,12,12,8,8,,,,,,,0.48,0.48,5.93,4.92,44,44,22,22,13,13,8,8,,,,,,,0.49,0.49,-6.28,-5.75,16.6,8.1,47,351,307,220,878,928,16.2,16.2,5.4,5.4,151,273,196,193,48.2,5.5,3/24/2026,3/24/2026,
Tasos Bakasetas,Tasos,Bakasetas,Offensive Midfielder,GRE - PAR,Match Day,Tuesday,13,Entire Session,90,11718,130.2,626,626,341,341,265,265,1137,1145,12.64,12.64,379,15,15,15,7,7,5,5,31.4,33.2,48,48,,24,24,14,14,9,9,,,,,,,0.54,0.54,4.67,5.4,50,50,25,25,15,15,10,10,,,,,,,0.56,0.56,-5.02,-3.88,17.1,11.9,60,350,306,219,875,940,16.2,16.2,5.4,5.4,167,293,197,198,49.2,4.7,3/24/2026,3/24/2026,
Vangelis Pavlidis,Vangelis,Pavlidis,Striker,GRE - PAR,Match Day,Tuesday,13,Entire Session,85,8917,104.9,541,541,295,295,266,266,984,927,11.57,11.57,379,12,13,13,6,6,5,5,32.6,33.7,45,45,,22,22,13,13,9,9,,,,,,,0.53,0.53,5.72,4.64,47,47,23,23,14,14,9,9,,,,,,,0.56,0.56,-5.68,-4.51,9.2,8.2,34,274,239,171,684,805,15.3,15.3,5.1,5.1,162,223,192,193,50.7,5.3,3/24/2026,3/24/2026,
Ntinos Mavropanos,Ntinos,Mavropanos,Central Defender,GRE - PAR,Match Day,Tuesday,13,Entire Session,90,9755,108.4,362,362,197,197,160,160,658,671,7.31,7.31,228,7,9,9,4,4,3,3,32.0,32.5,46,46,,23,23,13,13,9,9,,,,,,,0.52,0.52,5.82,3.55,42,42,21,21,12,12,8,8,,,,,,,0.47,0.47,-4.69,-4.69,9.2,8.1,38,306,267,191,764,867,16.2,16.2,5.4,5.4,167,244,194,193,49.4,7.7,3/24/2026,3/24/2026,
Konstantinos Karetsas,Konstantinos,Karetsas,Winger,GRE - PAR,Match Day,Tuesday,13,Entire Session,90,10571,117.5,614,614,335,335,333,333,1116,1031,12.4,12.4,476,14,15,15,7,7,6,6,33.6,35.2,48,48,,24,24,14,14,9,9,,,,,,,0.54,0.54,6.09,4.15,44,44,22,22,13,13,8,8,,,,,,,0.49,0.49,-4.75,-5.01,11.6,19.5,54,325,284,203,813,897,16.2,16.2,5.4,5.4,155,264,194,198,48.4,3.4,3/24/2026,3/24/2026,
Christos Zafeiris,Christos,Zafeiris,Defensive Midfielder,GRE - PAR,Match Day,Tuesday,13,Entire Session,90,10570,117.4,442,442,241,241,196,196,804,831,8.93,8.93,280,10,11,11,5,5,3,3,30.6,32.4,45,45,,22,22,13,13,9,9,,,,,,,0.51,0.51,4.78,4.71,44,44,22,22,13,13,8,8,,,,,,,0.5,0.5,-5.2,-4.6,17.3,18.2,47,342,300,214,856,962,16.2,16.2,5.4,5.4,165,264,193,194,51.8,5.8,3/24/2026,3/24/2026,
Christos Tzolis,Christos,Tzolis,Winger,GRE - PAR,Match Day,Tuesday,13,Entire Session,90,9791,108.8,590,590,322,322,330,330,1072,993,11.91,11.91,471,19,14,14,7,7,6,6,34.3,35.2,42,42,,21,21,12,12,8,8,,,,,,,0.47,0.47,5.41,4.17,41,41,20,20,12,12,8,8,,,,,,,0.46,0.46,-5.73,-4.18,10.7,10.3,50,322,281,201,804,918,16.2,16.2,5.4,5.4,161,245,195,192,49.3,8.2,3/24/2026,3/24/2026,
Kostas Tsimikas,Kostas,Tsimikas,Full Back,GRE - PAR,Match Day,Tuesday,13,Entire Session,90,11665,129.6,621,621,339,339,304,304,1130,1147,12.55,12.55,434,18,15,15,7,7,6,6,32.7,34.4,47,47,,23,23,14,14,9,9,,,,,,,0.53,0.53,5.77,4.39,48,48,24,24,14,14,9,9,,,,,,,0.54,0.54,-6.16,-3.86,14.1,13.4,47,389,340,243,972,1107,16.2,16.2,5.4,5.4,152,292,188,196,49.5,5.8,3/24/2026,3/24/2026,
Giannis Konstantelias,Giannis,Konstantelias,Offensive Midfielder,GRE - PAR,Match Day,Tuesday,13,Entire Session,12,1389,115.8,69,69,38,38,34,34,125,124,10.44,10.44,49,2,1,1,0,0,0,0,32.6,32.8,6,6,,3,3,1,1,1,1,,,,,,,0.54,0.54,5.68,4.36,6,6,3,3,2,2,1,1,,,,,,,0.56,0.56,-6.01,-3.59,19.1,10.3,6,40,35,25,100,112,2.2,2.2,0.7,0.7,162,35,192,196,50.9,2.7,3/24/2026,3/24/2026,
Christos Mouzakitis,Christos,Mouzakitis,Defensive Midfielder,GRE - PAR,Match Day,Tuesday,13,Entire Session,28,3742,133.7,134,134,73,73,74,74,244,242,8.7,8.7,105,4,3,3,1,1,1,1,31.1,32.2,17,17,,8,8,5,5,3,3,,,,,,,0.61,0.61,5.04,5.38,17,17,8,8,5,5,3,3,,,,,,,0.63,0.63,-6.21,-3.4,17.0,19.3,17,124,108,77,310,345,5.0,5.0,1.7,1.7,154,94,186,195,51.0,5.8,3/24/2026,3/24/2026,
Pantelis Hatzidiakos,Pantelis,Hatzidiakos,Central Defender,GRE - PAR,Match Day,Tuesday,13,Entire Session,45,4645,103.2,172,172,94,94,80,80,313,283,6.96,6.96,114,5,4,4,2,2,1,1,30.4,31.8,22,22,,11,11,6,6,4,4,,,,,,,0.51,0.51,5.72,4.05,21,21,10,10,6,6,4,4,,,,,,,0.48,0.48,-5.49,-4.71,13.6,19.9,21,134,117,84,335,388,8.1,8.1,2.7,2.7,165,116,192,195,51.6,7.9,3/24/2026,3/24/2026,
Manolis Siopis,Manolis,Siopis,Defensive Midfielder,GRE - PAR,Match Day,Tuesday,13,Entire Session,12,1439,120.0,53,53,29,29,20,20,96,87,7.98,7.98,29,1,1,1,0,0,0,0,31.6,32.2,6,6,,3,3,1,1,1,1,,,,,,,0.53,0.53,6.06,4.29,6,6,3,3,1,1,1,1,,,,,,,0.56,0.56,-6.25,-4.11,16.7,14.9,6,42,37,26,106,126,2.2,2.2,0.7,0.7,156,36,194,192,50.2,2.8,3/24/2026,3/24/2026,
Giorgos Kiriakopoulos,Giorgos,Kiriakopoulos,Full Back,GRE - PAR,Match Day,Tuesday,13,Entire Session,12,1492,124.3,89,89,49,49,47,47,162,161,13.5,13.5,67,3,2,2,1,1,0,0,32.3,34.2,6,6,,3,3,1,1,1,1,,,,,,,0.51,0.51,6.12,4.24,6,6,3,3,1,1,1,1,,,,,,,0.5,0.5,-6.2,-4.7,10.1,17.1,6,50,44,31,125,134,2.2,2.2,0.7,0.7,162,37,197,200,50.6,2.7,3/24/2026,3/24/2026,
Konstantinos Tzolakis,Konstantinos,Tzolakis,Goalkeeper,Team Training,MD+1 Recovery,Wednesday,13,Recovery,45,1000,22.2,9,9,5,5,2,2,16,17,0.37,0.37,3,0,0,0,0,0,0,0,23.8,27.3,3,3,,1,1,1,1,0,0,,,,,,,0.08,0.08,5.22,5.06,3,3,1,1,1,1,0,0,,,,,,,0.08,0.08,-6.02,-4.9,10.3,8.2,4,29,25,18,72,79,4.5,4.5,1.3,1.3,140,25,193,199,50.3,6.1,3/25/2026,3/25/2026,
Odysseas Vlachodimos,Odysseas,Vlachodimos,Goalkeeper,Team Training,MD+1 Recovery,Wednesday,13,Recovery,25,624,24.9,6,6,3,3,1,1,11,11,0.44,0.44,2,0,0,0,0,0,0,0,23.4,26.8,2,2,,1,1,0,0,0,0,,,,,,,0.09,0.09,5.41,4.08,2,2,1,1,0,0,0,0,,,,,,,0.09,0.09,-5.37,-3.83,11.6,16.0,3,21,18,13,52,57,2.5,2.5,0.8,0.8,150,16,197,193,48.6,6.8,3/25/2026,3/25/2026,
Christos Mandas,Christos,Mandas,Goalkeeper,Team Training,MD+1 Recovery,Wednesday,13,Recovery,45,1069,23.8,9,9,5,5,2,2,17,16,0.38,0.38,4,0,0,0,0,0,0,0,24.1,27.0,3,3,,1,1,0,0,0,0,,,,,,,0.07,0.07,5.45,4.95,3,3,1,1,0,0,0,0,,,,,,,0.07,0.07,-5.93,-5.73,15.9,19.7,4,32,28,20,80,87,4.5,4.5,1.3,1.3,138,27,185,193,49.4,8.9,3/25/2026,3/25/2026,
Giorgos Vagiannidis,Giorgos,Vagiannidis,Full Back,Team Training,MD+1 Recovery,Wednesday,13,Recovery,25,1205,48.2,43,43,23,23,14,14,78,77,3.11,3.11,21,1,1,1,0,0,0,0,30.3,34.0,4,4,,2,2,1,1,0,0,,,,,,,0.2,0.2,4.62,4.22,4,4,2,2,1,1,0,0,,,,,,,0.19,0.19,-5.99,-3.41,10.3,11.4,4,35,31,22,88,99,2.5,2.5,0.8,0.8,154,30,186,195,51.4,7.6,3/25/2026,3/25/2026,
Kostas Tsimikas,Kostas,Tsimikas,Full Back,Team Training,MD+1 Recovery,Wednesday,13,Recovery,25,1265,50.6,52,52,28,28,17,17,95,91,3.79,3.79,24,1,1,1,0,0,0,0,31.2,33.9,5,5,,2,2,1,1,1,1,,,,,,,0.21,0.21,4.8,5.42,5,5,2,2,1,1,1,1,,,,,,,0.2,0.2,-5.92,-5.59,15.9,11.2,5,39,34,24,97,115,2.5,2.5,0.8,0.8,137,32,197,197,51.8,4.3,3/25/2026,3/25/2026,
Lazaros Rota,Lazaros,Rota,Full Back,Team Training,MD+1 Recovery,Wednesday,13,Recovery,45,2423,53.9,90,90,49,49,34,34,163,155,3.63,3.63,48,2,2,2,1,1,0,0,29.9,33.7,8,8,,4,4,2,2,1,1,,,,,,,0.19,0.19,5.75,5.09,8,8,4,4,2,2,1,1,,,,,,,0.19,0.19,-4.92,-4.44,14.4,11.2,9,82,72,51,205,239,4.5,4.5,1.3,1.3,150,61,186,195,50.8,6.5,3/25/2026,3/25/2026,
Ntinos Mavropanos,Ntinos,Mavropanos,Central Defender,Team Training,MD+1 Recovery,Wednesday,13,Recovery,25,1258,50.3,36,36,20,20,9,9,66,67,2.64,2.64,13,0,0,0,0,0,0,0,28.1,32.2,4,4,,2,2,1,1,0,0,,,,,,,0.17,0.17,5.49,3.84,3,3,1,1,1,1,0,0,,,,,,,0.15,0.15,-6.16,-3.82,16.3,12.2,4,41,36,26,103,115,2.5,2.5,0.8,0.8,139,31,185,193,48.1,8.3,3/25/2026,3/25/2026,
Konstantinos Koulierakis,Konstantinos,Koulierakis,Central Defender,Team Training,MD+1 Recovery,Wednesday,13,Recovery,45,2264,50.3,66,66,36,36,20,20,121,120,2.68,2.68,29,1,1,1,0,0,0,0,29.5,32.1,8,8,,4,4,2,2,1,1,,,,,,,0.18,0.18,5.97,5.2,8,8,4,4,2,2,1,1,,,,,,,0.19,0.19,-6.36,-3.03,10.5,15.0,8,70,61,44,175,194,4.5,4.5,1.3,1.3,137,57,185,200,48.3,3.2,3/25/2026,3/25/2026,
Pantelis Hatzidiakos,Pantelis,Hatzidiakos,Central Defender,Team Training,MD+1 Recovery,Wednesday,13,Recovery,25,1200,48.0,30,30,17,17,9,9,55,52,2.21,2.21,13,0,0,0,0,0,0,0,28.3,31.7,4,4,,2,2,1,1,0,0,,,,,,,0.16,0.16,5.74,3.93,3,3,1,1,1,1,0,0,,,,,,,0.16,0.16,-6.02,-3.87,16.8,18.0,5,35,31,22,88,103,2.5,2.5,0.8,0.8,141,30,190,192,49.2,4.2,3/25/2026,3/25/2026,
Panagiotis Retsos,Panagiotis,Retsos,Central Defender,Team Training,MD+1 Recovery,Wednesday,13,Recovery,25,1046,41.8,29,29,16,16,9,9,52,48,2.09,2.09,13,1,0,0,0,0,0,0,28.5,32.1,3,3,,1,1,1,1,0,0,,,,,,,0.15,0.15,4.9,5.1,3,3,1,1,1,1,0,0,,,,,,,0.15,0.15,-6.14,-3.11,12.1,19.9,4,30,27,19,76,89,2.5,2.5,0.8,0.8,140,26,197,199,48.3,7.4,3/25/2026,3/25/2026,
Giorgos Kiriakopoulos,Giorgos,Kiriakopoulos,Full Back,Team Training,MD+1 Recovery,Wednesday,13,Recovery,35,1988,56.8,69,69,38,38,26,26,125,129,3.58,3.58,37,2,1,1,0,0,0,0,30.6,34.1,6,6,,3,3,1,1,1,1,,,,,,,0.19,0.19,5.11,4.77,6,6,3,3,1,1,1,1,,,,,,,0.19,0.19,-4.58,-3.35,13.8,15.2,8,59,52,37,147,158,3.5,3.5,1.1,1.1,152,50,194,193,49.9,6.0,3/25/2026,3/25/2026,
Dimitris Kourbelis,Dimitris,Kourbelis,Defensive Midfielder,Team Training,MD+1 Recovery,Wednesday,13,Recovery,35,1830,52.3,54,54,29,29,17,17,98,88,2.8,2.8,25,1,1,1,0,0,0,0,29.5,31.7,6,6,,3,3,1,1,1,1,,,,,,,0.19,0.19,4.72,4.77,6,6,3,3,1,1,1,1,,,,,,,0.17,0.17,-5.11,-3.42,17.7,11.4,8,61,54,38,154,177,3.5,3.5,1.1,1.1,144,46,189,198,51.2,4.7,3/25/2026,3/25/2026,
Christos Zafeiris,Christos,Zafeiris,Defensive Midfielder,Team Training,MD+1 Recovery,Wednesday,13,Recovery,25,1277,51.1,34,34,18,18,9,9,61,56,2.46,2.46,12,0,0,0,0,0,0,0,28.2,31.7,4,4,,2,2,1,1,0,0,,,,,,,0.16,0.16,5.25,4.18,4,4,2,2,1,1,0,0,,,,,,,0.17,0.17,-5.96,-5.1,18.4,9.6,5,39,34,24,98,114,2.5,2.5,0.8,0.8,154,32,188,200,49.3,2.3,3/25/2026,3/25/2026,
Manolis Siopis,Manolis,Siopis,Defensive Midfielder,Team Training,MD+1 Recovery,Wednesday,13,Recovery,45,2537,56.4,66,66,36,36,18,18,119,112,2.65,2.65,25,1,1,1,0,0,0,0,28.7,31.9,8,8,,4,4,2,2,1,1,,,,,,,0.18,0.18,6.15,5.06,7,7,3,3,2,2,1,1,,,,,,,0.18,0.18,-5.89,-4.47,19.9,17.8,11,77,67,48,191,211,4.5,4.5,1.3,1.3,142,63,185,192,49.4,2.6,3/25/2026,3/25/2026,
Christos Mouzakitis,Christos,Mouzakitis,Defensive Midfielder,Team Training,MD+1 Recovery,Wednesday,13,Recovery,45,2243,49.8,52,52,28,28,20,20,95,99,2.1,2.1,29,1,1,1,0,0,0,0,29.1,31.8,7,7,,3,3,2,2,1,1,,,,,,,0.16,0.16,5.66,3.62,6,6,3,3,2,2,1,1,,,,,,,0.15,0.15,-5.18,-3.1,18.6,11.5,11,66,58,41,165,185,4.5,4.5,1.3,1.3,142,56,185,196,50.2,8.6,3/25/2026,3/25/2026,
Tasos Bakasetas,Tasos,Bakasetas,Offensive Midfielder,Team Training,MD+1 Recovery,Wednesday,13,Recovery,25,1338,53.5,50,50,27,27,18,18,91,83,3.64,3.64,25,1,1,1,0,0,0,0,30.2,33.4,4,4,,2,2,1,1,0,0,,,,,,,0.17,0.17,6.13,4.81,4,4,2,2,1,1,0,0,,,,,,,0.16,0.16,-5.05,-5.62,8.6,13.9,6,40,35,25,100,115,2.5,2.5,0.8,0.8,150,33,191,194,50.4,3.4,3/25/2026,3/25/2026,
Petros Mantalos,Petros,Mantalos,Offensive Midfielder,Team Training,MD+1 Recovery,Wednesday,13,Recovery,45,2427,53.9,74,74,40,40,35,35,134,125,2.98,2.98,50,2,1,1,0,0,0,0,29.4,33.5,9,9,,4,4,2,2,1,1,,,,,,,0.22,0.22,6.1,5.37,10,10,5,5,3,3,2,2,,,,,,,0.23,0.23,-6.22,-3.9,13.5,17.1,11,72,63,45,179,215,4.5,4.5,1.3,1.3,136,61,188,200,51.1,3.2,3/25/2026,3/25/2026,
Giannis Konstantelias,Giannis,Konstantelias,Offensive Midfielder,Team Training,MD+1 Recovery,Wednesday,13,Recovery,45,2348,52.2,87,87,48,48,34,34,159,149,3.53,3.53,49,2,2,2,1,1,0,0,29.2,33.6,7,7,,3,3,2,2,1,1,,,,,,,0.16,0.16,5.61,4.86,7,7,3,3,2,2,1,1,,,,,,,0.16,0.16,-4.68,-3.39,12.0,10.7,11,78,68,49,195,212,4.5,4.5,1.3,1.3,143,59,192,192,49.2,5.0,3/25/2026,3/25/2026,
Dimitris Pelkas,Dimitris,Pelkas,Offensive Midfielder,Team Training,MD+1 Recovery,Wednesday,13,Recovery,35,1828,52.2,69,69,38,38,24,24,126,128,3.6,3.6,35,1,1,1,0,0,0,0,29.3,32.9,6,6,,3,3,1,1,1,1,,,,,,,0.18,0.18,5.94,5.11,5,5,2,2,1,1,1,1,,,,,,,0.17,0.17,-5.35,-5.06,19.3,18.6,7,60,52,37,150,171,3.5,3.5,1.1,1.1,145,46,191,193,48.9,7.8,3/25/2026,3/25/2026,
Konstantinos Karetsas,Konstantinos,Karetsas,Winger,Team Training,MD+1 Recovery,Wednesday,13,Recovery,35,1905,54.4,91,91,50,50,33,33,166,163,4.73,4.73,48,1,2,2,1,1,0,0,32.0,34.7,7,7,,3,3,2,2,1,1,,,,,,,0.21,0.21,5.38,3.34,7,7,3,3,2,2,1,1,,,,,,,0.21,0.21,-4.89,-5.5,13.2,8.3,7,54,47,34,135,161,3.5,3.5,1.1,1.1,137,48,187,195,51.2,5.8,3/25/2026,3/25/2026,
Christos Tzolis,Christos,Tzolis,Winger,Team Training,MD+1 Recovery,Wednesday,13,Recovery,35,1802,51.5,71,71,39,39,39,39,129,128,3.69,3.69,55,2,1,1,0,0,0,0,31.6,35.0,5,5,,2,2,1,1,1,1,,,,,,,0.16,0.16,4.52,4.79,5,5,2,2,1,1,1,1,,,,,,,0.15,0.15,-5.22,-3.65,14.8,19.7,7,51,45,32,128,141,3.5,3.5,1.1,1.1,151,45,191,200,48.3,4.9,3/25/2026,3/25/2026,
Giorgos Masouras,Giorgos,Masouras,Winger,Team Training,MD+1 Recovery,Wednesday,13,Recovery,25,1342,53.7,59,59,32,32,20,20,108,110,4.32,4.32,29,1,1,1,0,0,0,0,31.5,35.6,4,4,,2,2,1,1,0,0,,,,,,,0.17,0.17,6.12,4.48,4,4,2,2,1,1,0,0,,,,,,,0.16,0.16,-6.35,-3.46,19.6,14.4,6,44,38,27,110,124,2.5,2.5,0.8,0.8,135,34,196,195,50.1,8.4,3/25/2026,3/25/2026,
Vangelis Pavlidis,Vangelis,Pavlidis,Striker,Team Training,MD+1 Recovery,Wednesday,13,Recovery,45,2281,50.7,82,82,45,45,41,41,149,140,3.31,3.31,59,2,2,2,0,0,0,0,31.2,34.0,8,8,,4,4,2,2,1,1,,,,,,,0.18,0.18,5.33,4.92,8,8,4,4,2,2,1,1,,,,,,,0.18,0.18,-5.51,-5.46,10.0,15.7,10,67,58,42,166,189,4.5,4.5,1.3,1.3,145,57,187,192,51.6,7.7,3/25/2026,3/25/2026,
Fotis Ioannidis,Fotis,Ioannidis,Striker,Team Training,MD+1 Recovery,Wednesday,13,Recovery,25,1281,51.2,45,45,25,25,20,20,82,82,3.27,3.27,28,1,1,1,0,0,0,0,30.4,34.6,4,4,,2,2,1,1,0,0,,,,,,,0.18,0.18,5.58,5.21,4,4,2,2,1,1,0,0,,,,,,,0.17,0.17,-5.63,-4.21,19.0,17.9,5,42,37,26,105,123,2.5,2.5,0.8,0.8,152,32,195,199,50.2,8.6,3/25/2026,3/25/2026,
Konstantinos Tzolakis,Konstantinos,Tzolakis,Goalkeeper,Team Training,MD-1,Thursday,13,Team Training,60,1726,28.8,16,16,9,9,4,4,29,27,0.48,0.48,6,0,0,0,0,0,0,0,24.3,27.5,6,6,,3,3,2,2,1,1,,,,,,,0.11,0.11,5.99,3.81,6,6,3,3,2,2,1,1,,,,,,,0.11,0.11,-5.67,-5.13,17.4,15.0,7,54,47,34,135,143,6.0,6.0,1.8,1.8,154,43,195,196,49.4,4.7,3/26/2026,3/26/2026,
Odysseas Vlachodimos,Odysseas,Vlachodimos,Goalkeeper,Team Training,MD-1,Thursday,13,Team Training,78,2427,31.1,21,21,12,12,5,5,38,36,0.49,0.49,8,0,0,0,0,0,0,0,24.4,27.6,7,7,,3,3,2,2,1,1,,,,,,,0.1,0.1,5.73,4.43,7,7,3,3,2,2,1,1,,,,,,,0.1,0.1,-5.21,-5.77,9.0,9.5,12,75,66,47,187,204,7.8,7.8,2.3,2.3,139,61,187,200,48.0,4.7,3/26/2026,3/26/2026,
Christos Mandas,Christos,Mandas,Goalkeeper,Team Training,MD-1,Thursday,13,Team Training,78,2371,30.4,23,23,12,12,5,5,41,38,0.53,0.53,8,0,0,0,0,0,0,0,24.1,27.0,9,9,,4,4,2,2,1,1,,,,,,,0.12,0.12,4.57,5.27,9,9,4,4,2,2,1,1,,,,,,,0.12,0.12,-6.26,-4.53,11.2,16.6,10,79,69,49,197,221,7.8,7.8,2.3,2.3,148,59,195,197,48.7,4.0,3/26/2026,3/26/2026,
Giorgos Vagiannidis,Giorgos,Vagiannidis,Full Back,Team Training,MD-1,Thursday,13,Team Training,60,3440,57.3,125,125,68,68,50,50,228,227,3.8,3.8,71,2,3,3,1,1,0,0,30.9,34.6,10,10,,5,5,3,3,2,2,,,,,,,0.18,0.18,5.62,3.47,11,11,5,5,3,3,2,2,,,,,,,0.19,0.19,-5.61,-4.89,12.0,11.7,16,98,85,61,244,281,6.0,6.0,1.8,1.8,152,86,193,192,48.0,8.5,3/26/2026,3/26/2026,
Kostas Tsimikas,Kostas,Tsimikas,Full Back,Team Training,MD-1,Thursday,13,Team Training,60,3578,59.6,126,126,68,68,48,48,228,218,3.8,3.8,69,2,3,3,1,1,0,0,30.1,34.5,13,13,,6,6,4,4,2,2,,,,,,,0.23,0.23,4.56,5.42,14,14,7,7,4,4,2,2,,,,,,,0.23,0.23,-6.48,-3.9,19.5,9.9,17,111,97,70,278,320,6.0,6.0,1.8,1.8,140,89,192,196,49.8,4.1,3/26/2026,3/26/2026,
Lazaros Rota,Lazaros,Rota,Full Back,Team Training,MD-1,Thursday,13,Team Training,70,4170,59.6,173,173,94,94,61,61,315,312,4.5,4.5,88,3,4,4,2,2,1,1,30.3,34.7,16,16,,8,8,5,5,3,3,,,,,,,0.24,0.24,6.08,4.06,17,17,8,8,5,5,3,3,,,,,,,0.24,0.24,-4.83,-4.13,10.8,11.1,18,128,112,80,321,339,7.0,7.0,2.1,2.1,149,104,186,198,49.6,3.3,3/26/2026,3/26/2026,
Ntinos Mavropanos,Ntinos,Mavropanos,Central Defender,Team Training,MD-1,Thursday,13,Team Training,60,3487,58.1,99,99,54,54,27,27,181,170,3.01,3.01,38,2,2,2,1,1,0,0,28.4,32.1,11,11,,5,5,3,3,2,2,,,,,,,0.19,0.19,6.02,3.44,12,12,6,6,3,3,2,2,,,,,,,0.2,0.2,-4.67,-4.02,13.1,12.7,16,116,102,73,290,344,6.0,6.0,1.8,1.8,143,87,191,192,51.1,6.3,3/26/2026,3/26/2026,
Konstantinos Koulierakis,Konstantinos,Koulierakis,Central Defender,Team Training,MD-1,Thursday,13,Team Training,78,4225,54.2,118,118,64,64,41,41,215,201,2.75,2.75,59,2,2,2,1,1,0,0,29.5,31.7,13,13,,6,6,4,4,2,2,,,,,,,0.18,0.18,6.05,3.73,12,12,6,6,3,3,2,2,,,,,,,0.16,0.16,-5.37,-5.43,11.3,18.2,16,130,113,81,324,377,7.8,7.8,2.3,2.3,149,106,191,194,48.5,8.6,3/26/2026,3/26/2026,
Pantelis Hatzidiakos,Pantelis,Hatzidiakos,Central Defender,Team Training,MD-1,Thursday,13,Team Training,70,3566,50.9,85,85,46,46,31,31,154,147,2.2,2.2,45,2,2,2,1,1,0,0,27.9,32.6,13,13,,6,6,4,4,2,2,,,,,,,0.2,0.2,5.5,3.27,13,13,6,6,4,4,2,2,,,,,,,0.2,0.2,-5.54,-3.67,10.3,14.3,14,103,90,64,257,285,7.0,7.0,2.1,2.1,140,89,193,192,51.6,4.3,3/26/2026,3/26/2026,
Panagiotis Retsos,Panagiotis,Retsos,Central Defender,Team Training,MD-1,Thursday,13,Team Training,78,4080,52.3,111,111,61,61,35,35,202,189,2.59,2.59,49,2,2,2,1,1,0,0,28.9,31.8,15,15,,7,7,4,4,3,3,,,,,,,0.19,0.19,5.78,4.55,15,15,7,7,4,4,3,3,,,,,,,0.2,0.2,-5.35,-3.12,16.9,17.0,18,126,111,79,316,351,7.8,7.8,2.3,2.3,154,102,185,192,49.6,2.0,3/26/2026,3/26/2026,
Giorgos Kiriakopoulos,Giorgos,Kiriakopoulos,Full Back,Team Training,MD-1,Thursday,13,Team Training,78,5315,68.1,181,181,99,99,71,71,329,316,4.21,4.21,101,3,4,4,2,2,1,1,31.2,34.6,16,16,,8,8,4,4,3,3,,,,,,,0.21,0.21,4.79,3.68,14,14,7,7,4,4,2,2,,,,,,,0.19,0.19,-6.17,-4.32,14.4,10.3,23,174,153,109,436,461,7.8,7.8,2.3,2.3,141,133,190,192,50.6,2.6,3/26/2026,3/26/2026,
Dimitris Kourbelis,Dimitris,Kourbelis,Defensive Midfielder,Team Training,MD-1,Thursday,13,Team Training,78,5372,68.9,125,125,68,68,37,37,228,212,2.92,2.92,53,2,3,3,1,1,0,0,28.0,32.0,17,17,,8,8,5,5,3,3,,,,,,,0.23,0.23,5.18,4.27,16,16,8,8,4,4,3,3,,,,,,,0.21,0.21,-4.9,-3.26,11.2,16.6,22,181,158,113,451,493,7.8,7.8,2.3,2.3,144,134,196,193,48.8,5.8,3/26/2026,3/26/2026,
Christos Zafeiris,Christos,Zafeiris,Defensive Midfielder,Team Training,MD-1,Thursday,13,Team Training,78,5076,65.1,121,121,66,66,45,45,220,220,2.81,2.81,64,3,3,3,1,1,0,0,28.9,32.7,20,20,,10,10,6,6,4,4,,,,,,,0.26,0.26,4.85,4.41,19,19,9,9,5,5,3,3,,,,,,,0.25,0.25,-5.52,-3.24,15.1,9.4,26,157,137,98,392,432,7.8,7.8,2.3,2.3,153,127,196,198,50.7,5.5,3/26/2026,3/26/2026,
Manolis Siopis,Manolis,Siopis,Defensive Midfielder,Team Training,MD-1,Thursday,13,Team Training,70,4481,64.0,130,130,71,71,31,31,236,229,3.37,3.37,44,1,3,3,1,1,0,0,28.1,32.2,16,16,,8,8,5,5,3,3,,,,,,,0.24,0.24,4.84,3.46,17,17,8,8,5,5,3,3,,,,,,,0.25,0.25,-5.77,-3.93,12.3,13.6,19,143,125,89,357,384,7.0,7.0,2.1,2.1,141,112,197,192,48.1,5.3,3/26/2026,3/26/2026,
Christos Mouzakitis,Christos,Mouzakitis,Defensive Midfielder,Team Training,MD-1,Thursday,13,Team Training,78,5081,65.1,115,115,63,63,36,36,210,215,2.69,2.69,51,2,2,2,1,1,0,0,29.4,32.5,17,17,,8,8,5,5,3,3,,,,,,,0.22,0.22,5.05,4.4,16,16,8,8,4,4,3,3,,,,,,,0.21,0.21,-4.95,-4.27,13.0,11.7,21,152,133,95,381,420,7.8,7.8,2.3,2.3,140,127,196,195,50.6,8.2,3/26/2026,3/26/2026,
Tasos Bakasetas,Tasos,Bakasetas,Offensive Midfielder,Team Training,MD-1,Thursday,13,Team Training,78,4411,56.5,150,150,82,82,50,50,272,273,3.49,3.49,71,3,3,3,1,1,1,1,28.9,33.2,13,13,,6,6,4,4,2,2,,,,,,,0.17,0.17,5.36,5.21,13,13,6,6,3,3,2,2,,,,,,,0.17,0.17,-6.0,-4.36,11.5,9.9,18,140,122,87,349,413,7.8,7.8,2.3,2.3,154,110,191,200,49.9,7.6,3/26/2026,3/26/2026,
Petros Mantalos,Petros,Mantalos,Offensive Midfielder,Team Training,MD-1,Thursday,13,Team Training,78,4534,58.1,168,168,92,92,63,63,306,278,3.93,3.93,90,3,4,4,2,2,1,1,30.0,32.9,14,14,,7,7,4,4,2,2,,,,,,,0.18,0.18,6.08,5.06,14,14,7,7,4,4,2,2,,,,,,,0.19,0.19,-4.68,-5.7,18.4,10.9,23,136,119,85,340,407,7.8,7.8,2.3,2.3,141,113,195,199,49.5,4.4,3/26/2026,3/26/2026,
Giannis Konstantelias,Giannis,Konstantelias,Offensive Midfielder,Team Training,MD-1,Thursday,13,Team Training,78,4942,63.4,158,158,86,86,73,73,287,298,3.68,3.68,104,3,3,3,1,1,1,1,29.0,33.1,19,19,,9,9,5,5,3,3,,,,,,,0.25,0.25,4.97,3.57,20,20,10,10,6,6,4,4,,,,,,,0.26,0.26,-5.78,-3.01,14.5,9.5,24,149,131,93,373,395,7.8,7.8,2.3,2.3,139,124,186,195,51.9,7.7,3/26/2026,3/26/2026,
Dimitris Pelkas,Dimitris,Pelkas,Offensive Midfielder,Team Training,MD-1,Thursday,13,Team Training,78,4381,56.2,128,128,70,70,60,60,233,238,2.98,2.98,85,3,3,3,1,1,1,1,29.5,33.4,16,16,,8,8,4,4,3,3,,,,,,,0.21,0.21,5.19,4.26,16,16,8,8,4,4,3,3,,,,,,,0.21,0.21,-5.93,-5.64,15.1,9.3,19,146,128,92,366,404,7.8,7.8,2.3,2.3,151,110,196,195,49.3,2.7,3/26/2026,3/26/2026,
Konstantinos Karetsas,Konstantinos,Karetsas,Winger,Team Training,MD-1,Thursday,13,Team Training,60,3873,64.5,156,156,85,85,66,66,284,268,4.73,4.73,94,4,3,3,1,1,1,1,32.0,35.6,11,11,,5,5,3,3,2,2,,,,,,,0.19,0.19,5.34,4.67,10,10,5,5,3,3,2,2,,,,,,,0.18,0.18,-6.47,-3.47,15.2,9.5,14,108,95,68,271,286,6.0,6.0,1.8,1.8,139,97,189,194,49.9,5.4,3/26/2026,3/26/2026,
Christos Tzolis,Christos,Tzolis,Winger,Team Training,MD-1,Thursday,13,Team Training,70,4288,61.3,191,191,104,104,67,67,348,317,4.97,4.97,96,3,4,4,2,2,1,1,31.3,35.2,16,16,,8,8,4,4,3,3,,,,,,,0.23,0.23,5.88,3.55,15,15,7,7,4,4,3,3,,,,,,,0.22,0.22,-5.68,-3.97,18.4,11.7,19,125,109,78,313,343,7.0,7.0,2.1,2.1,143,107,188,195,50.5,5.8,3/26/2026,3/26/2026,
Giorgos Masouras,Giorgos,Masouras,Winger,Team Training,MD-1,Thursday,13,Team Training,78,4520,58.0,197,197,107,107,69,69,358,329,4.59,4.59,99,3,4,4,2,2,1,1,31.0,35.7,14,14,,7,7,4,4,2,2,,,,,,,0.19,0.19,4.51,4.76,13,13,6,6,4,4,2,2,,,,,,,0.17,0.17,-5.08,-3.57,8.2,15.0,23,145,127,90,362,388,7.8,7.8,2.3,2.3,139,113,192,196,48.1,4.6,3/26/2026,3/26/2026,
Vangelis Pavlidis,Vangelis,Pavlidis,Striker,Team Training,MD-1,Thursday,13,Team Training,78,4590,58.8,202,202,110,110,84,84,366,357,4.7,4.7,120,4,5,5,2,2,1,1,31.4,34.6,15,15,,7,7,4,4,3,3,,,,,,,0.2,0.2,4.87,4.36,14,14,7,7,4,4,2,2,,,,,,,0.19,0.19,-4.5,-4.26,17.6,17.3,19,153,134,96,382,426,7.8,7.8,2.3,2.3,145,115,193,193,48.3,4.1,3/26/2026,3/26/2026,
Fotis Ioannidis,Fotis,Ioannidis,Striker,Team Training,MD-1,Thursday,13,Team Training,70,4486,64.1,204,204,111,111,61,61,370,337,5.29,5.29,87,3,5,5,2,2,1,1,31.0,34.1,13,13,,6,6,4,4,2,2,,,,,,,0.19,0.19,5.12,4.33,12,12,6,6,3,3,2,2,,,,,,,0.18,0.18,-6.09,-5.13,9.7,16.5,20,150,132,94,376,402,7.0,7.0,2.1,2.1,149,112,194,195,48.2,3.6,3/26/2026,3/26/2026,
Konstantinos Tzolakis,Konstantinos,Tzolakis,Goalkeeper,GRE - HUN,Match Day,Friday,13,Entire Session,90,4943,54.9,57,57,31,31,18,18,104,109,1.15,1.15,26,1,1,1,0,0,0,0,26.2,27.2,20,20,,10,10,6,6,4,4,,,,,,,0.23,0.23,6.15,4.61,19,19,9,9,5,5,3,3,,,,,,,0.22,0.22,-5.12,-3.25,12.1,9.5,19,167,146,104,418,482,16.2,16.2,5.4,5.4,157,124,189,200,51.1,6.9,3/27/2026,3/27/2026,
Christos Tzolis,Christos,Tzolis,Winger,GRE - HUN,Match Day,Friday,13,Entire Session,62,6985,112.7,426,426,232,232,299,299,775,805,12.49,12.49,427,18,10,10,5,5,5,5,34.8,35.5,33,33,,16,16,10,10,6,6,,,,,,,0.54,0.54,5.43,4.32,31,31,15,15,9,9,6,6,,,,,,,0.51,0.51,-5.62,-3.18,13.1,13.2,27,202,177,126,506,559,11.2,11.2,3.7,3.7,164,175,194,193,50.4,7.1,3/27/2026,3/27/2026,
Ntinos Mavropanos,Ntinos,Mavropanos,Central Defender,GRE - HUN,Match Day,Friday,13,Entire Session,90,9552,106.1,309,309,168,168,157,157,561,516,6.23,6.23,224,9,7,7,3,3,3,3,30.8,32.7,46,46,,23,23,14,14,9,9,,,,,,,0.52,0.52,5.14,3.44,44,44,22,22,13,13,8,8,,,,,,,0.49,0.49,-4.6,-4.53,16.7,18.7,43,302,264,189,755,805,16.2,16.2,5.4,5.4,154,239,190,199,51.5,4.9,3/27/2026,3/27/2026,
Vangelis Pavlidis,Vangelis,Pavlidis,Striker,GRE - HUN,Match Day,Friday,13,Entire Session,90,10379,115.3,574,574,313,313,388,388,1044,1007,11.6,11.6,554,19,14,14,6,6,7,7,32.8,33.7,52,52,,26,26,15,15,10,10,,,,,,,0.59,0.59,5.66,5.1,50,50,25,25,15,15,10,10,,,,,,,0.56,0.56,-6.35,-5.79,11.4,16.9,51,296,259,185,740,873,16.2,16.2,5.4,5.4,167,259,185,196,48.1,2.4,3/27/2026,3/27/2026,
Tasos Bakasetas,Tasos,Bakasetas,Offensive Midfielder,GRE - HUN,Match Day,Friday,13,Entire Session,90,10656,118.4,457,457,249,249,285,285,832,781,9.24,9.24,407,15,11,11,5,5,5,5,31.8,32.7,49,49,,24,24,14,14,9,9,,,,,,,0.55,0.55,5.41,5.44,46,46,23,23,14,14,9,9,,,,,,,0.52,0.52,-6.42,-4.73,17.3,15.0,45,310,271,194,775,814,16.2,16.2,5.4,5.4,167,266,191,196,48.8,7.9,3/27/2026,3/27/2026,
Dimitris Kourbelis,Dimitris,Kourbelis,Defensive Midfielder,GRE - HUN,Match Day,Friday,13,Entire Session,90,10837,120.4,406,406,222,222,209,209,738,737,8.2,8.2,299,11,10,10,4,4,4,4,30.7,32.0,43,43,,21,21,12,12,8,8,,,,,,,0.48,0.48,6.2,5.01,42,42,21,21,12,12,8,8,,,,,,,0.47,0.47,-6.4,-5.79,11.3,19.8,49,322,282,201,806,861,16.2,16.2,5.4,5.4,155,271,186,197,49.0,6.9,3/27/2026,3/27/2026,
Konstantinos Koulierakis,Konstantinos,Koulierakis,Central Defender,GRE - HUN,Match Day,Friday,13,Entire Session,90,9384,104.3,334,334,182,182,139,139,607,632,6.74,6.74,199,7,8,8,4,4,2,2,31.3,32.5,43,43,,21,21,13,13,8,8,,,,,,,0.48,0.48,5.57,3.41,41,41,20,20,12,12,8,8,,,,,,,0.46,0.46,-6.24,-4.39,12.2,16.6,47,314,274,196,784,922,16.2,16.2,5.4,5.4,151,235,192,197,51.7,8.4,3/27/2026,3/27/2026,
Konstantinos Karetsas,Konstantinos,Karetsas,Winger,GRE - HUN,Match Day,Friday,13,Entire Session,90,10422,115.8,617,617,336,336,318,318,1121,1125,12.46,12.46,455,19,15,15,7,7,6,6,35.0,35.6,51,51,,25,25,15,15,10,10,,,,,,,0.57,0.57,6.05,3.95,53,53,26,26,16,16,10,10,,,,,,,0.6,0.6,-6.38,-4.69,17.9,11.1,49,334,292,209,835,989,16.2,16.2,5.4,5.4,157,261,196,199,50.9,8.8,3/27/2026,3/27/2026,
Christos Zafeiris,Christos,Zafeiris,Defensive Midfielder,GRE - HUN,Match Day,Friday,13,Entire Session,90,11787,131.0,436,436,238,238,195,195,793,800,8.81,8.81,279,12,10,10,5,5,3,3,32.1,32.4,47,47,,23,23,14,14,9,9,,,,,,,0.53,0.53,4.58,4.33,45,45,22,22,13,13,9,9,,,,,,,0.5,0.5,-5.37,-5.6,15.6,18.8,58,398,348,249,995,1103,16.2,16.2,5.4,5.4,156,295,196,194,50.6,7.3,3/27/2026,3/27/2026,
Giorgos Vagiannidis,Giorgos,Vagiannidis,Full Back,GRE - HUN,Match Day,Friday,13,Entire Session,90,11719,130.2,720,720,393,393,398,398,1309,1257,14.55,14.55,568,21,17,17,8,8,7,7,33.4,34.1,53,53,,26,26,15,15,10,10,,,,,,,0.59,0.59,4.86,4.19,52,52,26,26,15,15,10,10,,,,,,,0.58,0.58,-5.82,-4.92,15.0,11.6,52,345,302,216,863,1000,16.2,16.2,5.4,5.4,155,293,193,199,49.0,5.4,3/27/2026,3/27/2026,
Kostas Tsimikas,Kostas,Tsimikas,Full Back,GRE - HUN,Match Day,Friday,13,Entire Session,90,11226,124.7,614,614,335,335,273,273,1116,1165,12.4,12.4,390,15,15,15,7,7,5,5,33.0,34.7,47,47,,23,23,14,14,9,9,,,,,,,0.52,0.52,5.62,5.49,49,49,24,24,14,14,9,9,,,,,,,0.55,0.55,-5.33,-3.05,19.2,11.1,46,371,325,232,928,1045,16.2,16.2,5.4,5.4,150,281,193,192,49.7,7.1,3/27/2026,3/27/2026,
Giannis Konstantelias,Giannis,Konstantelias,Offensive Midfielder,GRE - HUN,Match Day,Friday,13,Entire Session,12,1463,122.0,67,67,37,37,41,41,123,123,10.23,10.23,59,2,1,1,0,0,0,0,32.6,33.0,6,6,,3,3,2,2,1,1,,,,,,,0.56,0.56,4.7,3.57,6,6,3,3,1,1,1,1,,,,,,,0.53,0.53,-4.85,-5.51,14.4,14.5,6,48,42,30,119,126,2.2,2.2,0.7,0.7,161,37,190,196,51.7,2.1,3/27/2026,3/27/2026,
Lazaros Rota,Lazaros,Rota,Full Back,GRE - HUN,Match Day,Friday,13,Entire Session,45,5500,122.2,318,318,174,174,145,145,579,566,12.86,12.86,208,7,7,7,3,3,2,2,32.6,34.4,28,28,,14,14,8,8,5,5,,,,,,,0.63,0.63,4.94,4.79,29,29,14,14,8,8,5,5,,,,,,,0.66,0.66,-4.78,-3.91,14.9,10.9,22,185,162,116,462,537,8.1,8.1,2.7,2.7,154,138,187,196,49.7,8.1,3/27/2026,3/27/2026,
Pantelis Hatzidiakos,Pantelis,Hatzidiakos,Central Defender,GRE - HUN,Match Day,Friday,13,Entire Session,28,3280,117.2,109,109,59,59,44,44,198,196,7.06,7.06,63,3,2,2,1,1,0,0,31.3,32.6,14,14,,7,7,4,4,2,2,,,,,,,0.52,0.52,6.0,5.05,14,14,7,7,4,4,2,2,,,,,,,0.52,0.52,-6.26,-3.63,14.5,18.5,13,99,87,62,248,266,5.0,5.0,1.7,1.7,150,82,185,197,51.9,5.7,3/27/2026,3/27/2026,
Giorgos Kiriakopoulos,Giorgos,Kiriakopoulos,Full Back,GRE - HUN,Match Day,Friday,13,Entire Session,20,2465,123.2,133,133,73,73,59,59,242,236,12.1,12.1,84,3,3,3,1,1,1,1,34.1,34.5,10,10,,5,5,3,3,2,2,,,,,,,0.51,0.51,4.85,3.57,9,9,4,4,2,2,1,1,,,,,,,0.46,0.46,-5.98,-5.1,16.4,9.7,11,70,61,44,175,197,3.6,3.6,1.2,1.2,156,62,195,194,48.7,3.0,3/27/2026,3/27/2026,
Manolis Siopis,Manolis,Siopis,Defensive Midfielder,GRE - HUN,Match Day,Friday,13,Entire Session,12,1595,133.0,60,60,33,33,32,32,109,102,9.04,9.04,46,2,1,1,0,0,0,0,31.4,31.9,8,8,,4,4,2,2,1,1,,,,,,,0.69,0.69,6.03,4.62,7,7,3,3,2,2,1,1,,,,,,,0.64,0.64,-6.36,-4.22,17.5,14.9,6,52,45,32,130,142,2.2,2.2,0.7,0.7,156,40,192,196,51.8,2.6,3/27/2026,3/27/2026,
Konstantinos Tzolakis,Konstantinos,Tzolakis,Goalkeeper,Team Training,MD-3,Tuesday,23,Team Training,65,2976,45.8,23,23,13,13,7,7,42,41,0.64,0.64,10,0,0,0,0,0,0,0,24.7,26.9,11,11,,5,5,3,3,2,2,,,,,,,0.18,0.18,5.38,3.34,10,10,5,5,3,3,2,2,,,,,,,0.17,0.17,-6.29,-5.77,11.8,17.9,11,92,80,57,229,271,6.5,6.5,1.9,1.9,141,74,196,197,49.1,5.9,6/2/2026,6/2/2026,
Odysseas Vlachodimos,Odysseas,Vlachodimos,Goalkeeper,Team Training,MD-3,Tuesday,23,Team Training,72,3951,54.9,32,32,17,17,10,10,57,59,0.8,0.8,14,1,0,0,0,0,0,0,23.9,27.4,13,13,,6,6,3,3,2,2,,,,,,,0.18,0.18,5.07,3.49,13,13,6,6,4,4,2,2,,,,,,,0.19,0.19,-5.42,-4.07,9.5,16.1,19,130,114,81,325,357,7.2,7.2,2.2,2.2,143,99,194,199,51.8,2.6,6/2/2026,6/2/2026,
Christos Mandas,Christos,Mandas,Goalkeeper,Team Training,MD-3,Tuesday,23,Team Training,65,3572,55.0,27,27,15,15,8,8,49,48,0.75,0.75,12,0,0,0,0,0,0,0,24.0,27.1,13,13,,6,6,4,4,2,2,,,,,,,0.21,0.21,5.93,5.15,13,13,6,6,3,3,2,2,,,,,,,0.2,0.2,-4.96,-5.49,9.7,19.9,15,109,96,68,274,305,6.5,6.5,1.9,1.9,154,89,195,194,49.2,7.0,6/2/2026,6/2/2026,
Giorgos Vagiannidis,Giorgos,Vagiannidis,Full Back,Team Training,MD-3,Tuesday,23,Team Training,88,8881,100.9,382,382,208,208,126,126,695,637,7.89,7.89,180,6,9,9,4,4,2,2,29.8,34.0,27,27,,13,13,8,8,5,5,,,,,,,0.31,0.31,5.92,4.25,25,25,12,12,7,7,5,5,,,,,,,0.29,0.29,-4.74,-3.42,12.4,14.2,44,270,236,169,675,746,8.8,8.8,2.6,2.6,139,222,185,199,50.1,5.5,6/2/2026,6/2/2026,
Kostas Tsimikas,Kostas,Tsimikas,Full Back,Team Training,MD-3,Tuesday,23,Team Training,65,7680,118.1,264,264,144,144,134,134,481,463,7.4,7.4,191,6,6,6,3,3,2,2,30.0,33.7,24,24,,12,12,7,7,4,4,,,,,,,0.37,0.37,5.06,3.52,25,25,12,12,7,7,5,5,,,,,,,0.39,0.39,-5.6,-3.51,16.5,9.0,35,220,193,138,550,640,6.5,6.5,1.9,1.9,147,192,191,197,51.8,6.8,6/2/2026,6/2/2026,
Lazaros Rota,Lazaros,Rota,Full Back,Team Training,MD-3,Tuesday,23,Team Training,88,9037,102.7,307,307,168,168,139,139,559,584,6.35,6.35,199,8,7,7,3,3,2,2,30.6,34.5,28,28,,14,14,8,8,5,5,,,,,,,0.32,0.32,5.02,3.41,27,27,13,13,8,8,5,5,,,,,,,0.32,0.32,-5.39,-5.63,10.4,18.7,37,268,235,168,670,753,8.8,8.8,2.6,2.6,146,226,197,194,48.9,7.2,6/2/2026,6/2/2026,
Ntinos Mavropanos,Ntinos,Mavropanos,Central Defender,Team Training,MD-3,Tuesday,23,Team Training,80,8374,104.7,209,209,114,114,63,63,380,379,4.75,4.75,91,3,5,5,2,2,1,1,28.5,32.4,28,28,,14,14,8,8,5,5,,,,,,,0.35,0.35,5.08,4.8,28,28,14,14,8,8,5,5,,,,,,,0.35,0.35,-4.75,-3.12,17.7,12.7,36,272,238,170,681,725,8.0,8.0,2.4,2.4,137,209,187,197,49.2,4.9,6/2/2026,6/2/2026,
Konstantinos Koulierakis,Konstantinos,Koulierakis,Central Defender,Team Training,MD-3,Tuesday,23,Team Training,72,6343,88.1,160,160,87,87,47,47,291,295,4.04,4.04,67,2,3,3,1,1,0,0,29.4,32.6,24,24,,12,12,7,7,4,4,,,,,,,0.34,0.34,6.18,3.74,23,23,11,11,7,7,4,4,,,,,,,0.33,0.33,-5.52,-3.92,11.2,17.2,31,192,168,120,480,550,7.2,7.2,2.2,2.2,135,159,189,192,50.1,7.3,6/2/2026,6/2/2026,
Pantelis Hatzidiakos,Pantelis,Hatzidiakos,Central Defender,Team Training,MD-3,Tuesday,23,Team Training,65,6461,99.4,179,179,97,97,61,61,325,295,4.99,4.99,87,3,4,4,2,2,1,1,29.5,32.1,26,26,,13,13,7,7,5,5,,,,,,,0.4,0.4,6.05,4.18,23,23,11,11,7,7,4,4,,,,,,,0.37,0.37,-5.18,-4.35,11.1,9.0,28,195,170,122,486,561,6.5,6.5,1.9,1.9,149,162,191,199,49.2,5.1,6/2/2026,6/2/2026,
Panagiotis Retsos,Panagiotis,Retsos,Central Defender,Team Training,MD-3,Tuesday,23,Team Training,88,7748,88.0,214,214,117,117,68,68,389,386,4.42,4.42,97,3,5,5,2,2,1,1,28.6,31.9,26,26,,13,13,8,8,5,5,,,,,,,0.31,0.31,5.94,5.37,26,26,13,13,7,7,5,5,,,,,,,0.3,0.3,-6.32,-4.98,17.8,15.5,39,238,208,149,595,704,8.8,8.8,2.6,2.6,143,194,190,193,49.3,2.6,6/2/2026,6/2/2026,
Giorgos Kiriakopoulos,Giorgos,Kiriakopoulos,Full Back,Team Training,MD-3,Tuesday,23,Team Training,65,6979,107.4,246,246,134,134,113,113,448,455,6.88,6.88,161,6,6,6,2,2,2,2,31.2,34.1,22,22,,11,11,6,6,4,4,,,,,,,0.35,0.35,5.43,3.54,21,21,10,10,6,6,4,4,,,,,,,0.33,0.33,-4.7,-3.5,9.9,15.3,28,197,172,123,493,523,6.5,6.5,1.9,1.9,154,174,194,194,50.9,3.8,6/2/2026,6/2/2026,
Dimitris Kourbelis,Dimitris,Kourbelis,Defensive Midfielder,Team Training,MD-3,Tuesday,23,Team Training,80,8260,103.3,198,198,108,108,58,58,360,371,4.5,4.5,83,3,4,4,2,2,1,1,27.9,32.6,27,27,,13,13,8,8,5,5,,,,,,,0.35,0.35,5.05,5.27,28,28,14,14,8,8,5,5,,,,,,,0.35,0.35,-5.2,-3.95,10.5,18.5,36,250,219,156,625,708,8.0,8.0,2.4,2.4,154,207,197,196,48.0,5.4,6/2/2026,6/2/2026,
Christos Zafeiris,Christos,Zafeiris,Defensive Midfielder,Team Training,MD-3,Tuesday,23,Team Training,72,7600,105.6,187,187,102,102,60,60,341,335,4.73,4.73,86,3,4,4,2,2,1,1,28.8,31.9,30,30,,15,15,9,9,6,6,,,,,,,0.43,0.43,5.06,4.62,30,30,15,15,9,9,6,6,,,,,,,0.42,0.42,-4.53,-3.14,15.3,14.5,33,245,215,153,613,645,7.2,7.2,2.2,2.2,154,190,191,194,50.3,7.3,6/2/2026,6/2/2026,
Manolis Siopis,Manolis,Siopis,Defensive Midfielder,Team Training,MD-3,Tuesday,23,Team Training,65,7661,117.9,181,181,99,99,76,76,329,310,5.06,5.06,108,4,4,4,2,2,1,1,28.9,32.2,24,24,,12,12,7,7,4,4,,,,,,,0.38,0.38,6.08,5.07,25,25,12,12,7,7,5,5,,,,,,,0.39,0.39,-5.98,-5.18,12.6,10.2,36,234,205,146,585,688,6.5,6.5,1.9,1.9,143,192,187,199,51.2,6.9,6/2/2026,6/2/2026,
Christos Mouzakitis,Christos,Mouzakitis,Defensive Midfielder,Team Training,MD-3,Tuesday,23,Team Training,80,9883,123.5,256,256,140,140,77,77,465,489,5.82,5.82,109,3,6,6,3,3,1,1,28.2,32.5,39,39,,19,19,11,11,7,7,,,,,,,0.5,0.5,5.79,3.27,39,39,19,19,11,11,7,7,,,,,,,0.5,0.5,-5.66,-5.52,15.8,16.9,50,310,271,194,775,832,8.0,8.0,2.4,2.4,135,247,196,200,50.3,4.0,6/2/2026,6/2/2026,
Tasos Bakasetas,Tasos,Bakasetas,Offensive Midfielder,Team Training,MD-3,Tuesday,23,Team Training,65,6981,107.4,234,234,127,127,97,97,425,430,6.53,6.53,138,5,5,5,2,2,1,1,28.9,33.4,27,27,,13,13,8,8,5,5,,,,,,,0.42,0.42,5.82,3.7,25,25,12,12,7,7,5,5,,,,,,,0.39,0.39,-5.52,-3.26,18.3,15.3,32,210,184,131,526,580,6.5,6.5,1.9,1.9,142,175,187,194,49.3,8.3,6/2/2026,6/2/2026,
Petros Mantalos,Petros,Mantalos,Offensive Midfielder,Team Training,MD-3,Tuesday,23,Team Training,65,6713,103.3,254,254,139,139,69,69,462,455,7.11,7.11,98,3,6,6,3,3,1,1,29.4,33.2,23,23,,11,11,7,7,4,4,,,,,,,0.37,0.37,6.02,3.76,24,24,12,12,7,7,4,4,,,,,,,0.38,0.38,-6.31,-5.79,11.3,16.3,30,187,164,117,467,555,6.5,6.5,1.9,1.9,141,168,189,194,51.1,3.5,6/2/2026,6/2/2026,
Giannis Konstantelias,Giannis,Konstantelias,Offensive Midfielder,Team Training,MD-3,Tuesday,23,Team Training,88,10343,117.5,331,331,181,181,134,134,603,559,6.85,6.85,192,6,8,8,4,4,2,2,29.2,32.7,38,38,,19,19,11,11,7,7,,,,,,,0.43,0.43,4.58,5.3,39,39,19,19,11,11,7,7,,,,,,,0.45,0.45,-5.83,-4.53,9.8,18.3,40,298,260,186,744,868,8.8,8.8,2.6,2.6,150,259,193,200,51.4,7.8,6/2/2026,6/2/2026,
Dimitris Pelkas,Dimitris,Pelkas,Offensive Midfielder,Team Training,MD-3,Tuesday,23,Team Training,80,9393,117.4,316,316,172,172,113,113,574,575,7.17,7.17,162,6,7,7,3,3,2,2,29.8,32.9,33,33,,16,16,10,10,6,6,,,,,,,0.42,0.42,5.46,4.33,35,35,17,17,10,10,7,7,,,,,,,0.44,0.44,-6.18,-4.41,15.5,18.5,36,301,264,188,753,864,8.0,8.0,2.4,2.4,144,235,195,192,51.8,3.6,6/2/2026,6/2/2026,
Konstantinos Karetsas,Konstantinos,Karetsas,Winger,Team Training,MD-3,Tuesday,23,Team Training,65,6643,102.2,312,312,170,170,103,103,568,560,8.74,8.74,148,5,7,7,3,3,2,2,31.0,34.7,20,20,,10,10,6,6,4,4,,,,,,,0.32,0.32,5.43,3.63,19,19,9,9,5,5,3,3,,,,,,,0.3,0.3,-5.66,-3.36,16.1,18.0,27,190,167,119,476,533,6.5,6.5,1.9,1.9,154,166,187,193,48.5,8.0,6/2/2026,6/2/2026,
Christos Tzolis,Christos,Tzolis,Winger,Team Training,MD-3,Tuesday,23,Team Training,88,10069,114.4,381,381,208,208,158,158,693,723,7.88,7.88,225,7,9,9,4,4,3,3,32.3,35.3,39,39,,19,19,11,11,7,7,,,,,,,0.44,0.44,5.53,4.57,37,37,18,18,11,11,7,7,,,,,,,0.43,0.43,-6.48,-4.1,16.9,18.0,52,299,262,187,748,868,8.8,8.8,2.6,2.6,151,252,191,200,50.3,7.5,6/2/2026,6/2/2026,
Giorgos Masouras,Giorgos,Masouras,Winger,Team Training,MD-3,Tuesday,23,Team Training,88,9969,113.3,378,378,206,206,196,196,687,699,7.81,7.81,280,12,9,9,4,4,3,3,31.9,35.3,31,31,,15,15,9,9,6,6,,,,,,,0.36,0.36,4.65,4.56,32,32,16,16,9,9,6,6,,,,,,,0.37,0.37,-5.11,-4.75,11.5,8.6,45,281,246,176,703,832,8.8,8.8,2.6,2.6,145,249,185,196,50.0,3.5,6/2/2026,6/2/2026,
Vangelis Pavlidis,Vangelis,Pavlidis,Striker,Team Training,MD-3,Tuesday,23,Team Training,88,8185,93.0,330,330,180,180,137,137,600,609,6.82,6.82,196,8,8,8,4,4,2,2,30.3,34.5,26,26,,13,13,8,8,5,5,,,,,,,0.3,0.3,5.15,4.97,27,27,13,13,8,8,5,5,,,,,,,0.31,0.31,-5.13,-3.63,12.3,8.4,41,272,238,170,679,744,8.8,8.8,2.6,2.6,152,205,185,196,48.8,3.2,6/2/2026,6/2/2026,
Fotis Ioannidis,Fotis,Ioannidis,Striker,Team Training,MD-3,Tuesday,23,Team Training,72,6679,92.8,255,255,139,139,95,95,464,477,6.44,6.44,136,5,6,6,3,3,1,1,29.7,34.3,26,26,,13,13,7,7,5,5,,,,,,,0.36,0.36,4.91,4.48,26,26,13,13,7,7,5,5,,,,,,,0.36,0.36,-6.08,-3.25,10.6,16.4,32,198,173,124,495,568,7.2,7.2,2.2,2.2,142,167,186,199,48.7,6.8,6/2/2026,6/2/2026,
Konstantinos Tzolakis,Konstantinos,Tzolakis,Goalkeeper,Team Training,MD-2,Wednesday,23,Team Training,88,4112,46.7,36,36,20,20,7,7,65,68,0.74,0.74,10,0,0,0,0,0,0,0,24.6,27.7,13,13,,6,6,3,3,2,2,,,,,,,0.15,0.15,5.75,4.32,12,12,6,6,3,3,2,2,,,,,,,0.14,0.14,-5.71,-4.43,8.4,8.1,16,120,105,75,300,334,8.8,8.8,2.6,2.6,152,103,192,192,51.0,5.1,6/3/2026,6/3/2026,
Odysseas Vlachodimos,Odysseas,Vlachodimos,Goalkeeper,Team Training,MD-2,Wednesday,23,Team Training,65,2960,45.5,26,26,14,14,7,7,47,47,0.72,0.72,10,0,0,0,0,0,0,0,23.9,27.3,10,10,,5,5,3,3,2,2,,,,,,,0.16,0.16,5.16,4.59,10,10,5,5,3,3,2,2,,,,,,,0.17,0.17,-5.24,-3.02,15.7,12.9,15,85,74,53,212,247,6.5,6.5,1.9,1.9,137,74,196,194,50.3,6.5,6/3/2026,6/3/2026,
Christos Mandas,Christos,Mandas,Goalkeeper,Team Training,MD-2,Wednesday,23,Team Training,88,3621,41.2,35,35,19,19,8,8,63,59,0.72,0.72,11,0,0,0,0,0,0,0,24.6,27.0,11,11,,5,5,3,3,2,2,,,,,,,0.13,0.13,4.73,3.5,11,11,5,5,3,3,2,2,,,,,,,0.13,0.13,-5.98,-5.75,15.5,12.8,15,109,95,68,272,316,8.8,8.8,2.6,2.6,145,91,195,192,51.5,5.5,6/3/2026,6/3/2026,
Giorgos Vagiannidis,Giorgos,Vagiannidis,Full Back,Team Training,MD-2,Wednesday,23,Team Training,80,7683,96.0,317,317,173,173,119,119,576,533,7.21,7.21,170,7,7,7,3,3,2,2,30.8,33.8,25,25,,12,12,7,7,5,5,,,,,,,0.32,0.32,5.18,4.89,25,25,12,12,7,7,5,5,,,,,,,0.31,0.31,-6.04,-5.48,14.9,13.4,36,242,212,151,606,674,8.0,8.0,2.4,2.4,140,192,189,197,49.2,7.5,6/3/2026,6/3/2026,
Kostas Tsimikas,Kostas,Tsimikas,Full Back,Team Training,MD-2,Wednesday,23,Team Training,80,7905,98.8,306,306,167,167,117,117,556,538,6.95,6.95,167,5,7,7,3,3,2,2,30.8,34.6,27,27,,13,13,8,8,5,5,,,,,,,0.34,0.34,6.06,3.37,26,26,13,13,7,7,5,5,,,,,,,0.33,0.33,-5.37,-4.7,13.7,17.6,40,258,226,162,646,767,8.0,8.0,2.4,2.4,152,198,194,199,48.7,4.2,6/3/2026,6/3/2026,
Lazaros Rota,Lazaros,Rota,Full Back,Team Training,MD-2,Wednesday,23,Team Training,80,7784,97.3,353,353,193,193,126,126,643,627,8.03,8.03,180,7,8,8,4,4,2,2,29.7,34.4,23,23,,11,11,7,7,4,4,,,,,,,0.3,0.3,5.46,5.17,23,23,11,11,6,6,4,4,,,,,,,0.29,0.29,-5.91,-4.69,11.6,9.2,40,250,219,157,626,690,8.0,8.0,2.4,2.4,138,195,191,194,48.2,5.4,6/3/2026,6/3/2026,
Ntinos Mavropanos,Ntinos,Mavropanos,Central Defender,Team Training,MD-2,Wednesday,23,Team Training,72,5184,72.0,130,130,71,71,42,42,236,245,3.28,3.28,60,2,3,3,1,1,0,0,28.8,32.6,19,19,,9,9,5,5,3,3,,,,,,,0.28,0.28,5.51,4.51,17,17,8,8,5,5,3,3,,,,,,,0.25,0.25,-6.06,-5.43,9.1,17.4,21,148,130,93,370,403,7.2,7.2,2.2,2.2,136,130,197,194,50.4,5.0,6/3/2026,6/3/2026,
Konstantinos Koulierakis,Konstantinos,Koulierakis,Central Defender,Team Training,MD-2,Wednesday,23,Team Training,65,5541,85.2,143,143,78,78,50,50,260,247,4.0,4.0,72,3,3,3,1,1,1,1,28.5,32.5,21,21,,10,10,6,6,4,4,,,,,,,0.32,0.32,5.15,4.2,21,21,10,10,6,6,4,4,,,,,,,0.33,0.33,-4.51,-5.01,8.7,13.4,27,156,137,98,391,445,6.5,6.5,1.9,1.9,152,139,196,195,49.5,8.3,6/3/2026,6/3/2026,
Pantelis Hatzidiakos,Pantelis,Hatzidiakos,Central Defender,Team Training,MD-2,Wednesday,23,Team Training,80,6541,81.8,168,168,92,92,51,51,306,304,3.82,3.82,73,2,4,4,2,2,1,1,28.0,32.5,24,24,,12,12,7,7,4,4,,,,,,,0.31,0.31,4.88,4.12,22,22,11,11,6,6,4,4,,,,,,,0.29,0.29,-6.36,-5.59,9.4,9.7,31,202,176,126,504,556,8.0,8.0,2.4,2.4,143,164,195,199,50.4,6.7,6/3/2026,6/3/2026,
Panagiotis Retsos,Panagiotis,Retsos,Central Defender,Team Training,MD-2,Wednesday,23,Team Training,88,6336,72.0,187,187,102,102,55,55,341,325,3.87,3.87,79,3,4,4,2,2,1,1,28.8,32.1,23,23,,11,11,7,7,4,4,,,,,,,0.27,0.27,4.83,5.41,24,24,12,12,7,7,4,4,,,,,,,0.28,0.28,-5.39,-4.24,10.0,8.9,25,179,156,112,446,530,8.8,8.8,2.6,2.6,153,158,191,195,50.9,3.2,6/3/2026,6/3/2026,
Giorgos Kiriakopoulos,Giorgos,Kiriakopoulos,Full Back,Team Training,MD-2,Wednesday,23,Team Training,80,8004,100.1,309,309,168,168,107,107,561,533,7.01,7.01,152,5,7,7,3,3,2,2,29.7,34.1,25,25,,12,12,7,7,5,5,,,,,,,0.32,0.32,4.77,5.44,26,26,13,13,8,8,5,5,,,,,,,0.34,0.34,-5.93,-5.67,9.9,10.1,34,266,232,166,664,768,8.0,8.0,2.4,2.4,138,200,190,197,50.9,6.7,6/3/2026,6/3/2026,
Dimitris Kourbelis,Dimitris,Kourbelis,Defensive Midfielder,Team Training,MD-2,Wednesday,23,Team Training,80,8039,100.5,213,213,116,116,75,75,387,351,4.84,4.84,107,4,5,5,2,2,1,1,28.8,32.3,31,31,,15,15,9,9,6,6,,,,,,,0.4,0.4,5.09,3.84,29,29,14,14,8,8,5,5,,,,,,,0.37,0.37,-6.2,-4.36,16.2,16.5,40,236,206,147,589,633,8.0,8.0,2.4,2.4,138,201,187,195,51.9,6.0,6/3/2026,6/3/2026,
Christos Zafeiris,Christos,Zafeiris,Defensive Midfielder,Team Training,MD-2,Wednesday,23,Team Training,88,9116,103.6,253,253,138,138,66,66,461,422,5.24,5.24,95,3,6,6,3,3,1,1,28.8,32.5,27,27,,13,13,8,8,5,5,,,,,,,0.32,0.32,4.57,4.63,29,29,14,14,8,8,5,5,,,,,,,0.33,0.33,-4.91,-3.59,11.9,16.7,37,257,224,160,641,686,8.8,8.8,2.6,2.6,137,228,187,196,49.1,8.4,6/3/2026,6/3/2026,
Manolis Siopis,Manolis,Siopis,Defensive Midfielder,Team Training,MD-2,Wednesday,23,Team Training,65,6276,96.5,166,166,91,91,52,52,302,316,4.64,4.64,74,3,4,4,2,2,1,1,29.4,31.8,22,22,,11,11,6,6,4,4,,,,,,,0.34,0.34,5.95,3.2,21,21,10,10,6,6,4,4,,,,,,,0.33,0.33,-4.76,-3.06,18.2,10.7,30,185,161,115,461,514,6.5,6.5,1.9,1.9,138,157,187,197,49.3,6.1,6/3/2026,6/3/2026,
Christos Mouzakitis,Christos,Mouzakitis,Defensive Midfielder,Team Training,MD-2,Wednesday,23,Team Training,88,8394,95.4,199,199,109,109,58,58,362,346,4.12,4.12,82,3,4,4,2,2,1,1,28.3,32.4,31,31,,15,15,9,9,6,6,,,,,,,0.35,0.35,4.98,4.47,30,30,15,15,9,9,6,6,,,,,,,0.34,0.34,-4.74,-5.42,19.8,17.8,40,277,242,173,693,819,8.8,8.8,2.6,2.6,138,210,196,194,50.5,5.8,6/3/2026,6/3/2026,
Tasos Bakasetas,Tasos,Bakasetas,Offensive Midfielder,Team Training,MD-2,Wednesday,23,Team Training,65,5467,84.1,195,195,106,106,77,77,355,361,5.46,5.46,110,5,4,4,2,2,1,1,29.8,32.9,18,18,,9,9,5,5,3,3,,,,,,,0.29,0.29,5.03,3.57,19,19,9,9,5,5,3,3,,,,,,,0.3,0.3,-6.23,-4.17,18.9,9.9,26,152,133,95,379,439,6.5,6.5,1.9,1.9,147,137,193,195,50.8,3.2,6/3/2026,6/3/2026,
Petros Mantalos,Petros,Mantalos,Offensive Midfielder,Team Training,MD-2,Wednesday,23,Team Training,72,5841,81.1,210,210,114,114,64,64,381,369,5.3,5.3,92,3,5,5,2,2,1,1,28.7,32.9,22,22,,11,11,6,6,4,4,,,,,,,0.32,0.32,5.97,3.92,22,22,11,11,6,6,4,4,,,,,,,0.31,0.31,-5.54,-4.53,13.5,12.1,25,196,171,122,489,547,7.2,7.2,2.2,2.2,150,146,194,193,48.9,2.4,6/3/2026,6/3/2026,
Giannis Konstantelias,Giannis,Konstantelias,Offensive Midfielder,Team Training,MD-2,Wednesday,23,Team Training,65,5739,88.3,174,174,95,95,86,86,317,310,4.88,4.88,123,5,4,4,2,2,1,1,29.0,33.5,19,19,,9,9,5,5,3,3,,,,,,,0.3,0.3,5.62,4.54,18,18,9,9,5,5,3,3,,,,,,,0.28,0.28,-5.94,-3.03,10.9,14.5,25,179,156,112,447,517,6.5,6.5,1.9,1.9,136,143,193,196,48.7,2.4,6/3/2026,6/3/2026,
Dimitris Pelkas,Dimitris,Pelkas,Offensive Midfielder,Team Training,MD-2,Wednesday,23,Team Training,65,5393,83.0,171,171,93,93,65,65,311,315,4.78,4.78,93,4,4,4,2,2,1,1,30.5,33.2,20,20,,10,10,6,6,4,4,,,,,,,0.31,0.31,5.58,3.83,20,20,10,10,6,6,4,4,,,,,,,0.32,0.32,-6.15,-3.36,11.5,16.8,22,152,133,95,381,412,6.5,6.5,1.9,1.9,146,135,185,197,50.9,4.0,6/3/2026,6/3/2026,
Konstantinos Karetsas,Konstantinos,Karetsas,Winger,Team Training,MD-2,Wednesday,23,Team Training,88,7234,82.2,365,365,199,199,127,127,663,626,7.53,7.53,182,7,9,9,4,4,2,2,30.6,35.5,21,21,,10,10,6,6,4,4,,,,,,,0.25,0.25,6.07,4.05,20,20,10,10,6,6,4,4,,,,,,,0.23,0.23,-5.25,-4.44,9.9,18.1,34,229,201,143,573,670,8.8,8.8,2.6,2.6,153,181,187,196,48.5,2.9,6/3/2026,6/3/2026,
Christos Tzolis,Christos,Tzolis,Winger,Team Training,MD-2,Wednesday,23,Team Training,80,6393,79.9,274,274,149,149,142,142,498,517,6.22,6.22,203,7,6,6,3,3,2,2,31.9,34.8,21,21,,10,10,6,6,4,4,,,,,,,0.26,0.26,4.7,4.55,21,21,10,10,6,6,4,4,,,,,,,0.27,0.27,-5.26,-3.31,16.1,11.9,32,193,169,121,484,544,8.0,8.0,2.4,2.4,148,160,188,195,51.5,4.0,6/3/2026,6/3/2026,
Giorgos Masouras,Giorgos,Masouras,Winger,Team Training,MD-2,Wednesday,23,Team Training,65,6173,95.0,250,250,137,137,113,113,455,430,7.0,7.0,161,6,6,6,3,3,2,2,31.6,35.7,21,21,,10,10,6,6,4,4,,,,,,,0.33,0.33,5.14,3.4,22,22,11,11,6,6,4,4,,,,,,,0.34,0.34,-4.68,-3.57,18.9,11.6,29,179,157,112,448,528,6.5,6.5,1.9,1.9,151,154,190,195,50.3,4.1,6/3/2026,6/3/2026,
Vangelis Pavlidis,Vangelis,Pavlidis,Striker,Team Training,MD-2,Wednesday,23,Team Training,72,6584,91.4,275,275,150,150,122,122,500,451,6.95,6.95,174,5,6,6,3,3,2,2,31.2,34.6,21,21,,10,10,6,6,4,4,,,,,,,0.29,0.29,4.62,4.53,19,19,9,9,5,5,3,3,,,,,,,0.28,0.28,-4.71,-5.49,15.6,9.6,34,187,164,117,469,521,7.2,7.2,2.2,2.2,138,165,195,196,50.7,8.3,6/3/2026,6/3/2026,
Fotis Ioannidis,Fotis,Ioannidis,Striker,Team Training,MD-2,Wednesday,23,Team Training,80,6861,85.8,311,311,170,170,112,112,565,520,7.06,7.06,160,5,7,7,3,3,2,2,30.2,34.7,20,20,,10,10,6,6,4,4,,,,,,,0.26,0.26,4.65,5.24,19,19,9,9,5,5,3,3,,,,,,,0.24,0.24,-6.47,-4.5,14.9,10.5,31,201,176,126,504,595,8.0,8.0,2.4,2.4,154,172,191,194,50.3,5.9,6/3/2026,6/3/2026,
Konstantinos Tzolakis,Konstantinos,Tzolakis,Goalkeeper,Team Training,MD-1,Thursday,23,Team Training,65,1921,29.5,17,17,9,9,4,4,31,28,0.48,0.48,6,0,0,0,0,0,0,0,24.2,27.6,6,6,,3,3,1,1,1,1,,,,,,,0.09,0.09,4.83,4.67,5,5,2,2,1,1,1,1,,,,,,,0.09,0.09,-4.53,-3.17,19.3,11.9,7,65,57,40,162,194,6.5,6.5,1.9,1.9,152,48,190,192,48.2,8.1,6/4/2026,6/4/2026,
Odysseas Vlachodimos,Odysseas,Vlachodimos,Goalkeeper,Team Training,MD-1,Thursday,23,Team Training,88,2538,28.8,19,19,10,10,6,6,35,33,0.39,0.39,9,0,0,0,0,0,0,0,24.6,27.5,9,9,,4,4,2,2,1,1,,,,,,,0.1,0.1,5.25,3.27,9,9,4,4,2,2,1,1,,,,,,,0.11,0.11,-5.88,-5.76,11.2,12.9,12,70,62,44,176,185,8.8,8.8,2.6,2.6,136,63,196,195,50.5,3.7,6/4/2026,6/4/2026,
Christos Mandas,Christos,Mandas,Goalkeeper,Team Training,MD-1,Thursday,23,Team Training,65,1774,27.3,13,13,7,7,4,4,24,24,0.37,0.37,6,0,0,0,0,0,0,0,24.3,27.4,6,6,,3,3,1,1,1,1,,,,,,,0.1,0.1,4.87,5.42,5,5,2,2,1,1,1,1,,,,,,,0.09,0.09,-4.79,-4.35,16.6,19.1,8,57,50,35,142,161,6.5,6.5,1.9,1.9,152,44,186,192,51.4,6.0,6/4/2026,6/4/2026,
Giorgos Vagiannidis,Giorgos,Vagiannidis,Full Back,Team Training,MD-1,Thursday,23,Team Training,88,6158,70.0,229,229,125,125,89,89,416,381,4.73,4.73,127,4,5,5,2,2,1,1,31.1,34.3,19,19,,9,9,5,5,3,3,,,,,,,0.23,0.23,5.43,4.33,19,19,9,9,5,5,3,3,,,,,,,0.23,0.23,-5.54,-5.55,8.2,19.1,25,196,172,123,491,576,8.8,8.8,2.6,2.6,143,154,196,199,49.2,8.8,6/4/2026,6/4/2026,
Kostas Tsimikas,Kostas,Tsimikas,Full Back,Team Training,MD-1,Thursday,23,Team Training,72,4714,65.5,198,198,108,108,81,81,360,354,5.01,5.01,116,3,4,4,2,2,1,1,31.1,34.1,17,17,,8,8,5,5,3,3,,,,,,,0.24,0.24,5.21,3.37,16,16,8,8,4,4,3,3,,,,,,,0.23,0.23,-5.63,-3.78,18.1,8.6,20,131,115,82,328,391,7.2,7.2,2.2,2.2,137,118,193,200,50.1,8.6,6/4/2026,6/4/2026,
Lazaros Rota,Lazaros,Rota,Full Back,Team Training,MD-1,Thursday,23,Team Training,88,5908,67.1,255,255,139,139,87,87,463,418,5.26,5.26,124,4,6,6,3,3,1,1,30.0,34.6,22,22,,11,11,6,6,4,4,,,,,,,0.26,0.26,5.23,3.7,20,20,10,10,6,6,4,4,,,,,,,0.23,0.23,-5.68,-4.87,8.5,11.5,30,193,168,120,481,519,8.8,8.8,2.6,2.6,145,148,194,197,48.4,5.1,6/4/2026,6/4/2026,
Ntinos Mavropanos,Ntinos,Mavropanos,Central Defender,Team Training,MD-1,Thursday,23,Team Training,72,3783,52.5,92,92,50,50,33,33,167,159,2.32,2.32,47,1,2,2,1,1,0,0,29.1,32.3,15,15,,7,7,4,4,3,3,,,,,,,0.21,0.21,5.53,4.48,13,13,6,6,4,4,2,2,,,,,,,0.19,0.19,-5.3,-3.53,15.7,16.7,17,108,95,68,271,299,7.2,7.2,2.2,2.2,146,95,192,199,50.5,7.1,6/4/2026,6/4/2026,
Konstantinos Koulierakis,Konstantinos,Koulierakis,Central Defender,Team Training,MD-1,Thursday,23,Team Training,80,4438,55.5,126,126,69,69,42,42,229,231,2.86,2.86,60,2,3,3,1,1,0,0,27.9,32.3,15,15,,7,7,4,4,3,3,,,,,,,0.2,0.2,5.49,4.94,14,14,7,7,4,4,2,2,,,,,,,0.18,0.18,-4.76,-5.49,9.5,9.8,18,149,131,93,373,423,8.0,8.0,2.4,2.4,142,111,191,193,51.5,4.2,6/4/2026,6/4/2026,
Pantelis Hatzidiakos,Pantelis,Hatzidiakos,Central Defender,Team Training,MD-1,Thursday,23,Team Training,72,4068,56.5,102,102,56,56,32,32,185,176,2.57,2.57,46,2,2,2,1,1,0,0,28.8,31.7,14,14,,7,7,4,4,2,2,,,,,,,0.2,0.2,5.28,4.22,15,15,7,7,4,4,3,3,,,,,,,0.21,0.21,-4.58,-4.28,8.2,16.3,16,129,113,81,322,376,7.2,7.2,2.2,2.2,147,102,193,198,48.1,7.7,6/4/2026,6/4/2026,
Panagiotis Retsos,Panagiotis,Retsos,Central Defender,Team Training,MD-1,Thursday,23,Team Training,72,4178,58.0,108,108,59,59,30,30,197,182,2.74,2.74,43,2,2,2,1,1,0,0,28.4,32.5,13,13,,6,6,4,4,2,2,,,,,,,0.19,0.19,5.51,3.91,13,13,6,6,3,3,2,2,,,,,,,0.18,0.18,-5.84,-4.65,15.0,14.1,16,137,120,86,344,404,7.2,7.2,2.2,2.2,138,104,192,198,49.2,7.8,6/4/2026,6/4/2026,
Giorgos Kiriakopoulos,Giorgos,Kiriakopoulos,Full Back,Team Training,MD-1,Thursday,23,Team Training,72,4884,67.8,194,194,106,106,62,62,353,339,4.9,4.9,88,3,4,4,2,2,1,1,31.1,33.8,17,17,,8,8,5,5,3,3,,,,,,,0.25,0.25,5.92,5.09,17,17,8,8,5,5,3,3,,,,,,,0.24,0.24,-4.63,-3.09,17.2,13.1,19,160,140,100,400,436,7.2,7.2,2.2,2.2,149,122,191,192,48.8,4.9,6/4/2026,6/4/2026,
Dimitris Kourbelis,Dimitris,Kourbelis,Defensive Midfielder,Team Training,MD-1,Thursday,23,Team Training,65,4312,66.3,112,112,61,61,43,43,203,184,3.13,3.13,61,2,2,2,1,1,0,0,28.5,32.4,15,15,,7,7,4,4,3,3,,,,,,,0.23,0.23,5.99,4.16,14,14,7,7,4,4,2,2,,,,,,,0.23,0.23,-5.14,-3.6,13.6,12.0,18,121,106,76,303,347,6.5,6.5,1.9,1.9,146,108,186,196,49.4,6.2,6/4/2026,6/4/2026,
Christos Zafeiris,Christos,Zafeiris,Defensive Midfielder,Team Training,MD-1,Thursday,23,Team Training,72,5139,71.4,137,137,75,75,46,46,250,240,3.47,3.47,66,2,3,3,1,1,0,0,29.5,32.3,16,16,,8,8,4,4,3,3,,,,,,,0.22,0.22,5.66,3.44,15,15,7,7,4,4,3,3,,,,,,,0.22,0.22,-5.5,-3.73,9.9,8.9,21,158,138,99,395,419,7.2,7.2,2.2,2.2,142,128,187,197,48.3,7.0,6/4/2026,6/4/2026,
Manolis Siopis,Manolis,Siopis,Defensive Midfielder,Team Training,MD-1,Thursday,23,Team Training,80,5560,69.5,150,150,82,82,55,55,273,252,3.42,3.42,78,2,3,3,1,1,1,1,28.7,32.2,22,22,,11,11,6,6,4,4,,,,,,,0.28,0.28,6.11,3.64,21,21,10,10,6,6,4,4,,,,,,,0.27,0.27,-5.59,-5.61,16.1,17.0,24,188,165,118,470,548,8.0,8.0,2.4,2.4,151,139,187,197,51.8,3.5,6/4/2026,6/4/2026,
Christos Mouzakitis,Christos,Mouzakitis,Defensive Midfielder,Team Training,MD-1,Thursday,23,Team Training,88,6117,69.5,164,164,90,90,56,56,298,303,3.39,3.39,80,3,4,4,1,1,1,1,27.8,32.0,20,20,,10,10,6,6,4,4,,,,,,,0.23,0.23,4.6,4.47,21,21,10,10,6,6,4,4,,,,,,,0.24,0.24,-5.86,-5.1,12.9,12.4,27,178,156,111,445,496,8.8,8.8,2.6,2.6,151,153,185,200,48.0,3.7,6/4/2026,6/4/2026,
Tasos Bakasetas,Tasos,Bakasetas,Offensive Midfielder,Team Training,MD-1,Thursday,23,Team Training,72,4504,62.6,160,160,87,87,56,56,290,266,4.03,4.03,80,3,3,3,1,1,1,1,29.5,33.4,17,17,,8,8,5,5,3,3,,,,,,,0.24,0.24,5.07,4.06,15,15,7,7,4,4,3,3,,,,,,,0.22,0.22,-6.32,-5.33,9.0,10.0,23,142,124,88,354,421,7.2,7.2,2.2,2.2,141,113,191,194,50.1,6.3,6/4/2026,6/4/2026,
Petros Mantalos,Petros,Mantalos,Offensive Midfielder,Team Training,MD-1,Thursday,23,Team Training,65,3805,58.5,141,141,77,77,39,39,257,241,3.96,3.96,56,2,3,3,1,1,0,0,28.9,33.0,14,14,,7,7,4,4,2,2,,,,,,,0.22,0.22,5.13,4.88,13,13,6,6,3,3,2,2,,,,,,,0.2,0.2,-4.71,-4.15,8.3,8.9,15,117,102,73,292,344,6.5,6.5,1.9,1.9,149,95,186,200,49.4,3.3,6/4/2026,6/4/2026,
Giannis Konstantelias,Giannis,Konstantelias,Offensive Midfielder,Team Training,MD-1,Thursday,23,Team Training,88,5172,58.8,150,150,82,82,66,66,273,261,3.1,3.1,95,3,3,3,1,1,1,1,30.3,33.6,19,19,,9,9,5,5,3,3,,,,,,,0.22,0.22,5.57,3.23,19,19,9,9,5,5,3,3,,,,,,,0.22,0.22,-5.45,-4.58,10.8,15.9,26,147,128,92,366,432,8.8,8.8,2.6,2.6,154,129,194,196,50.7,8.3,6/4/2026,6/4/2026,
Dimitris Pelkas,Dimitris,Pelkas,Offensive Midfielder,Team Training,MD-1,Thursday,23,Team Training,72,4110,57.1,135,135,73,73,52,52,245,250,3.4,3.4,75,3,3,3,1,1,1,1,30.2,33.0,16,16,,8,8,4,4,3,3,,,,,,,0.22,0.22,4.57,3.7,15,15,7,7,4,4,3,3,,,,,,,0.21,0.21,-4.78,-4.49,9.3,18.9,16,126,110,79,315,341,7.2,7.2,2.2,2.2,137,103,192,200,51.6,6.5,6/4/2026,6/4/2026,
Konstantinos Karetsas,Konstantinos,Karetsas,Winger,Team Training,MD-1,Thursday,23,Team Training,88,4905,55.7,210,210,115,115,82,82,382,368,4.34,4.34,118,5,5,5,2,2,1,1,32.3,35.1,18,18,,9,9,5,5,3,3,,,,,,,0.21,0.21,5.09,3.53,17,17,8,8,5,5,3,3,,,,,,,0.2,0.2,-6.45,-4.7,14.5,9.5,24,144,126,90,360,390,8.8,8.8,2.6,2.6,139,123,196,195,50.0,9.0,6/4/2026,6/4/2026,
Christos Tzolis,Christos,Tzolis,Winger,Team Training,MD-1,Thursday,23,Team Training,72,3972,55.2,169,169,92,92,63,63,307,287,4.26,4.26,90,3,4,4,2,2,1,1,31.2,35.0,13,13,,6,6,4,4,2,2,,,,,,,0.19,0.19,5.81,3.79,12,12,6,6,3,3,2,2,,,,,,,0.17,0.17,-5.21,-5.78,9.7,12.3,15,130,113,81,324,381,7.2,7.2,2.2,2.2,151,99,192,194,49.4,7.1,6/4/2026,6/4/2026,
Giorgos Masouras,Giorgos,Masouras,Winger,Team Training,MD-1,Thursday,23,Team Training,72,4240,58.9,214,214,117,117,94,94,390,388,5.41,5.41,134,5,5,5,2,2,1,1,30.5,34.8,15,15,,7,7,4,4,3,3,,,,,,,0.21,0.21,4.77,3.73,14,14,7,7,4,4,2,2,,,,,,,0.19,0.19,-6.38,-4.29,14.5,14.9,20,136,119,85,340,398,7.2,7.2,2.2,2.2,143,106,191,193,51.3,3.5,6/4/2026,6/4/2026,
Vangelis Pavlidis,Vangelis,Pavlidis,Striker,Team Training,MD-1,Thursday,23,Team Training,65,3930,60.5,166,166,90,90,63,63,301,301,4.63,4.63,90,3,4,4,2,2,1,1,30.4,34.4,15,15,,7,7,4,4,3,3,,,,,,,0.23,0.23,5.41,5.38,15,15,7,7,4,4,3,3,,,,,,,0.23,0.23,-4.66,-5.26,13.8,14.2,16,112,98,70,279,334,6.5,6.5,1.9,1.9,150,98,196,192,50.5,7.4,6/4/2026,6/4/2026,
Fotis Ioannidis,Fotis,Ioannidis,Striker,Team Training,MD-1,Thursday,23,Team Training,80,4257,53.2,167,167,91,91,69,69,304,274,3.8,3.8,99,4,4,4,2,2,1,1,30.3,34.4,16,16,,8,8,4,4,3,3,,,,,,,0.2,0.2,5.31,3.91,16,16,8,8,4,4,3,3,,,,,,,0.2,0.2,-6.43,-3.35,19.7,8.4,19,133,116,83,332,380,8.0,8.0,2.4,2.4,151,106,186,198,51.8,5.5,6/4/2026,6/4/2026,
Konstantinos Tzolakis,Konstantinos,Tzolakis,Goalkeeper,GRE - SWE,Match Day,Friday,23,Entire Session,90,5591,62.1,71,71,39,39,23,23,130,126,1.44,1.44,33,1,1,1,0,0,0,0,25.9,27.5,29,29,,14,14,8,8,5,5,,,,,,,0.32,0.32,5.18,4.83,28,28,14,14,8,8,5,5,,,,,,,0.31,0.31,-6.45,-5.04,9.8,9.9,28,182,159,114,455,515,16.2,16.2,5.4,5.4,164,140,191,200,52.0,8.7,6/5/2026,6/5/2026,
Dimitris Kourbelis,Dimitris,Kourbelis,Defensive Midfielder,GRE - SWE,Match Day,Friday,23,Entire Session,90,12502,138.9,425,425,232,232,207,207,772,728,8.58,8.58,296,10,10,10,5,5,4,4,31.4,32.3,50,50,,25,25,15,15,10,10,,,,,,,0.56,0.56,4.51,3.93,52,52,26,26,15,15,10,10,,,,,,,0.59,0.59,-5.58,-4.53,14.6,14.7,50,380,333,238,950,1054,16.2,16.2,5.4,5.4,159,313,193,200,48.0,8.4,6/5/2026,6/5/2026,
Vangelis Pavlidis,Vangelis,Pavlidis,Striker,GRE - SWE,Match Day,Friday,23,Entire Session,90,10697,118.9,551,551,300,300,293,293,1001,925,11.12,11.12,418,13,13,13,6,6,5,5,32.6,34.3,50,50,,25,25,15,15,10,10,,,,,,,0.56,0.56,5.64,3.23,46,46,23,23,14,14,9,9,,,,,,,0.52,0.52,-5.71,-3.17,19.7,17.6,48,333,291,208,833,955,16.2,16.2,5.4,5.4,157,267,190,193,48.2,6.5,6/5/2026,6/5/2026,
Ntinos Mavropanos,Ntinos,Mavropanos,Central Defender,GRE - SWE,Match Day,Friday,23,Entire Session,90,9568,106.3,394,394,215,215,163,163,716,738,7.96,7.96,232,10,9,9,4,4,3,3,30.9,31.7,41,41,,20,20,12,12,8,8,,,,,,,0.46,0.46,5.54,3.29,40,40,20,20,12,12,8,8,,,,,,,0.45,0.45,-6.19,-3.56,10.8,12.7,43,315,275,197,787,882,16.2,16.2,5.4,5.4,155,239,185,194,50.7,7.5,6/5/2026,6/5/2026,
Giorgos Vagiannidis,Giorgos,Vagiannidis,Full Back,GRE - SWE,Match Day,Friday,23,Entire Session,70,9361,133.7,491,491,268,268,270,270,892,871,12.74,12.74,385,14,12,12,5,5,5,5,34.0,34.4,44,44,,22,22,13,13,8,8,,,,,,,0.64,0.64,4.53,3.21,42,42,21,21,12,12,8,8,,,,,,,0.6,0.6,-6.05,-4.62,15.0,9.8,36,314,274,196,784,850,12.6,12.6,4.2,4.2,160,234,189,197,50.7,3.1,6/5/2026,6/5/2026,
Christos Tzolis,Christos,Tzolis,Winger,GRE - SWE,Match Day,Friday,23,Entire Session,62,7849,126.6,484,484,264,264,297,297,881,894,14.21,14.21,425,16,12,12,5,5,5,5,34.3,35.1,41,41,,20,20,12,12,8,8,,,,,,,0.67,0.67,5.19,4.79,40,40,20,20,12,12,8,8,,,,,,,0.65,0.65,-5.83,-3.01,16.9,14.0,39,222,194,139,554,593,11.2,11.2,3.7,3.7,158,196,187,193,51.7,5.3,6/5/2026,6/5/2026,
Konstantinos Karetsas,Konstantinos,Karetsas,Winger,GRE - SWE,Match Day,Friday,23,Entire Session,90,10474,116.4,652,652,356,356,392,392,1186,1116,13.18,13.18,559,16,16,16,7,7,7,7,33.2,35.5,51,51,,25,25,15,15,10,10,,,,,,,0.57,0.57,4.73,3.42,52,52,26,26,15,15,10,10,,,,,,,0.59,0.59,-4.88,-3.52,16.4,12.6,45,327,286,205,818,870,16.2,16.2,5.4,5.4,167,262,189,194,51.0,2.2,6/5/2026,6/5/2026,
Konstantinos Koulierakis,Konstantinos,Koulierakis,Central Defender,GRE - SWE,Match Day,Friday,23,Entire Session,62,6924,111.7,300,300,164,164,104,104,546,519,8.8,8.8,149,6,7,7,3,3,2,2,31.6,32.2,32,32,,16,16,9,9,6,6,,,,,,,0.53,0.53,5.99,4.48,30,30,15,15,9,9,6,6,,,,,,,0.5,0.5,-5.54,-3.16,14.5,17.5,34,201,175,125,501,554,11.2,11.2,3.7,3.7,161,173,185,197,50.8,5.6,6/5/2026,6/5/2026,
Tasos Bakasetas,Tasos,Bakasetas,Offensive Midfielder,GRE - SWE,Match Day,Friday,23,Entire Session,90,11861,131.8,503,503,275,275,338,338,915,868,10.17,10.17,482,19,12,12,6,6,6,6,32.8,33.4,54,54,,27,27,16,16,10,10,,,,,,,0.6,0.6,6.2,4.86,52,52,26,26,15,15,10,10,,,,,,,0.58,0.58,-5.97,-5.23,11.6,12.7,51,347,304,217,867,926,16.2,16.2,5.4,5.4,162,297,189,198,51.1,8.9,6/5/2026,6/5/2026,
Kostas Tsimikas,Kostas,Tsimikas,Full Back,GRE - SWE,Match Day,Friday,23,Entire Session,90,11582,128.7,701,701,383,383,312,312,1275,1192,14.17,14.17,446,18,17,17,8,8,6,6,33.7,33.8,50,50,,25,25,15,15,10,10,,,,,,,0.56,0.56,5.54,4.73,51,51,25,25,15,15,10,10,,,,,,,0.57,0.57,-5.87,-3.65,11.3,14.3,57,348,305,218,870,1043,16.2,16.2,5.4,5.4,164,290,187,194,51.6,6.4,6/5/2026,6/5/2026,
Christos Zafeiris,Christos,Zafeiris,Defensive Midfielder,GRE - SWE,Match Day,Friday,23,Entire Session,78,10574,135.6,459,459,251,251,157,157,835,811,10.71,10.71,225,9,11,11,5,5,3,3,31.5,32.6,43,43,,21,21,13,13,8,8,,,,,,,0.56,0.56,5.67,3.66,42,42,21,21,12,12,8,8,,,,,,,0.54,0.54,-4.81,-3.25,12.5,19.6,48,315,275,197,786,829,14.0,14.0,4.7,4.7,161,264,185,195,51.5,7.6,6/5/2026,6/5/2026,
Giannis Konstantelias,Giannis,Konstantelias,Offensive Midfielder,GRE - SWE,Match Day,Friday,23,Entire Session,35,3898,111.4,163,163,89,89,101,101,296,307,8.47,8.47,145,6,4,4,1,1,2,2,33.0,33.0,18,18,,9,9,5,5,3,3,,,,,,,0.52,0.52,5.24,5.33,16,16,8,8,5,5,3,3,,,,,,,0.49,0.49,-5.24,-4.34,18.1,16.0,17,128,112,80,319,382,6.3,6.3,2.1,2.1,157,97,190,200,48.7,2.4,6/5/2026,6/5/2026,
Panagiotis Retsos,Panagiotis,Retsos,Central Defender,GRE - SWE,Match Day,Friday,23,Entire Session,28,2932,104.7,122,122,66,66,42,42,221,200,7.89,7.89,60,2,3,3,1,1,0,0,30.3,32.2,11,11,,5,5,3,3,2,2,,,,,,,0.42,0.42,5.33,5.28,10,10,5,5,3,3,2,2,,,,,,,0.37,0.37,-6.27,-3.52,8.7,11.1,15,84,73,52,209,238,5.0,5.0,1.7,1.7,157,73,190,197,50.5,2.2,6/5/2026,6/5/2026,
Giorgos Masouras,Giorgos,Masouras,Winger,GRE - SWE,Match Day,Friday,23,Entire Session,12,1460,121.6,100,100,55,55,60,60,183,184,15.22,15.22,85,3,2,2,1,1,1,1,35.1,35.4,7,7,,3,3,2,2,1,1,,,,,,,0.62,0.62,6.16,4.54,6,6,3,3,2,2,1,1,,,,,,,0.57,0.57,-4.56,-5.02,16.6,9.6,7,43,37,27,106,127,2.2,2.2,0.7,0.7,162,36,190,197,50.5,7.1,6/5/2026,6/5/2026,
Manolis Siopis,Manolis,Siopis,Defensive Midfielder,GRE - SWE,Match Day,Friday,23,Entire Session,35,4221,120.6,137,137,75,75,65,65,248,228,7.1,7.1,94,3,3,3,1,1,1,1,30.9,32.2,21,21,,10,10,6,6,4,4,,,,,,,0.61,0.61,6.18,3.46,20,20,10,10,6,6,4,4,,,,,,,0.57,0.57,-6.41,-4.22,15.2,9.9,18,136,119,85,339,369,6.3,6.3,2.1,2.1,153,106,197,199,49.8,5.3,6/5/2026,6/5/2026,
Christos Mouzakitis,Christos,Mouzakitis,Defensive Midfielder,GRE - SWE,Match Day,Friday,23,Entire Session,20,2413,120.7,98,98,54,54,40,40,179,177,8.94,8.94,57,2,2,2,1,1,0,0,31.2,32.5,9,9,,4,4,2,2,1,1,,,,,,,0.49,0.49,5.87,5.12,8,8,4,4,2,2,1,1,,,,,,,0.45,0.45,-4.84,-5.57,13.5,10.6,12,69,60,43,171,204,3.6,3.6,1.2,1.2,157,60,186,199,48.2,6.3,6/5/2026,6/5/2026,
Konstantinos Tzolakis,Konstantinos,Tzolakis,Goalkeeper,Team Training,MD+1 Recovery,Saturday,23,Recovery,35,835,23.9,8,8,4,4,2,2,15,14,0.42,0.42,2,0,0,0,0,0,0,0,24.6,26.7,3,3,,1,1,0,0,0,0,,,,,,,0.09,0.09,5.73,5.06,3,3,1,1,0,0,0,0,,,,,,,0.09,0.09,-6.18,-5.39,16.2,18.4,3,28,25,18,71,80,3.5,3.5,1.1,1.1,136,21,193,194,51.6,8.8,6/6/2026,6/6/2026,
Odysseas Vlachodimos,Odysseas,Vlachodimos,Goalkeeper,Team Training,MD+1 Recovery,Saturday,23,Recovery,25,681,27.2,6,6,3,3,2,2,11,11,0.44,0.44,2,0,0,0,0,0,0,0,23.9,27.5,2,2,,1,1,0,0,0,0,,,,,,,0.11,0.11,5.39,3.94,2,2,1,1,0,0,0,0,,,,,,,0.11,0.11,-5.43,-5.01,11.0,11.1,2,22,19,14,54,65,2.5,2.5,0.8,0.8,136,17,195,194,48.9,6.7,6/6/2026,6/6/2026,
Christos Mandas,Christos,Mandas,Goalkeeper,Team Training,MD+1 Recovery,Saturday,23,Recovery,25,657,26.3,6,6,3,3,2,2,11,10,0.42,0.42,2,0,0,0,0,0,0,0,23.7,27.6,2,2,,1,1,0,0,0,0,,,,,,,0.1,0.1,5.81,3.54,2,2,1,1,0,0,0,0,,,,,,,0.09,0.09,-5.64,-5.71,14.0,8.9,2,22,19,14,55,61,2.5,2.5,0.8,0.8,154,16,191,197,51.9,5.3,6/6/2026,6/6/2026,
Giorgos Vagiannidis,Giorgos,Vagiannidis,Full Back,Team Training,MD+1 Recovery,Saturday,23,Recovery,45,2362,52.5,85,85,46,46,34,34,155,145,3.44,3.44,48,2,2,2,1,1,0,0,29.6,34.2,8,8,,4,4,2,2,1,1,,,,,,,0.19,0.19,4.83,3.95,8,8,4,4,2,2,1,1,,,,,,,0.19,0.19,-4.97,-5.78,13.0,10.6,11,74,65,46,186,197,4.5,4.5,1.3,1.3,144,59,190,196,50.9,5.6,6/6/2026,6/6/2026,
Kostas Tsimikas,Kostas,Tsimikas,Full Back,Team Training,MD+1 Recovery,Saturday,23,Recovery,35,1700,48.6,73,73,40,40,24,24,133,123,3.8,3.8,34,1,1,1,0,0,0,0,30.7,34.6,5,5,,2,2,1,1,1,1,,,,,,,0.15,0.15,4.95,4.69,5,5,2,2,1,1,1,1,,,,,,,0.15,0.15,-4.53,-3.57,16.6,8.2,7,53,47,33,133,144,3.5,3.5,1.1,1.1,135,43,196,192,51.1,8.5,6/6/2026,6/6/2026,
Lazaros Rota,Lazaros,Rota,Full Back,Team Training,MD+1 Recovery,Saturday,23,Recovery,35,1736,49.6,68,68,37,37,27,27,123,123,3.51,3.51,38,1,1,1,0,0,0,0,30.7,33.9,5,5,,2,2,1,1,1,1,,,,,,,0.17,0.17,5.15,4.14,5,5,2,2,1,1,1,1,,,,,,,0.17,0.17,-6.46,-5.0,13.8,15.0,8,54,47,33,134,152,3.5,3.5,1.1,1.1,151,43,194,193,48.2,3.6,6/6/2026,6/6/2026,
Ntinos Mavropanos,Ntinos,Mavropanos,Central Defender,Team Training,MD+1 Recovery,Saturday,23,Recovery,25,1163,46.5,32,32,17,17,11,11,58,54,2.3,2.3,15,1,0,0,0,0,0,0,29.1,31.9,4,4,,2,2,1,1,0,0,,,,,,,0.18,0.18,5.41,5.19,4,4,2,2,1,1,0,0,,,,,,,0.16,0.16,-5.5,-3.77,10.8,9.5,5,33,29,21,83,92,2.5,2.5,0.8,0.8,152,29,194,200,48.2,3.8,6/6/2026,6/6/2026,
Konstantinos Koulierakis,Konstantinos,Koulierakis,Central Defender,Team Training,MD+1 Recovery,Saturday,23,Recovery,25,1044,41.7,31,31,17,17,7,7,57,56,2.27,2.27,10,0,0,0,0,0,0,0,28.5,32.5,3,3,,1,1,1,1,0,0,,,,,,,0.15,0.15,5.81,3.64,3,3,1,1,1,1,0,0,,,,,,,0.16,0.16,-5.58,-3.15,12.9,13.8,4,31,27,19,77,89,2.5,2.5,0.8,0.8,145,26,196,193,48.7,8.0,6/6/2026,6/6/2026,
Pantelis Hatzidiakos,Pantelis,Hatzidiakos,Central Defender,Team Training,MD+1 Recovery,Saturday,23,Recovery,25,1078,43.1,30,30,16,16,9,9,54,49,2.17,2.17,12,1,0,0,0,0,0,0,29.1,32.0,3,3,,1,1,1,1,0,0,,,,,,,0.14,0.14,4.71,4.07,3,3,1,1,0,0,0,0,,,,,,,0.13,0.13,-4.68,-4.56,15.3,11.6,4,32,28,20,80,86,2.5,2.5,0.8,0.8,141,27,196,196,48.1,6.6,6/6/2026,6/6/2026,
Panagiotis Retsos,Panagiotis,Retsos,Central Defender,Team Training,MD+1 Recovery,Saturday,23,Recovery,25,1195,47.8,35,35,19,19,9,9,64,58,2.57,2.57,13,0,0,0,0,0,0,0,28.0,32.5,4,4,,2,2,1,1,0,0,,,,,,,0.18,0.18,4.77,4.58,4,4,2,2,1,1,0,0,,,,,,,0.17,0.17,-5.65,-4.29,15.8,18.5,4,37,32,23,92,103,2.5,2.5,0.8,0.8,151,30,185,196,50.9,3.5,6/6/2026,6/6/2026,
Giorgos Kiriakopoulos,Giorgos,Kiriakopoulos,Full Back,Team Training,MD+1 Recovery,Saturday,23,Recovery,45,2594,57.6,105,105,57,57,39,39,192,182,4.26,4.26,56,2,2,2,1,1,0,0,30.0,34.6,8,8,,4,4,2,2,1,1,,,,,,,0.19,0.19,4.66,4.59,8,8,4,4,2,2,1,1,,,,,,,0.19,0.19,-4.65,-4.17,9.1,9.4,10,78,68,49,195,212,4.5,4.5,1.3,1.3,153,65,190,200,48.2,5.4,6/6/2026,6/6/2026,
Dimitris Kourbelis,Dimitris,Kourbelis,Defensive Midfielder,Team Training,MD+1 Recovery,Saturday,23,Recovery,45,2473,54.9,59,59,32,32,18,18,108,102,2.4,2.4,25,1,1,1,0,0,0,0,28.6,32.4,9,9,,4,4,2,2,1,1,,,,,,,0.21,0.21,6.03,4.23,9,9,4,4,2,2,1,1,,,,,,,0.21,0.21,-6.25,-4.21,12.2,13.5,12,72,63,45,181,197,4.5,4.5,1.3,1.3,142,62,189,198,50.8,4.6,6/6/2026,6/6/2026,
Christos Zafeiris,Christos,Zafeiris,Defensive Midfielder,Team Training,MD+1 Recovery,Saturday,23,Recovery,25,1477,59.1,41,41,23,23,11,11,75,70,3.01,3.01,15,1,1,1,0,0,0,0,28.0,32.1,4,4,,2,2,1,1,0,0,,,,,,,0.18,0.18,5.6,3.25,4,4,2,2,1,1,0,0,,,,,,,0.17,0.17,-5.24,-3.6,19.7,18.9,6,45,40,28,113,136,2.5,2.5,0.8,0.8,135,37,187,200,49.5,8.0,6/6/2026,6/6/2026,
Manolis Siopis,Manolis,Siopis,Defensive Midfielder,Team Training,MD+1 Recovery,Saturday,23,Recovery,35,1967,56.2,56,56,31,31,13,13,102,98,2.92,2.92,19,1,1,1,0,0,0,0,28.0,32.0,7,7,,3,3,2,2,1,1,,,,,,,0.23,0.23,5.43,5.16,7,7,3,3,2,2,1,1,,,,,,,0.22,0.22,-5.81,-5.5,10.1,12.0,8,63,55,39,157,167,3.5,3.5,1.1,1.1,154,49,192,195,50.2,6.8,6/6/2026,6/6/2026,
Christos Mouzakitis,Christos,Mouzakitis,Defensive Midfielder,Team Training,MD+1 Recovery,Saturday,23,Recovery,25,1364,54.6,33,33,18,18,12,12,59,58,2.37,2.37,17,1,0,0,0,0,0,0,28.5,32.5,4,4,,2,2,1,1,0,0,,,,,,,0.2,0.2,5.41,3.38,4,4,2,2,1,1,0,0,,,,,,,0.18,0.18,-6.23,-5.05,11.1,15.1,6,44,39,28,111,133,2.5,2.5,0.8,0.8,137,34,190,198,49.3,8.4,6/6/2026,6/6/2026,
Tasos Bakasetas,Tasos,Bakasetas,Offensive Midfielder,Team Training,MD+1 Recovery,Saturday,23,Recovery,25,1431,57.2,47,47,26,26,19,19,85,85,3.4,3.4,28,1,1,1,0,0,0,0,30.0,33.7,4,4,,2,2,1,1,0,0,,,,,,,0.2,0.2,5.73,5.36,4,4,2,2,1,1,0,0,,,,,,,0.19,0.19,-6.42,-4.7,18.2,10.6,6,43,38,27,108,114,2.5,2.5,0.8,0.8,147,36,191,192,49.4,8.1,6/6/2026,6/6/2026,
Petros Mantalos,Petros,Mantalos,Offensive Midfielder,Team Training,MD+1 Recovery,Saturday,23,Recovery,35,1767,50.5,59,59,32,32,26,26,107,105,3.06,3.06,37,2,1,1,0,0,0,0,30.4,33.3,6,6,,3,3,1,1,1,1,,,,,,,0.17,0.17,5.73,4.93,6,6,3,3,1,1,1,1,,,,,,,0.17,0.17,-4.54,-4.97,14.3,8.1,7,52,46,33,130,151,3.5,3.5,1.1,1.1,140,44,195,198,51.5,2.4,6/6/2026,6/6/2026,
Giannis Konstantelias,Giannis,Konstantelias,Offensive Midfielder,Team Training,MD+1 Recovery,Saturday,23,Recovery,25,1188,47.5,34,34,19,19,16,16,63,64,2.5,2.5,23,1,0,0,0,0,0,0,30.2,33.5,3,3,,1,1,1,1,0,0,,,,,,,0.15,0.15,4.6,3.7,3,3,1,1,1,1,0,0,,,,,,,0.14,0.14,-6.47,-3.22,16.3,12.6,5,34,30,21,84,98,2.5,2.5,0.8,0.8,154,30,190,197,51.3,2.2,6/6/2026,6/6/2026,
Dimitris Pelkas,Dimitris,Pelkas,Offensive Midfielder,Team Training,MD+1 Recovery,Saturday,23,Recovery,25,1437,57.5,45,45,25,25,21,21,82,81,3.29,3.29,30,1,1,1,0,0,0,0,30.3,32.7,4,4,,2,2,1,1,0,0,,,,,,,0.18,0.18,4.78,3.69,4,4,2,2,1,1,0,0,,,,,,,0.18,0.18,-6.25,-3.77,12.6,16.1,7,45,40,28,113,130,2.5,2.5,0.8,0.8,141,36,194,199,48.7,4.2,6/6/2026,6/6/2026,
Konstantinos Karetsas,Konstantinos,Karetsas,Winger,Team Training,MD+1 Recovery,Saturday,23,Recovery,35,1751,50.0,77,77,42,42,27,27,140,130,4.0,4.0,39,1,1,1,0,0,0,0,31.3,34.8,5,5,,2,2,1,1,1,1,,,,,,,0.15,0.15,5.48,4.48,5,5,2,2,1,1,1,1,,,,,,,0.15,0.15,-5.08,-4.1,13.6,11.9,8,52,46,33,130,149,3.5,3.5,1.1,1.1,147,44,196,198,48.3,6.7,6/6/2026,6/6/2026,
Christos Tzolis,Christos,Tzolis,Winger,Team Training,MD+1 Recovery,Saturday,23,Recovery,25,1186,47.4,58,58,32,32,19,19,106,96,4.24,4.24,27,1,1,1,0,0,0,0,32.0,35.2,4,4,,2,2,1,1,0,0,,,,,,,0.16,0.16,5.26,5.34,4,4,2,2,1,1,0,0,,,,,,,0.17,0.17,-4.84,-4.1,18.7,17.1,5,37,32,23,92,99,2.5,2.5,0.8,0.8,143,30,197,195,49.5,5.5,6/6/2026,6/6/2026,
Giorgos Masouras,Giorgos,Masouras,Winger,Team Training,MD+1 Recovery,Saturday,23,Recovery,35,1916,54.7,86,86,47,47,34,34,156,160,4.47,4.47,48,2,2,2,1,1,0,0,31.1,35.1,7,7,,3,3,2,2,1,1,,,,,,,0.21,0.21,5.49,3.61,7,7,3,3,2,2,1,1,,,,,,,0.2,0.2,-5.62,-5.01,10.7,15.8,9,54,47,33,134,156,3.5,3.5,1.1,1.1,144,48,194,200,48.1,4.8,6/6/2026,6/6/2026,
Vangelis Pavlidis,Vangelis,Pavlidis,Striker,Team Training,MD+1 Recovery,Saturday,23,Recovery,25,1203,48.1,53,53,29,29,23,23,95,98,3.82,3.82,32,1,1,1,0,0,0,0,29.7,34.1,4,4,,2,2,1,1,0,0,,,,,,,0.16,0.16,5.62,3.95,3,3,1,1,1,1,0,0,,,,,,,0.16,0.16,-6.04,-3.8,13.4,13.7,6,40,35,25,100,106,2.5,2.5,0.8,0.8,151,30,186,192,48.0,4.3,6/6/2026,6/6/2026,
Fotis Ioannidis,Fotis,Ioannidis,Striker,Team Training,MD+1 Recovery,Saturday,23,Recovery,25,1177,47.1,53,53,29,29,19,19,96,90,3.85,3.85,28,1,1,1,0,0,0,0,29.8,34.3,3,3,,1,1,1,1,0,0,,,,,,,0.15,0.15,5.52,3.5,3,3,1,1,1,1,0,0,,,,,,,0.15,0.15,-5.59,-3.17,19.3,12.1,5,33,29,21,82,98,2.5,2.5,0.8,0.8,141,29,192,199,48.2,8.5,6/6/2026,6/6/2026,
Konstantinos Tzolakis,Konstantinos,Tzolakis,Goalkeeper,Team Training,MD-1,Sunday,23,Team Training,60,1705,28.4,16,16,9,9,4,4,30,27,0.49,0.49,6,0,0,0,0,0,0,0,23.9,26.8,6,6,,3,3,2,2,1,1,,,,,,,0.11,0.11,5.68,3.33,6,6,3,3,1,1,1,1,,,,,,,0.11,0.11,-6.14,-4.58,10.3,9.5,6,48,42,30,119,129,6.0,6.0,1.8,1.8,146,43,193,200,51.4,7.8,6/7/2026,6/7/2026,
Odysseas Vlachodimos,Odysseas,Vlachodimos,Goalkeeper,Team Training,MD-1,Sunday,23,Team Training,60,1842,30.7,18,18,10,10,3,3,33,33,0.55,0.55,5,0,0,0,0,0,0,0,24.6,27.2,7,7,,3,3,2,2,1,1,,,,,,,0.12,0.12,5.66,4.48,6,6,3,3,2,2,1,1,,,,,,,0.11,0.11,-6.11,-3.08,16.4,19.9,7,58,51,36,144,167,6.0,6.0,1.8,1.8,149,46,188,197,49.7,6.5,6/7/2026,6/7/2026,
Christos Mandas,Christos,Mandas,Goalkeeper,Team Training,MD-1,Sunday,23,Team Training,70,2152,30.7,17,17,9,9,4,4,31,30,0.45,0.45,6,0,0,0,0,0,0,0,23.9,27.4,7,7,,3,3,2,2,1,1,,,,,,,0.11,0.11,4.55,5.02,8,8,4,4,2,2,1,1,,,,,,,0.12,0.12,-5.56,-4.71,17.8,16.6,10,64,56,40,161,181,7.0,7.0,2.1,2.1,154,54,194,199,51.3,6.4,6/7/2026,6/7/2026,
Giorgos Vagiannidis,Giorgos,Vagiannidis,Full Back,Team Training,MD-1,Sunday,23,Team Training,70,4561,65.2,166,166,90,90,79,79,301,309,4.3,4.3,113,4,4,4,2,2,1,1,30.5,34.3,17,17,,8,8,5,5,3,3,,,,,,,0.25,0.25,5.89,4.71,17,17,8,8,5,5,3,3,,,,,,,0.25,0.25,-4.9,-4.93,11.7,12.7,22,141,124,88,353,414,7.0,7.0,2.1,2.1,138,114,185,198,49.6,3.8,6/7/2026,6/7/2026,
Kostas Tsimikas,Kostas,Tsimikas,Full Back,Team Training,MD-1,Sunday,23,Team Training,60,3883,64.7,172,172,94,94,53,53,312,308,5.2,5.2,76,3,4,4,2,2,1,1,31.0,34.3,15,15,,7,7,4,4,3,3,,,,,,,0.26,0.26,5.61,4.73,15,15,7,7,4,4,3,3,,,,,,,0.26,0.26,-4.8,-3.57,17.1,9.0,15,113,99,71,283,337,6.0,6.0,1.8,1.8,139,97,196,198,50.1,7.9,6/7/2026,6/7/2026,
Lazaros Rota,Lazaros,Rota,Full Back,Team Training,MD-1,Sunday,23,Team Training,60,3947,65.8,176,176,96,96,56,56,319,296,5.32,5.32,80,3,4,4,2,2,1,1,30.8,33.9,15,15,,7,7,4,4,3,3,,,,,,,0.25,0.25,5.48,4.22,14,14,7,7,4,4,2,2,,,,,,,0.25,0.25,-4.98,-3.79,15.0,12.3,19,111,98,70,279,325,6.0,6.0,1.8,1.8,146,99,192,200,49.6,6.9,6/7/2026,6/7/2026,
Ntinos Mavropanos,Ntinos,Mavropanos,Central Defender,Team Training,MD-1,Sunday,23,Team Training,60,3201,53.4,78,78,43,43,27,27,142,137,2.37,2.37,38,1,1,1,0,0,0,0,28.1,31.8,12,12,,6,6,3,3,2,2,,,,,,,0.22,0.22,6.14,5.31,13,13,6,6,3,3,2,2,,,,,,,0.22,0.22,-5.96,-4.48,11.4,15.6,13,97,85,60,241,278,6.0,6.0,1.8,1.8,139,80,196,199,50.7,5.9,6/7/2026,6/7/2026,
Konstantinos Koulierakis,Konstantinos,Koulierakis,Central Defender,Team Training,MD-1,Sunday,23,Team Training,78,4124,52.9,101,101,55,55,28,28,184,169,2.36,2.36,41,1,2,2,1,1,0,0,28.4,31.9,14,14,,7,7,4,4,2,2,,,,,,,0.19,0.19,5.7,4.15,14,14,7,7,4,4,2,2,,,,,,,0.18,0.18,-5.31,-3.91,19.5,19.1,17,129,113,80,322,359,7.8,7.8,2.3,2.3,142,103,197,196,51.2,2.4,6/7/2026,6/7/2026,
Pantelis Hatzidiakos,Pantelis,Hatzidiakos,Central Defender,Team Training,MD-1,Sunday,23,Team Training,78,4348,55.7,98,98,54,54,35,35,179,183,2.29,2.29,50,2,2,2,1,1,0,0,27.9,32.1,13,13,,6,6,3,3,2,2,,,,,,,0.17,0.17,5.36,3.49,12,12,6,6,3,3,2,2,,,,,,,0.17,0.17,-5.97,-4.39,8.3,9.6,21,134,117,83,334,381,7.8,7.8,2.3,2.3,150,109,186,192,50.7,2.6,6/7/2026,6/7/2026,
Panagiotis Retsos,Panagiotis,Retsos,Central Defender,Team Training,MD-1,Sunday,23,Team Training,70,4067,58.1,105,105,57,57,41,41,190,180,2.72,2.72,58,2,2,2,1,1,0,0,28.9,32.3,14,14,,7,7,4,4,2,2,,,,,,,0.21,0.21,5.12,5.28,14,14,7,7,4,4,2,2,,,,,,,0.2,0.2,-4.71,-3.27,15.4,17.9,20,123,107,77,306,337,7.0,7.0,2.1,2.1,141,102,193,193,50.1,8.8,6/7/2026,6/7/2026,
Giorgos Kiriakopoulos,Giorgos,Kiriakopoulos,Full Back,Team Training,MD-1,Sunday,23,Team Training,78,4833,62.0,203,203,111,111,66,66,370,350,4.74,4.74,94,4,5,5,2,2,1,1,30.4,34.4,15,15,,7,7,4,4,3,3,,,,,,,0.2,0.2,5.78,3.64,14,14,7,7,4,4,2,2,,,,,,,0.18,0.18,-5.92,-5.47,18.9,9.5,23,154,135,96,385,445,7.8,7.8,2.3,2.3,142,121,196,200,48.4,5.9,6/7/2026,6/7/2026,
Dimitris Kourbelis,Dimitris,Kourbelis,Defensive Midfielder,Team Training,MD-1,Sunday,23,Team Training,60,4128,68.8,100,100,55,55,29,29,182,173,3.03,3.03,42,1,2,2,1,1,0,0,28.8,31.8,15,15,,7,7,4,4,3,3,,,,,,,0.27,0.27,4.59,5.24,16,16,8,8,4,4,3,3,,,,,,,0.27,0.27,-4.95,-4.76,13.6,14.7,20,129,113,81,322,377,6.0,6.0,1.8,1.8,152,103,195,194,49.1,2.8,6/7/2026,6/7/2026,
Christos Zafeiris,Christos,Zafeiris,Defensive Midfielder,Team Training,MD-1,Sunday,23,Team Training,60,4328,72.1,112,112,61,61,35,35,204,202,3.4,3.4,50,2,2,2,1,1,0,0,28.9,32.4,14,14,,7,7,4,4,2,2,,,,,,,0.25,0.25,5.68,4.93,14,14,7,7,4,4,2,2,,,,,,,0.24,0.24,-6.02,-4.17,16.7,11.4,18,145,127,91,363,433,6.0,6.0,1.8,1.8,152,108,188,200,48.3,2.7,6/7/2026,6/7/2026,
Manolis Siopis,Manolis,Siopis,Defensive Midfielder,Team Training,MD-1,Sunday,23,Team Training,70,4950,70.7,127,127,69,69,34,34,231,222,3.29,3.29,49,2,3,3,1,1,0,0,28.6,32.6,19,19,,9,9,5,5,3,3,,,,,,,0.28,0.28,5.02,4.78,18,18,9,9,5,5,3,3,,,,,,,0.26,0.26,-6.05,-4.31,9.7,17.0,20,166,145,104,416,496,7.0,7.0,2.1,2.1,141,124,194,197,48.1,2.6,6/7/2026,6/7/2026,
Christos Mouzakitis,Christos,Mouzakitis,Defensive Midfielder,Team Training,MD-1,Sunday,23,Team Training,70,4318,61.7,128,128,70,70,38,38,232,238,3.31,3.31,54,2,3,3,1,1,0,0,28.9,32.5,16,16,,8,8,5,5,3,3,,,,,,,0.24,0.24,4.89,4.98,16,16,8,8,4,4,3,3,,,,,,,0.24,0.24,-6.27,-3.11,14.7,16.5,21,120,105,75,300,344,7.0,7.0,2.1,2.1,135,108,187,200,51.7,4.0,6/7/2026,6/7/2026,
Tasos Bakasetas,Tasos,Bakasetas,Offensive Midfielder,Team Training,MD-1,Sunday,23,Team Training,60,4075,67.9,130,130,71,71,53,53,237,223,3.95,3.95,76,3,3,3,1,1,1,1,29.0,33.5,14,14,,7,7,4,4,2,2,,,,,,,0.24,0.24,5.11,4.78,15,15,7,7,4,4,3,3,,,,,,,0.25,0.25,-5.41,-3.8,15.9,14.1,19,136,119,85,341,403,6.0,6.0,1.8,1.8,146,102,186,195,48.4,8.9,6/7/2026,6/7/2026,
Petros Mantalos,Petros,Mantalos,Offensive Midfielder,Team Training,MD-1,Sunday,23,Team Training,70,4837,69.1,158,158,86,86,66,66,288,265,4.12,4.12,94,3,3,3,1,1,1,1,29.6,33.5,17,17,,8,8,5,5,3,3,,,,,,,0.25,0.25,4.72,5.47,17,17,8,8,5,5,3,3,,,,,,,0.25,0.25,-4.83,-3.16,11.9,10.1,21,162,142,101,406,448,7.0,7.0,2.1,2.1,147,121,188,200,49.6,5.6,6/7/2026,6/7/2026,
Giannis Konstantelias,Giannis,Konstantelias,Offensive Midfielder,Team Training,MD-1,Sunday,23,Team Training,70,4112,58.7,127,127,69,69,47,47,231,238,3.3,3.3,67,2,3,3,1,1,0,0,29.6,32.8,15,15,,7,7,4,4,3,3,,,,,,,0.22,0.22,5.46,5.33,14,14,7,7,4,4,2,2,,,,,,,0.2,0.2,-5.43,-4.01,18.1,9.0,16,121,105,75,301,321,7.0,7.0,2.1,2.1,144,103,186,196,51.4,3.1,6/7/2026,6/7/2026,
Dimitris Pelkas,Dimitris,Pelkas,Offensive Midfielder,Team Training,MD-1,Sunday,23,Team Training,60,3398,56.6,125,125,68,68,38,38,228,236,3.79,3.79,54,2,3,3,1,1,0,0,30.3,33.2,13,13,,6,6,4,4,2,2,,,,,,,0.22,0.22,4.96,5.06,13,13,6,6,4,4,2,2,,,,,,,0.23,0.23,-6.32,-4.18,19.8,9.7,13,99,87,62,249,284,6.0,6.0,1.8,1.8,136,85,197,200,51.9,6.3,6/7/2026,6/7/2026,
Konstantinos Karetsas,Konstantinos,Karetsas,Winger,Team Training,MD-1,Sunday,23,Team Training,70,4092,58.5,195,195,106,106,83,83,354,346,5.06,5.06,119,5,4,4,2,2,1,1,31.2,35.5,15,15,,7,7,4,4,3,3,,,,,,,0.22,0.22,4.97,5.24,14,14,7,7,4,4,2,2,,,,,,,0.21,0.21,-5.03,-4.86,11.8,15.2,16,115,100,72,287,307,7.0,7.0,2.1,2.1,148,102,187,197,48.6,3.8,6/7/2026,6/7/2026,
Christos Tzolis,Christos,Tzolis,Winger,Team Training,MD-1,Sunday,23,Team Training,70,4061,58.0,160,160,87,87,73,73,291,297,4.16,4.16,105,4,4,4,1,1,1,1,32.3,35.4,12,12,,6,6,3,3,2,2,,,,,,,0.18,0.18,4.95,4.45,12,12,6,6,3,3,2,2,,,,,,,0.18,0.18,-5.99,-3.1,14.8,9.5,16,122,106,76,304,357,7.0,7.0,2.1,2.1,138,102,187,200,51.8,3.6,6/7/2026,6/7/2026,
Giorgos Masouras,Giorgos,Masouras,Winger,Team Training,MD-1,Sunday,23,Team Training,78,4614,59.2,204,204,111,111,98,98,371,357,4.75,4.75,140,4,5,5,2,2,1,1,30.6,35.7,16,16,,8,8,4,4,3,3,,,,,,,0.21,0.21,5.01,4.22,16,16,8,8,4,4,3,3,,,,,,,0.21,0.21,-6.38,-3.21,12.8,11.5,19,141,124,88,353,379,7.8,7.8,2.3,2.3,145,115,186,195,48.3,5.4,6/7/2026,6/7/2026,
Vangelis Pavlidis,Vangelis,Pavlidis,Striker,Team Training,MD-1,Sunday,23,Team Training,60,3417,57.0,125,125,68,68,46,46,227,216,3.79,3.79,66,2,3,3,1,1,0,0,30.8,34.5,10,10,,5,5,3,3,2,2,,,,,,,0.17,0.17,4.56,4.74,10,10,5,5,3,3,2,2,,,,,,,0.18,0.18,-4.71,-4.61,18.4,17.7,13,97,84,60,241,272,6.0,6.0,1.8,1.8,145,85,191,196,48.5,8.4,6/7/2026,6/7/2026,
Fotis Ioannidis,Fotis,Ioannidis,Striker,Team Training,MD-1,Sunday,23,Team Training,70,4003,57.2,155,155,84,84,80,80,281,265,4.01,4.01,114,5,3,3,1,1,1,1,31.3,33.8,16,16,,8,8,4,4,3,3,,,,,,,0.23,0.23,5.81,3.76,16,16,8,8,5,5,3,3,,,,,,,0.24,0.24,-5.07,-4.79,17.2,13.3,16,118,104,74,296,332,7.0,7.0,2.1,2.1,152,100,188,200,48.6,3.7,6/7/2026,6/7/2026,
Konstantinos Tzolakis,Konstantinos,Tzolakis,Goalkeeper,GRE - ITA,Match Day,Tuesday,24,Entire Session,78,4797,61.5,65,65,36,36,18,18,119,119,1.53,1.53,26,1,1,1,0,0,0,0,26.3,26.8,22,22,,11,11,6,6,4,4,,,,,,,0.29,0.29,4.99,4.87,21,21,10,10,6,6,4,4,,,,,,,0.28,0.28,-4.87,-3.15,13.6,14.4,24,137,120,86,343,405,14.0,14.0,4.7,4.7,159,120,189,199,48.0,4.2,6/9/2026,6/9/2026,
Christos Zafeiris,Christos,Zafeiris,Defensive Midfielder,GRE - ITA,Match Day,Tuesday,24,Entire Session,90,11572,128.6,430,430,234,234,191,191,781,719,8.68,8.68,272,11,10,10,5,5,3,3,30.7,32.6,59,59,,29,29,17,17,11,11,,,,,,,0.66,0.66,5.76,5.12,56,56,28,28,16,16,11,11,,,,,,,0.62,0.62,-4.9,-3.65,9.4,12.2,53,352,308,220,880,1017,16.2,16.2,5.4,5.4,155,289,193,194,48.5,6.5,6/9/2026,6/9/2026,
Christos Tzolis,Christos,Tzolis,Winger,GRE - ITA,Match Day,Tuesday,24,Entire Session,90,11571,128.6,788,788,430,430,364,364,1432,1326,15.91,15.91,520,20,19,19,9,9,7,7,34.8,35.3,59,59,,29,29,17,17,11,11,,,,,,,0.66,0.66,5.61,4.81,55,55,27,27,16,16,11,11,,,,,,,0.62,0.62,-4.86,-3.98,10.4,17.7,46,373,327,233,933,1095,16.2,16.2,5.4,5.4,165,289,197,200,48.9,7.6,6/9/2026,6/9/2026,
Tasos Bakasetas,Tasos,Bakasetas,Offensive Midfielder,GRE - ITA,Match Day,Tuesday,24,Entire Session,90,10957,121.7,446,446,243,243,327,327,810,828,9.01,9.01,468,18,11,11,5,5,6,6,31.9,33.6,45,45,,22,22,13,13,9,9,,,,,,,0.51,0.51,6.04,5.28,40,40,20,20,12,12,8,8,,,,,,,0.46,0.46,-5.49,-5.11,16.4,17.3,48,366,320,229,915,1065,16.2,16.2,5.4,5.4,160,274,188,200,48.2,8.3,6/9/2026,6/9/2026,
Vangelis Pavlidis,Vangelis,Pavlidis,Striker,GRE - ITA,Match Day,Tuesday,24,Entire Session,78,8629,110.6,492,492,268,268,333,333,894,900,11.47,11.47,475,14,12,12,5,5,6,6,33.4,34.3,43,43,,21,21,13,13,8,8,,,,,,,0.56,0.56,6.04,3.59,40,40,20,20,12,12,8,8,,,,,,,0.52,0.52,-6.28,-3.97,9.9,18.9,33,290,254,181,725,761,14.0,14.0,4.7,4.7,160,216,194,200,51.6,7.0,6/9/2026,6/9/2026,
Konstantinos Koulierakis,Konstantinos,Koulierakis,Central Defender,GRE - ITA,Match Day,Tuesday,24,Entire Session,90,8822,98.0,326,326,178,178,136,136,594,608,6.59,6.59,194,8,8,8,3,3,2,2,31.2,32.1,37,37,,18,18,11,11,7,7,,,,,,,0.42,0.42,5.84,3.81,33,33,16,16,10,10,6,6,,,,,,,0.37,0.37,-5.07,-3.51,18.9,12.3,44,276,242,173,690,756,16.2,16.2,5.4,5.4,159,221,190,195,51.8,6.5,6/9/2026,6/9/2026,
Konstantinos Karetsas,Konstantinos,Karetsas,Winger,GRE - ITA,Match Day,Tuesday,24,Entire Session,90,10118,112.4,581,581,317,317,447,447,1057,980,11.74,11.74,638,24,14,14,7,7,8,8,35.2,35.1,39,39,,19,19,11,11,7,7,,,,,,,0.44,0.44,5.6,3.99,39,39,19,19,11,11,7,7,,,,,,,0.44,0.44,-5.35,-3.62,16.2,13.0,50,331,289,207,826,896,16.2,16.2,5.4,5.4,159,253,195,199,51.0,6.4,6/9/2026,6/9/2026,
Giorgos Vagiannidis,Giorgos,Vagiannidis,Full Back,GRE - ITA,Match Day,Tuesday,24,Entire Session,62,7009,113.1,402,402,219,219,187,187,731,721,11.79,11.79,268,10,10,10,4,4,3,3,33.3,34.5,28,28,,14,14,8,8,5,5,,,,,,,0.46,0.46,4.56,5.32,26,26,13,13,7,7,5,5,,,,,,,0.42,0.42,-6.16,-3.65,8.4,17.2,31,208,182,130,520,610,11.2,11.2,3.7,3.7,153,175,188,192,48.0,6.8,6/9/2026,6/9/2026,
Kostas Tsimikas,Kostas,Tsimikas,Full Back,GRE - ITA,Match Day,Tuesday,24,Entire Session,90,10325,114.7,659,659,360,360,294,294,1199,1141,13.32,13.32,420,15,16,16,7,7,5,5,32.5,34.2,53,53,,26,26,16,16,10,10,,,,,,,0.59,0.59,5.97,3.42,54,54,27,27,16,16,10,10,,,,,,,0.6,0.6,-5.19,-4.16,14.7,15.2,46,305,267,190,762,820,16.2,16.2,5.4,5.4,154,258,192,195,48.5,5.2,6/9/2026,6/9/2026,
Ntinos Mavropanos,Ntinos,Mavropanos,Central Defender,GRE - ITA,Match Day,Tuesday,24,Entire Session,90,10025,111.4,349,349,190,190,145,145,635,597,7.05,7.05,207,7,8,8,4,4,2,2,31.8,32.7,45,45,,22,22,13,13,9,9,,,,,,,0.51,0.51,5.43,3.54,41,41,20,20,12,12,8,8,,,,,,,0.47,0.47,-6.41,-4.46,17.6,19.5,40,314,275,196,785,841,16.2,16.2,5.4,5.4,158,251,185,197,48.4,3.8,6/9/2026,6/9/2026,
Dimitris Kourbelis,Dimitris,Kourbelis,Defensive Midfielder,GRE - ITA,Match Day,Tuesday,24,Entire Session,90,11140,123.8,422,422,230,230,165,165,768,700,8.53,8.53,236,8,10,10,5,5,3,3,31.8,32.2,56,56,,28,28,17,17,11,11,,,,,,,0.63,0.63,5.42,3.34,51,51,25,25,15,15,10,10,,,,,,,0.58,0.58,-6.47,-5.15,14.3,15.1,48,341,298,213,852,1018,16.2,16.2,5.4,5.4,151,278,189,195,49.1,4.8,6/9/2026,6/9/2026,
Petros Mantalos,Petros,Mantalos,Offensive Midfielder,GRE - ITA,Match Day,Tuesday,24,Entire Session,20,2378,118.9,101,101,55,55,63,63,184,173,9.19,9.19,90,3,2,2,1,1,1,1,32.4,33.3,9,9,,4,4,2,2,1,1,,,,,,,0.46,0.46,6.01,3.56,8,8,4,4,2,2,1,1,,,,,,,0.44,0.44,-6.34,-4.47,10.8,18.9,12,76,66,47,189,223,3.6,3.6,1.2,1.2,152,59,190,194,50.9,8.5,6/9/2026,6/9/2026,
Giannis Konstantelias,Giannis,Konstantelias,Offensive Midfielder,GRE - ITA,Match Day,Tuesday,24,Entire Session,35,4108,117.4,218,218,119,119,110,110,397,401,11.34,11.34,157,6,5,5,2,2,2,2,33.0,33.3,16,16,,8,8,4,4,3,3,,,,,,,0.46,0.46,5.94,5.12,15,15,7,7,4,4,3,3,,,,,,,0.43,0.43,-6.38,-3.47,9.2,8.4,20,137,120,86,343,383,6.3,6.3,2.1,2.1,166,103,186,195,49.5,2.5,6/9/2026,6/9/2026,
Giorgos Kiriakopoulos,Giorgos,Kiriakopoulos,Full Back,GRE - ITA,Match Day,Tuesday,24,Entire Session,28,3383,120.8,217,217,119,119,87,87,395,385,14.12,14.12,125,4,5,5,2,2,1,1,33.1,34.5,15,15,,7,7,4,4,3,3,,,,,,,0.54,0.54,5.53,3.27,15,15,7,7,4,4,3,3,,,,,,,0.55,0.55,-6.44,-5.74,16.8,12.1,14,111,97,70,279,298,5.0,5.0,1.7,1.7,158,85,195,193,49.9,7.6,6/9/2026,6/9/2026,
Giorgos Masouras,Giorgos,Masouras,Winger,GRE - ITA,Match Day,Tuesday,24,Entire Session,45,5054,112.3,280,280,153,153,185,185,508,492,11.3,11.3,264,10,6,6,3,3,3,3,34.1,34.9,21,21,,10,10,6,6,4,4,,,,,,,0.48,0.48,5.41,3.47,22,22,11,11,6,6,4,4,,,,,,,0.5,0.5,-4.59,-4.9,14.0,14.5,23,158,138,99,396,448,8.1,8.1,2.7,2.7,157,126,188,198,51.3,2.1,6/9/2026,6/9/2026,
Dimitris Pelkas,Dimitris,Pelkas,Offensive Midfielder,GRE - ITA,Match Day,Tuesday,24,Entire Session,12,1330,110.8,69,69,38,38,36,36,126,120,10.47,10.47,52,2,1,1,0,0,0,0,31.7,33.4,5,5,,2,2,1,1,1,1,,,,,,,0.45,0.45,5.83,5.0,5,5,2,2,1,1,1,1,,,,,,,0.46,0.46,-5.13,-3.96,16.6,18.3,5,43,37,27,106,119,2.2,2.2,0.7,0.7,151,33,197,194,48.2,6.4,6/9/2026,6/9/2026,
